Order_ID,Order_Date,Customer_ID,Store_ID,Employee_ID,Order_Status,Gross_Amount,Discount_Amount,Tax_Amount,Net_Amount
1,2026-06-22 13:08:44,295,12,72,Completed,185557.32,0.0,33400.32,218957.64
2,2026-01-11 10:02:01,490,10,55,Completed,186853.95,12856.78,31319.49,205316.66
3,2026-03-04 10:31:59,82,4,4,Completed,349577.64,0.0,62923.98,412501.62
4,2026-06-24 21:58:46,166,13,28,Completed,276655.19,40439.92,42518.75,278734.02
5,2025-10-26 21:26:59,54,15,30,Completed,258514.88,30823.86,40984.38,268675.4
6,2026-04-11 20:04:28,314,5,5,Completed,223234.96,0.0,40182.29,263417.25
7,2026-06-22 11:20:06,311,11,11,Completed,147950.05,0.0,26631.01,174581.06
8,2025-08-27 12:16:31,194,3,78,Completed,177500.84,23157.36,27781.83,182125.31
9,2026-05-31 11:27:52,147,4,19,Completed,471171.68,37900.62,77988.79,511259.85
10,2026-06-16 09:40:42,405,4,4,Completed,117469.36,0.0,21144.48,138613.84
11,2026-05-06 14:49:26,18,13,28,Completed,388629.63,0.0,69953.33,458582.96
12,2026-06-19 19:46:58,443,2,47,Completed,485436.48,0.0,87378.57,572815.05
13,2026-02-26 18:52:30,271,8,8,Completed,101612.2,11698.71,16184.43,106097.92
14,2025-04-01 16:27:40,183,10,40,Completed,165499.54,0.0,29789.92,195289.46
15,2025-04-06 21:33:19,37,10,10,Completed,12734.47,683.62,2169.15,14220.0
16,2026-01-30 17:21:01,256,4,4,Completed,277206.36,0.0,49897.14,327103.5
17,2026-06-13 20:22:04,482,5,35,Completed,349540.07,0.0,62917.21,412457.28
18,2026-06-14 18:15:54,81,5,5,Completed,131106.09,17428.27,20462.01,134139.83
19,2025-10-11 18:03:34,313,9,39,Completed,216874.91,0.0,39037.48,255912.39
20,2026-04-22 19:01:02,57,10,70,Completed,183941.76,10762.1,31172.34,204352.0
21,2026-06-26 21:03:08,134,4,34,Completed,144059.96,0.0,25930.79,169990.75
22,2026-06-11 09:15:31,419,12,42,Completed,439370.5,50121.76,70064.77,459313.51
23,2026-06-26 10:26:38,486,10,10,Completed,171361.3,0.0,30845.03,202206.33
24,2026-06-29 11:17:46,476,2,77,Pending,631104.22,0.0,113598.76,744702.98
25,2026-06-19 19:22:27,19,8,68,Completed,189835.24,22725.57,30079.74,197189.41
26,2025-10-28 09:01:49,401,14,14,Completed,369195.78,0.0,66455.24,435651.02
27,2026-03-09 19:47:01,101,9,54,Completed,266174.29,0.0,47911.37,314085.66
28,2026-06-03 15:44:27,27,7,52,Returned,328103.38,0.0,59058.61,387161.99
29,2026-06-07 14:22:12,60,8,8,Completed,278160.36,21015.64,46286.05,303430.77
30,2025-05-07 10:37:00,471,1,16,Completed,31569.75,1350.37,5439.49,35658.87
31,2026-06-11 09:51:00,383,13,73,Completed,13284.1,0.0,2391.14,15675.24
32,2025-11-17 09:08:28,128,14,14,Completed,406629.91,16734.76,70181.13,460076.28
33,2026-06-20 19:56:15,23,6,51,Returned,360008.24,0.0,64801.48,424809.72
34,2025-06-25 19:07:42,67,10,70,Completed,479217.25,61279.06,75228.87,493167.06
35,2026-05-05 20:47:52,129,9,24,Returned,168226.37,2827.49,29771.8,195170.68
36,2025-07-04 20:19:23,469,14,14,Completed,86218.16,1932.43,15171.43,99457.16
37,2025-10-31 17:57:17,150,14,74,Completed,390676.52,0.0,70321.77,460998.29
38,2024-10-20 14:57:26,278,9,9,Completed,432142.83,0.0,77785.71,509928.54
39,2025-08-28 12:58:08,319,8,23,Completed,32524.93,0.0,5854.49,38379.42
40,2026-06-06 17:13:07,267,4,34,Completed,235249.41,2898.34,41823.19,274174.26
41,2026-05-08 12:44:28,418,13,28,Completed,257468.08,21544.85,42466.18,278389.41
42,2026-06-29 09:17:17,233,2,2,Completed,18398.94,0.0,3311.81,21710.75
43,2025-08-04 13:54:39,154,14,14,Completed,107553.76,0.0,19359.68,126913.44
44,2026-03-06 16:02:14,10,14,59,Completed,316284.31,39682.43,49788.34,326390.22
45,2026-03-14 09:42:19,95,11,26,Pending,303249.4,0.0,54584.89,357834.29
46,2026-06-30 18:48:57,391,6,6,Completed,311808.91,9063.93,54494.1,357239.08
47,2026-06-09 21:37:13,425,15,45,Completed,236894.08,0.0,42640.93,279535.01
48,2026-02-14 15:50:46,175,12,72,Completed,138674.26,0.0,24961.37,163635.63
49,2026-06-15 15:46:59,386,1,1,Completed,32072.59,0.0,5773.07,37845.66
50,2026-01-03 18:46:36,440,9,54,Completed,560263.49,0.0,100847.43,661110.92
51,2025-07-09 20:59:15,134,3,63,Completed,52616.25,0.0,9470.92,62087.17
52,2026-05-12 10:15:49,8,5,50,Completed,239392.06,0.0,43090.57,282482.63
53,2025-07-08 18:17:23,173,10,70,Completed,62697.94,0.0,11285.63,73983.57
54,2026-05-06 10:19:36,129,13,73,Completed,316094.95,6587.63,55711.32,365218.64
55,2026-06-02 16:01:28,429,5,5,Returned,599489.18,0.0,107908.05,707397.23
56,2026-06-29 12:26:03,19,6,66,Completed,233544.7,0.0,42038.05,275582.75
57,2026-06-16 14:04:28,41,5,50,Returned,229073.05,0.0,41233.15,270306.2
58,2026-06-10 16:08:14,393,13,43,Completed,32367.18,0.0,5826.09,38193.27
59,2026-06-26 09:14:07,76,14,74,Completed,168758.97,9909.93,28592.83,187441.87
60,2026-06-06 16:37:20,95,11,41,Pending,192543.23,17804.82,31452.91,206191.32
61,2026-03-29 13:16:01,368,4,4,Completed,1057706.18,0.0,190387.11,1248093.29
62,2026-05-02 20:02:38,440,14,59,Returned,266731.85,26142.13,43306.15,283895.87
63,2026-06-28 10:32:04,56,2,77,Completed,567458.14,0.0,102142.47,669600.61
64,2026-05-26 10:41:27,167,10,55,Returned,635389.96,0.0,114370.19,749760.15
65,2026-06-30 21:23:21,74,1,31,Cancelled,362224.05,44368.76,57213.95,375069.24
66,2026-05-01 13:39:01,460,11,26,Completed,212904.28,0.0,38322.77,251227.05
67,2026-06-21 09:06:38,23,5,5,Completed,161558.02,17306.58,25965.26,170216.7
68,2025-01-06 15:53:37,161,9,39,Pending,265077.85,0.0,47714.01,312791.86
69,2026-06-25 19:05:04,372,3,63,Returned,1002206.78,0.0,180397.22,1182604.0
70,2025-05-16 17:51:03,115,10,70,Completed,331676.25,0.0,59701.72,391377.97
71,2025-02-28 13:12:53,338,9,54,Completed,295320.6,31900.23,47415.67,310836.04
72,2025-07-31 21:49:23,467,4,34,Completed,104254.18,13102.59,16407.29,107558.88
73,2026-05-14 16:46:56,162,12,12,Completed,154643.19,0.0,27835.77,182478.96
74,2026-06-30 14:41:30,41,6,6,Completed,179908.66,0.0,32383.56,212292.22
75,2026-05-20 18:52:52,230,13,58,Returned,219919.73,0.0,39585.55,259505.28
76,2026-06-22 19:37:42,474,9,24,Completed,28709.44,956.56,4995.52,32748.4
77,2026-05-27 14:07:05,134,13,43,Completed,50937.88,0.0,9168.82,60106.7
78,2026-02-20 19:56:49,259,3,78,Completed,331712.73,0.0,59708.29,391421.02
79,2025-10-02 11:07:26,93,15,75,Completed,272281.77,0.0,49010.72,321292.49
80,2025-08-27 11:55:02,284,12,57,Completed,359186.1,29805.77,59288.46,388668.79
81,2025-08-25 11:32:55,13,12,27,Completed,208143.09,0.0,37465.76,245608.85
82,2025-09-09 11:25:44,199,15,75,Completed,250219.6,0.0,45039.53,295259.13
83,2026-05-20 14:37:38,365,5,5,Completed,367562.24,6505.05,64990.29,426047.48
84,2026-05-13 16:58:26,370,1,1,Completed,149365.88,0.0,26885.86,176251.74
85,2025-12-08 21:30:44,380,14,59,Completed,47532.44,0.0,8555.84,56088.28
86,2025-11-26 11:57:00,94,12,72,Completed,121532.44,0.0,21875.84,143408.28
87,2026-02-22 15:20:28,190,11,41,Completed,405853.68,0.0,73053.66,478907.34
88,2026-04-10 12:19:31,370,10,55,Completed,149490.32,0.0,26908.26,176398.58
89,2026-06-16 14:24:20,289,9,54,Completed,656024.18,0.0,118084.35,774108.53
90,2026-06-19 20:13:27,489,3,3,Completed,225632.13,0.0,40613.78,266245.91
91,2026-05-26 14:18:10,295,15,45,Completed,104465.86,0.0,18803.85,123269.71
92,2025-11-25 11:18:58,141,8,23,Completed,283096.63,6526.66,49782.59,326352.56
93,2026-05-20 19:17:09,311,13,13,Completed,304997.03,0.0,54899.47,359896.5
94,2026-05-31 11:01:38,283,14,74,Completed,85190.16,2310.12,14918.41,97798.45
95,2025-07-24 16:53:52,492,15,30,Pending,155862.08,0.0,28055.17,183917.25
96,2026-05-31 20:28:33,105,5,50,Completed,151445.52,0.0,27260.19,178705.71
97,2026-04-22 16:56:27,233,5,5,Completed,1889.76,0.0,340.16,2229.92
98,2026-06-11 20:42:07,45,14,14,Returned,413400.76,32772.13,68513.15,449141.78
99,2026-06-16 14:10:32,412,2,32,Completed,217145.72,0.0,39086.23,256231.95
100,2026-03-09 19:49:04,233,11,41,Completed,546551.75,48775.9,89599.65,587375.5
101,2026-06-08 10:59:45,162,15,15,Completed,268841.49,0.0,48391.47,317232.96
102,2026-02-16 19:00:15,163,4,4,Completed,109672.56,0.0,19741.06,129413.62
103,2026-06-24 12:16:30,193,14,14,Completed,422091.56,0.0,75976.48,498068.04
104,2026-01-08 11:12:40,417,3,63,Completed,393903.31,0.0,70902.6,464805.91
105,2024-06-11 15:04:31,487,9,24,Completed,451460.44,0.0,81262.88,532723.32
106,2026-02-01 15:44:16,107,12,27,Completed,211970.6,0.0,38154.71,250125.31
107,2026-02-08 16:33:42,324,10,40,Cancelled,140709.89,0.0,25327.78,166037.67
108,2026-05-14 19:31:31,450,5,5,Completed,480932.17,0.0,86567.79,567499.96
109,2026-03-27 16:18:06,201,10,55,Completed,227708.36,0.0,40987.5,268695.86
110,2026-05-03 16:20:15,494,15,45,Completed,55244.51,0.0,9944.01,65188.52
111,2026-04-30 19:07:22,60,3,63,Completed,289372.17,0.0,52086.99,341459.16
112,2026-06-27 21:55:31,361,3,63,Completed,293692.85,0.0,52864.71,346557.56
113,2025-08-24 13:32:13,352,4,4,Completed,416790.51,0.0,75022.29,491812.8
114,2026-06-30 21:20:16,401,7,7,Completed,173691.25,0.0,31264.42,204955.67
115,2026-06-22 15:16:58,211,7,52,Completed,309325.71,0.0,55678.63,365004.34
116,2025-12-27 19:52:02,249,12,27,Completed,642.86,22.92,111.59,731.53
117,2026-01-01 12:49:40,210,4,19,Completed,134871.31,4991.3,23378.4,153258.41
118,2025-12-31 18:34:01,496,10,55,Cancelled,161835.9,0.0,29130.46,190966.36
119,2026-05-11 21:45:21,11,13,58,Completed,322279.2,0.0,58010.26,380289.46
120,2026-05-29 19:03:33,393,13,73,Completed,352414.26,0.0,63434.57,415848.83
121,2026-06-30 15:55:45,275,4,19,Completed,1829.17,216.38,290.3,1903.09
122,2025-08-08 15:13:35,411,3,33,Completed,56504.1,0.0,10170.74,66674.84
123,2026-04-27 21:33:06,482,1,1,Completed,78885.15,0.0,14199.33,93084.48
124,2026-04-13 13:19:01,406,8,8,Completed,527039.43,0.0,94867.1,621906.53
125,2025-07-24 13:47:07,396,12,27,Completed,312735.2,0.0,56292.34,369027.54
126,2025-12-01 20:56:17,194,11,26,Completed,38006.23,0.0,6841.12,44847.35
127,2026-06-27 09:00:47,40,2,77,Completed,125703.15,0.0,22626.57,148329.72
128,2025-06-25 20:37:50,310,15,30,Completed,119682.67,0.0,21542.88,141225.55
129,2026-06-30 14:27:32,426,10,55,Completed,204827.0,0.0,36868.86,241695.86
130,2026-05-02 10:16:41,155,5,35,Completed,242926.79,0.0,43726.82,286653.61
131,2026-04-18 12:26:35,193,5,35,Completed,88289.24,0.0,15892.06,104181.3
132,2025-08-06 09:31:46,146,15,30,Completed,384573.22,0.0,69223.18,453796.4
133,2026-06-20 10:28:14,191,13,73,Completed,170385.6,0.0,30669.41,201055.01
134,2026-06-23 14:30:36,13,7,7,Completed,401391.81,0.0,72250.53,473642.34
135,2026-06-26 19:05:06,160,6,21,Completed,279532.84,0.0,50315.91,329848.75
136,2026-06-23 12:05:09,107,14,59,Completed,757027.49,0.0,136264.95,893292.44
137,2026-05-03 21:14:03,430,8,68,Completed,236623.04,0.0,42592.15,279215.19
138,2026-06-16 11:02:20,130,7,52,Completed,329809.08,20433.26,55687.65,365063.47
139,2026-06-12 20:13:48,307,7,7,Completed,372238.54,0.0,67002.94,439241.48
140,2026-05-13 19:15:20,251,9,54,Completed,259494.44,38260.99,39822.02,261055.47
141,2025-12-11 15:44:04,248,9,9,Completed,774330.95,0.0,139379.57,913710.52
142,2026-03-09 20:07:10,388,1,16,Completed,70211.07,0.0,12637.99,82849.06
143,2026-06-27 16:10:40,446,2,2,Completed,189069.53,0.0,34032.52,223102.05
144,2026-02-01 15:00:18,250,3,78,Completed,61882.6,0.0,11138.87,73021.47
145,2026-03-31 14:39:56,151,12,42,Completed,415513.79,0.0,74792.48,490306.27
146,2025-11-01 17:43:13,333,3,18,Completed,369137.94,50762.82,57307.52,375682.64
147,2026-03-29 18:16:30,488,12,42,Completed,101917.14,13160.18,15976.25,104733.21
148,2026-06-06 17:45:53,480,6,21,Completed,560717.96,0.0,100929.23,661647.19
149,2026-06-04 16:04:00,163,7,7,Completed,43832.36,645.27,7773.68,50960.77
150,2025-12-29 16:21:06,97,4,4,Completed,228180.91,26602.16,36284.17,237862.92
151,2025-03-31 14:40:35,240,10,40,Returned,77170.12,5879.42,12832.33,84123.03
152,2026-03-19 13:18:52,177,11,11,Completed,363900.01,0.0,65502.0,429402.01
153,2025-03-18 18:49:25,219,10,55,Cancelled,237607.99,0.0,42769.44,280377.43
154,2024-09-12 18:09:06,288,9,24,Completed,290273.1,18772.99,48870.02,320370.13
155,2025-11-19 10:08:51,144,3,33,Returned,112644.02,9021.13,18652.12,122275.01
156,2026-06-12 18:49:54,331,13,58,Completed,141430.78,0.0,25457.54,166888.32
157,2026-06-17 16:13:10,142,13,73,Pending,76594.41,0.0,13786.99,90381.4
158,2026-05-14 18:09:09,119,4,4,Completed,234828.98,0.0,42269.22,277098.2
159,2025-02-07 09:08:32,448,1,31,Completed,201507.97,22359.6,32246.71,211395.08
160,2026-01-20 13:32:48,218,11,26,Completed,238253.64,0.0,42885.66,281139.3
161,2026-06-19 20:30:22,287,7,52,Completed,441753.09,0.0,79515.56,521268.65
162,2026-06-29 18:53:13,268,6,6,Returned,583928.14,0.0,105107.07,689035.21
163,2026-04-29 11:53:27,485,11,26,Completed,637911.47,0.0,114824.06,752735.53
164,2026-03-24 17:57:27,251,12,42,Completed,36926.78,0.0,6646.82,43573.6
165,2026-02-21 21:42:22,92,1,31,Completed,235030.41,0.0,42305.47,277335.88
166,2025-07-07 14:11:59,110,10,40,Completed,265542.26,33195.23,41822.47,274169.5
167,2026-06-20 17:12:00,6,4,79,Completed,254887.26,0.0,45879.71,300766.97
168,2026-06-22 17:58:00,169,2,47,Completed,117201.09,0.0,21096.2,138297.29
169,2026-04-11 16:25:02,18,11,26,Returned,5038.32,0.0,906.9,5945.22
170,2026-06-26 09:36:52,361,5,35,Pending,307078.2,0.0,55274.08,362352.28
171,2025-12-18 19:29:31,368,15,75,Completed,303693.5,0.0,54664.83,358358.33
172,2026-06-05 21:06:02,384,14,74,Completed,522340.63,0.0,94021.31,616361.94
173,2026-05-22 20:11:55,314,15,30,Completed,558835.68,0.0,100590.42,659426.1
174,2026-05-29 16:40:45,43,7,7,Returned,238175.91,0.0,42871.66,281047.57
175,2025-10-18 12:41:39,50,14,74,Completed,486729.53,0.0,87611.32,574340.85
176,2025-01-09 20:10:57,171,14,74,Returned,618610.08,57346.21,101027.5,662291.37
177,2026-06-22 15:26:53,370,6,6,Completed,137460.14,0.0,24742.83,162202.97
178,2026-06-30 11:46:17,32,2,32,Completed,286895.16,0.0,51641.13,338536.29
179,2026-05-28 12:44:32,228,1,31,Completed,40913.92,2693.77,6879.63,45099.78
180,2026-04-11 13:35:22,326,12,12,Completed,502692.97,0.0,90484.73,593177.7
181,2026-04-10 16:05:07,239,10,10,Completed,491251.97,66385.59,76475.95,501342.33
182,2026-01-18 14:37:40,94,12,12,Cancelled,382735.04,55508.21,58900.83,386127.66
183,2026-06-07 19:23:29,393,3,3,Completed,2587.8,0.0,465.8,3053.6
184,2026-05-31 19:41:57,371,4,34,Returned,140126.82,0.0,25222.83,165349.65
185,2026-05-25 09:24:45,383,13,28,Completed,296633.89,39518.99,46280.68,303395.58
186,2025-09-27 15:14:53,143,3,78,Completed,342569.91,16820.81,58634.84,384383.94
187,2025-09-14 13:44:28,453,4,19,Completed,4934.91,0.0,888.28,5823.19
188,2026-06-12 21:41:33,251,6,51,Returned,73704.98,0.0,13266.9,86971.88
189,2025-11-07 18:24:09,324,11,11,Completed,253721.86,0.0,45669.93,299391.79
190,2025-12-31 19:51:43,108,12,57,Returned,382637.05,52895.26,59353.52,389095.31
191,2026-06-03 17:49:13,107,6,51,Completed,465742.83,0.0,83833.71,549576.54
192,2026-04-21 17:42:40,240,5,5,Completed,377643.27,0.0,67975.79,445619.06
193,2026-02-08 14:36:24,72,8,68,Completed,59210.11,0.0,10657.82,69867.93
194,2025-09-17 19:22:55,462,1,31,Completed,680904.19,0.0,122562.75,803466.94
195,2026-06-16 14:41:57,82,7,52,Completed,341288.12,0.0,61431.86,402719.98
196,2026-06-06 16:34:11,468,6,51,Returned,277102.55,0.0,49878.46,326981.01
197,2026-06-04 18:36:44,225,13,73,Returned,237645.59,0.0,42776.21,280421.8
198,2025-11-23 20:23:38,205,8,8,Completed,366794.59,22642.75,61947.33,406099.17
199,2026-05-28 12:48:59,348,7,52,Completed,100187.73,0.0,18033.79,118221.52
200,2026-06-27 21:17:36,260,2,62,Completed,24531.92,0.0,4415.75,28947.67
201,2025-08-06 13:56:38,15,3,78,Cancelled,556202.18,0.0,100116.39,656318.57
202,2026-06-29 18:48:08,483,9,24,Completed,310598.53,38308.35,49012.23,321302.41
203,2026-05-11 13:50:49,171,13,13,Completed,289627.0,6176.31,51021.12,334471.81
204,2025-10-09 16:00:42,178,8,23,Completed,56252.99,2472.33,9680.52,63461.18
205,2025-09-20 10:11:15,453,3,33,Completed,15107.45,0.0,2719.34,17826.79
206,2026-06-18 19:35:54,224,2,32,Completed,536370.3,0.0,96546.65,632916.95
207,2026-06-22 10:30:35,3,8,8,Completed,218088.89,0.0,39256.0,257344.89
208,2026-04-27 15:53:29,358,4,79,Completed,115298.0,0.0,20753.64,136051.64
209,2026-01-29 11:20:48,391,15,15,Cancelled,429133.09,0.0,77243.96,506377.05
210,2026-05-24 19:46:55,205,13,43,Completed,149373.98,0.0,26887.32,176261.3
211,2025-04-27 16:42:47,202,9,9,Cancelled,104500.65,0.0,18810.12,123310.77
212,2026-04-16 14:23:21,14,4,19,Completed,343866.13,0.0,61895.9,405762.03
213,2026-04-28 19:14:08,1,10,70,Completed,15107.45,0.0,2719.34,17826.79
214,2025-11-06 10:21:24,23,4,34,Completed,163637.96,0.0,29454.83,193092.79
215,2025-12-12 15:43:52,218,3,33,Completed,700760.35,0.0,126136.86,826897.21
216,2026-06-05 15:43:33,134,7,7,Completed,441332.6,0.0,79439.87,520772.47
217,2026-05-28 19:46:06,239,13,13,Completed,54009.72,6996.55,8462.37,55475.54
218,2026-06-26 14:08:36,208,13,13,Completed,205670.06,3712.74,36352.32,238309.64
219,2026-03-22 19:42:25,352,8,8,Completed,332764.88,0.0,59897.68,392662.56
220,2026-05-10 20:40:07,28,5,35,Completed,165446.56,0.0,29780.38,195226.94
221,2026-01-30 14:49:30,411,15,75,Completed,401436.06,21973.4,68303.28,447765.94
222,2025-06-16 21:11:27,433,9,39,Completed,395571.77,0.0,71202.92,466774.69
223,2025-05-01 11:00:21,197,14,74,Cancelled,270759.83,0.0,48736.77,319496.6
224,2025-06-21 17:52:39,363,10,55,Completed,170881.76,17049.18,27689.86,181522.44
225,2026-06-24 13:02:07,233,7,7,Completed,450162.4,0.0,81029.23,531191.63
226,2026-06-29 18:43:23,236,6,6,Completed,161213.97,0.0,29018.51,190232.48
227,2026-05-13 09:34:17,173,11,26,Returned,408045.13,0.0,73448.12,481493.25
228,2026-06-23 14:19:40,183,7,7,Pending,49871.58,7460.61,7633.97,50044.94
229,2026-06-18 20:25:15,58,6,6,Completed,595764.64,0.0,107237.64,703002.28
230,2026-06-18 19:31:27,274,2,32,Completed,100832.01,0.0,18149.76,118981.77
231,2026-04-01 20:52:33,177,8,68,Completed,148759.96,0.0,26776.79,175536.75
232,2026-06-25 09:09:38,21,2,47,Cancelled,247297.0,33068.09,38561.2,252790.11
233,2026-05-30 17:46:05,327,13,13,Completed,233350.07,0.0,42003.01,275353.08
234,2026-03-23 15:01:11,327,12,42,Cancelled,240286.97,0.0,43251.65,283538.62
235,2026-02-13 10:50:12,132,12,12,Returned,250485.07,0.0,45087.31,295572.38
236,2026-05-16 21:03:23,156,10,40,Completed,274715.08,0.0,49448.71,324163.79
237,2026-05-23 20:44:49,111,13,58,Completed,484632.67,0.0,87233.88,571866.55
238,2026-04-01 15:58:11,257,11,11,Completed,119613.4,0.0,21530.41,141143.81
239,2026-06-09 09:50:26,140,1,46,Completed,375526.32,0.0,67594.74,443121.06
240,2026-06-22 21:40:20,141,5,35,Completed,294613.8,0.0,53030.48,347644.28
241,2025-08-19 12:04:39,116,1,76,Completed,174566.12,0.0,31421.9,205988.02
242,2026-02-23 19:38:21,365,10,70,Completed,54176.7,0.0,9751.81,63928.51
243,2025-09-07 14:20:22,244,15,15,Completed,53449.9,0.0,9620.98,63070.88
244,2026-03-29 12:34:44,78,8,68,Completed,392931.96,0.0,70727.75,463659.71
245,2026-04-11 19:54:36,200,5,35,Cancelled,247399.0,0.0,44531.82,291930.82
246,2026-02-06 10:13:47,324,8,68,Returned,105889.02,0.0,19060.02,124949.04
247,2026-05-17 16:43:29,190,5,35,Pending,154279.66,15775.38,24930.77,163435.05
248,2026-05-05 14:36:27,320,10,40,Completed,221441.26,0.0,39859.43,261300.69
249,2026-05-13 12:24:58,392,1,31,Completed,496309.3,6826.67,88106.87,577589.5
250,2025-05-14 15:13:13,194,10,10,Returned,253045.8,0.0,45548.24,298594.04
251,2026-05-26 21:49:47,293,5,5,Cancelled,396109.03,0.0,71299.63,467408.66
252,2026-06-08 15:57:38,282,7,52,Completed,454947.22,0.0,81890.5,536837.72
253,2026-06-22 19:40:48,395,6,6,Returned,502493.9,0.0,90448.9,592942.8
254,2025-07-13 15:31:48,258,9,54,Completed,19739.64,0.0,3553.14,23292.78
255,2026-02-18 11:25:18,423,15,75,Pending,51970.0,0.0,9354.6,61324.6
256,2026-06-21 11:43:58,425,6,66,Completed,83231.13,0.0,14981.6,98212.73
257,2026-02-13 15:12:40,298,11,26,Pending,322154.53,25699.55,53361.9,349816.88
258,2026-06-11 10:38:36,115,3,78,Completed,56220.0,0.0,10119.6,66339.6
259,2026-03-27 12:10:36,485,1,31,Completed,76921.06,0.0,13845.79,90766.85
260,2026-06-14 20:38:56,351,2,47,Completed,138988.09,17848.99,21805.04,142944.14
261,2025-10-02 16:23:46,200,9,24,Completed,497958.69,0.0,89632.56,587591.25
262,2026-01-07 14:08:18,90,8,68,Completed,455526.3,58161.32,71525.7,468890.68
263,2026-02-04 12:43:38,16,4,79,Completed,127360.6,0.0,22924.91,150285.51
264,2026-06-04 17:41:07,124,13,28,Completed,401137.5,37197.57,65509.19,429449.12
265,2026-06-08 16:46:04,429,6,21,Pending,39571.37,0.0,7122.85,46694.22
266,2026-02-25 17:30:55,17,11,41,Completed,87712.87,0.0,15788.32,103501.19
267,2026-06-29 10:45:49,401,7,52,Completed,246334.37,0.0,44340.19,290674.56
268,2026-02-16 16:52:46,274,12,12,Completed,522311.73,0.0,94016.11,616327.84
269,2026-05-28 14:25:45,416,7,67,Returned,1679.44,0.0,302.3,1981.74
270,2026-02-15 21:07:06,323,11,26,Completed,162263.22,0.0,29207.38,191470.6
271,2026-06-23 21:07:46,135,13,73,Completed,379047.36,0.0,68228.52,447275.88
272,2025-12-04 12:50:30,212,11,26,Completed,525171.27,0.0,94530.83,619702.1
273,2026-06-15 20:31:48,50,6,6,Completed,115967.8,4474.27,20068.84,131562.37
274,2026-06-23 16:21:50,134,6,51,Completed,561484.11,40972.85,93692.03,614203.29
275,2025-09-24 21:08:09,133,10,55,Completed,313227.93,0.0,56381.03,369608.96
276,2026-05-18 20:18:19,14,4,34,Cancelled,339817.94,0.0,61167.23,400985.17
277,2025-10-26 20:28:43,82,10,55,Returned,7901.41,0.0,1422.25,9323.66
278,2026-05-15 18:18:54,381,13,28,Completed,118120.41,0.0,21261.67,139382.08
279,2025-12-05 18:19:09,327,4,4,Completed,183941.76,0.0,33109.52,217051.28
280,2026-06-16 18:57:10,133,6,66,Cancelled,326587.3,0.0,58785.71,385373.01
281,2026-05-16 17:20:33,330,3,78,Completed,495979.26,0.0,89276.27,585255.53
282,2025-05-14 17:30:11,444,15,75,Completed,20062.57,0.0,3611.26,23673.83
283,2025-10-08 14:14:19,195,1,76,Completed,401554.01,30630.18,66766.29,437690.12
284,2026-04-22 19:12:22,77,5,50,Completed,42084.41,0.0,7575.19,49659.6
285,2026-06-09 20:54:52,292,15,15,Completed,129760.69,0.0,23356.92,153117.61
286,2026-05-01 12:23:42,269,15,30,Pending,300680.69,0.0,54122.52,354803.21
287,2026-06-30 10:17:35,321,2,47,Cancelled,265601.1,12199.38,45612.31,299014.03
288,2025-08-16 21:03:28,434,12,72,Completed,204317.46,0.0,36777.14,241094.6
289,2025-11-14 20:59:41,127,4,34,Completed,724652.12,0.0,130437.38,855089.5
290,2026-05-23 09:38:17,117,12,57,Completed,183458.65,15650.53,30205.46,198013.58
291,2025-08-08 11:33:19,47,12,27,Completed,352194.88,0.0,63395.08,415589.96
292,2026-06-10 10:34:56,117,4,79,Completed,45094.31,668.29,7996.68,52422.7
293,2026-05-18 16:07:28,164,13,13,Completed,163416.94,0.0,29415.05,192831.99
294,2026-06-20 18:31:19,102,2,77,Completed,580013.2,0.0,104402.38,684415.58
295,2026-06-23 21:41:12,298,7,7,Completed,461476.55,25205.47,78528.79,514799.87
296,2026-01-22 13:48:26,326,10,70,Completed,404850.38,57125.8,62590.42,410315.0
297,2026-01-21 17:30:32,253,11,11,Completed,145348.26,11297.48,24129.14,158179.92
298,2026-06-29 17:15:21,331,5,35,Completed,724591.87,0.0,130426.54,855018.41
299,2026-03-27 16:07:48,288,9,39,Cancelled,93818.08,0.0,16887.25,110705.33
300,2026-03-19 16:31:10,250,1,31,Completed,128231.8,0.0,23081.72,151313.52
301,2026-06-14 10:59:55,390,7,67,Completed,454336.32,0.0,81780.54,536116.86
302,2026-05-27 11:12:49,327,11,41,Completed,311296.39,0.0,56033.35,367329.74
303,2025-12-10 13:20:49,119,4,34,Completed,194492.06,0.0,35008.57,229500.63
304,2026-06-23 18:13:36,53,11,26,Completed,170490.97,0.0,30688.37,201179.34
305,2026-06-09 15:50:10,166,3,18,Completed,252876.27,29308.04,40242.28,263810.51
306,2026-01-20 17:30:41,313,11,11,Completed,446008.77,0.0,80281.58,526290.35
307,2026-05-20 13:30:59,214,13,43,Completed,138078.62,0.0,24854.15,162932.77
308,2026-06-10 14:46:22,156,6,21,Completed,51195.89,0.0,9215.26,60411.15
309,2026-06-07 18:25:48,162,8,23,Completed,224138.2,2734.48,39852.67,261256.39
310,2026-06-21 14:41:51,391,7,7,Completed,118077.66,15223.71,18513.71,121367.66
311,2026-05-07 20:12:13,234,13,43,Completed,322617.92,0.0,58071.23,380689.15
312,2026-04-10 14:27:50,132,5,35,Completed,277807.11,0.0,50005.28,327812.39
313,2026-05-08 18:32:28,286,9,24,Completed,17503.4,0.0,3150.61,20654.01
314,2026-06-19 14:46:30,55,2,32,Cancelled,109522.94,0.0,19714.13,129237.07
315,2026-05-03 20:58:45,304,8,8,Completed,45185.35,0.0,8133.36,53318.71
316,2024-06-20 10:03:40,144,10,70,Completed,323577.08,0.0,58243.87,381820.95
317,2026-06-30 13:07:30,276,6,66,Completed,8690.48,0.0,1564.29,10254.77
318,2026-06-27 11:55:09,384,2,47,Completed,620235.8,0.0,111642.44,731878.24
319,2025-11-08 12:20:36,294,4,4,Completed,207826.65,27938.09,32379.94,212268.5
320,2026-06-13 13:44:01,339,5,50,Completed,30843.42,3040.1,5004.6,32807.92
321,2026-06-25 21:28:47,395,2,47,Completed,263035.12,2924.53,46819.91,306930.5
322,2026-06-08 16:23:21,95,6,66,Completed,36408.28,0.0,6553.49,42961.77
323,2026-03-03 18:47:59,498,12,42,Pending,159688.37,0.0,28743.91,188432.28
324,2026-02-15 15:51:31,62,11,26,Completed,165586.88,13095.87,27448.38,179939.39
325,2026-02-11 14:01:36,426,9,9,Completed,521909.39,77991.04,79905.3,523823.65
326,2026-06-03 17:31:18,17,9,39,Completed,387441.35,0.0,69739.44,457180.79
327,2026-06-16 17:49:07,325,2,2,Completed,244174.76,0.0,43951.46,288126.22
328,2026-03-10 16:39:41,409,9,9,Returned,56252.99,0.0,10125.54,66378.53
329,2026-06-22 16:28:56,385,2,62,Completed,142986.31,15216.31,22998.6,150768.6
330,2024-05-31 11:41:36,379,3,33,Completed,163913.78,0.0,29504.48,193418.26
331,2026-05-07 15:36:18,271,13,58,Pending,43925.21,0.0,7906.54,51831.75
332,2026-05-26 12:20:27,425,7,7,Completed,160337.75,0.0,28860.79,189198.54
333,2026-03-01 16:41:42,439,4,34,Completed,892312.72,0.0,160616.29,1052929.01
334,2026-04-23 18:09:12,421,10,55,Completed,349339.63,0.0,62881.13,412220.76
335,2026-04-19 09:34:38,106,5,5,Cancelled,374461.45,0.0,67403.06,441864.51
336,2026-06-09 14:04:20,21,13,28,Completed,602595.72,0.0,108467.23,711062.95
337,2025-10-22 13:10:27,476,4,19,Returned,37654.92,0.0,6777.89,44432.81
338,2026-05-14 14:01:08,120,15,30,Completed,45322.35,0.0,8158.02,53480.37
339,2026-01-25 09:28:55,484,8,8,Completed,277286.65,0.0,49911.6,327198.25
340,2025-04-23 16:28:25,379,4,79,Completed,217941.88,16379.06,36281.31,237844.13
341,2026-06-02 10:11:32,395,7,67,Completed,791055.94,0.0,142390.07,933446.01
342,2025-05-20 21:13:07,371,9,9,Cancelled,204822.29,3989.43,36149.91,236982.77
343,2025-12-22 15:12:13,380,10,55,Returned,479416.86,0.0,86295.03,565711.89
344,2026-03-07 13:32:07,410,9,39,Cancelled,92316.95,13227.95,14236.02,93325.02
345,2026-01-25 15:54:06,9,1,46,Completed,435637.9,0.0,78414.82,514052.72
346,2026-06-01 19:19:14,485,5,5,Returned,353668.91,25854.74,59006.55,386820.72
347,2026-05-24 15:56:30,44,11,41,Returned,567326.42,0.0,102118.76,669445.18
348,2026-06-28 14:02:09,494,5,50,Completed,229009.64,0.0,41221.74,270231.38
349,2025-12-24 17:09:08,91,10,10,Completed,58381.78,0.0,10508.72,68890.5
350,2025-07-31 20:42:18,391,1,1,Completed,265154.34,0.0,47727.78,312882.12
351,2025-06-22 11:11:59,213,14,14,Completed,30664.9,0.0,5519.68,36184.58
352,2026-01-09 10:50:10,78,12,27,Returned,287803.55,0.0,51804.64,339608.19
353,2026-06-26 14:58:53,105,5,35,Completed,446968.39,0.0,80454.31,527422.7
354,2025-11-13 09:56:30,165,1,1,Pending,136919.18,0.0,24645.45,161564.63
355,2025-04-10 17:24:48,447,3,63,Completed,596927.1,0.0,107446.88,704373.98
356,2025-11-18 09:22:57,269,3,18,Completed,265526.3,22985.11,43657.41,286198.6
357,2026-06-29 16:26:54,215,2,2,Completed,243604.74,34190.91,37694.49,247108.32
358,2025-01-23 13:30:30,226,3,78,Completed,149198.32,0.0,26855.7,176054.02
359,2026-04-23 17:23:39,132,3,33,Completed,147402.03,2741.65,26038.87,170699.25
360,2026-05-05 12:08:14,50,8,23,Completed,196141.49,0.0,35305.47,231446.96
361,2026-03-02 10:47:06,413,3,18,Completed,675748.57,0.0,121634.74,797383.31
362,2025-02-12 12:16:11,145,15,15,Completed,192915.22,0.0,34724.74,227639.96
363,2026-06-22 18:33:33,155,6,66,Completed,479369.55,0.0,86286.52,565656.07
364,2026-05-18 15:23:42,453,5,5,Completed,146347.6,0.0,26342.57,172690.17
365,2026-06-01 21:24:40,378,15,15,Pending,290187.23,0.0,52233.7,342420.93
366,2025-09-23 19:02:53,102,3,3,Completed,271412.35,20067.99,45241.98,296586.34
367,2026-05-26 18:30:30,83,7,52,Completed,114168.07,6157.46,19441.91,127452.52
368,2026-02-09 16:13:29,97,11,41,Completed,43665.81,0.0,7859.85,51525.66
369,2026-04-27 19:49:32,280,8,8,Completed,64606.23,0.0,11629.12,76235.35
370,2025-10-27 14:51:55,173,15,30,Returned,530306.9,41670.73,87954.51,576590.68
371,2026-04-27 19:54:21,282,8,68,Completed,81818.98,3048.11,14178.76,92949.63
372,2026-06-27 19:01:34,135,2,47,Completed,452512.33,0.0,81452.22,533964.55
373,2026-05-19 17:45:18,117,8,8,Completed,558324.47,38733.58,93526.36,613117.25
374,2026-06-01 17:05:55,178,5,35,Cancelled,246392.08,0.0,44350.57,290742.65
375,2026-06-07 11:53:43,94,7,67,Completed,86913.48,985.22,15467.09,101395.35
376,2025-12-23 18:49:09,9,4,34,Completed,132144.9,0.0,23786.08,155930.98
377,2026-06-26 14:34:14,272,9,9,Completed,713294.2,80429.69,113915.61,746780.12
378,2026-06-14 10:43:10,272,3,33,Completed,429441.1,0.0,77299.4,506740.5
379,2025-03-30 17:39:27,440,10,40,Completed,374794.2,0.0,67462.96,442257.16
380,2025-09-07 15:57:33,143,1,46,Cancelled,180981.4,1894.48,32235.65,211322.57
381,2026-01-18 11:46:19,458,8,23,Pending,295606.78,42859.73,45494.47,298241.52
382,2026-06-19 13:13:59,129,12,72,Completed,272047.88,0.0,48968.62,321016.5
383,2026-06-27 11:09:30,305,2,2,Completed,580472.47,0.0,104485.04,684957.51
384,2026-05-31 21:10:41,392,13,28,Completed,274163.97,0.0,49349.51,323513.48
385,2026-05-30 14:04:14,303,4,19,Cancelled,138986.12,0.0,25017.5,164003.62
386,2025-10-07 20:47:37,142,3,63,Cancelled,607858.1,28389.86,104304.28,683772.52
387,2025-06-09 19:17:48,78,4,79,Completed,546676.72,0.0,98401.81,645078.53
388,2026-06-23 17:06:49,327,2,77,Completed,156866.08,0.0,28235.89,185101.97
389,2025-10-10 10:34:47,242,4,79,Completed,169886.44,0.0,30579.56,200466.0
390,2026-06-22 09:24:53,79,2,47,Completed,235981.24,0.0,42476.62,278457.86
391,2026-02-15 18:10:56,58,11,26,Completed,353483.91,43909.89,55723.32,365297.34
392,2026-06-23 13:14:33,444,13,58,Completed,97967.35,0.0,17634.12,115601.47
393,2025-07-30 19:31:53,375,10,55,Completed,5582.97,0.0,1004.93,6587.9
394,2026-06-01 21:17:53,222,7,7,Completed,67477.39,0.0,12145.93,79623.32
395,2026-06-28 17:21:26,142,15,45,Completed,132669.89,3218.63,23301.23,152752.49
396,2026-06-01 10:45:51,129,6,6,Completed,51016.45,0.0,9182.96,60199.41
397,2026-05-15 15:42:17,300,8,8,Completed,5582.97,0.0,1004.93,6587.9
398,2026-01-12 17:38:53,400,14,74,Completed,90219.69,0.0,16239.54,106459.23
399,2024-11-04 18:06:37,311,9,54,Completed,285567.79,0.0,51402.2,336969.99
400,2026-06-17 10:48:15,330,2,77,Completed,111341.12,15425.7,17264.78,113180.2
401,2026-02-07 15:45:47,345,12,72,Pending,475477.32,0.0,85585.92,561063.24
402,2026-06-29 16:36:55,332,13,58,Completed,29201.8,0.0,5256.32,34458.12
403,2026-06-22 19:58:01,482,7,67,Completed,335561.91,47736.49,51808.58,339634.0
404,2026-03-12 10:18:58,93,1,76,Returned,281284.33,0.0,50631.18,331915.51
405,2025-11-13 14:52:43,15,12,57,Completed,314191.86,0.0,56554.53,370746.39
406,2025-11-12 21:03:20,499,4,34,Completed,420233.0,31029.26,70056.67,459260.41
407,2026-05-03 17:49:55,326,5,5,Completed,320388.46,0.0,57669.92,378058.38
408,2026-01-01 21:52:11,165,12,57,Completed,235681.29,0.0,42422.63,278103.92
409,2026-06-25 18:34:47,439,2,47,Completed,45582.6,0.0,8204.87,53787.47
410,2026-05-27 13:06:58,495,4,34,Completed,36415.12,0.0,6554.72,42969.84
411,2026-06-26 19:11:48,328,7,52,Completed,277817.91,0.0,50007.22,327825.13
412,2025-10-26 14:21:51,136,14,74,Completed,118864.89,0.0,21395.68,140260.57
413,2026-05-16 14:01:07,186,13,28,Completed,304445.14,0.0,54800.13,359245.27
414,2026-06-16 17:34:11,159,15,45,Completed,266029.92,0.0,47885.39,313915.31
415,2026-06-16 10:45:38,357,2,32,Completed,81770.73,0.0,14718.73,96489.46
416,2026-06-11 20:21:34,340,7,52,Completed,358737.52,0.0,64572.75,423310.27
417,2026-03-08 20:52:56,69,15,75,Completed,260803.06,0.0,46944.55,307747.61
418,2025-11-13 12:28:52,151,10,10,Pending,339371.15,0.0,61086.81,400457.96
419,2026-01-07 16:14:53,281,3,33,Completed,289299.57,0.0,52073.92,341373.49
420,2026-06-28 19:51:13,113,4,19,Completed,100562.52,0.0,18101.25,118663.77
421,2026-06-16 16:53:28,152,4,4,Completed,492101.67,35408.63,82204.75,538897.79
422,2025-06-15 11:54:33,283,10,40,Completed,187649.57,0.0,33776.92,221426.49
423,2026-06-11 13:45:50,322,10,70,Returned,559935.22,0.0,100788.34,660723.56
424,2026-06-15 14:23:57,412,13,43,Completed,14354.72,0.0,2583.85,16938.57
425,2026-06-03 20:08:20,121,6,51,Completed,627906.53,0.0,113023.18,740929.71
426,2025-07-27 21:32:45,360,4,19,Completed,249012.05,0.0,44822.17,293834.22
427,2026-06-21 20:22:45,161,2,77,Completed,52729.56,6605.83,8302.27,54426.0
428,2025-07-30 13:36:53,500,9,24,Completed,351379.61,0.0,63248.33,414627.94
429,2026-05-05 15:04:10,317,8,23,Pending,190466.9,0.0,34284.04,224750.94
430,2025-03-31 16:55:45,230,9,9,Completed,379420.92,0.0,68295.77,447716.69
431,2026-06-24 13:36:16,350,6,6,Cancelled,91323.99,0.0,16438.32,107762.31
432,2026-05-17 16:27:45,373,1,76,Completed,372656.46,0.0,67078.16,439734.62
433,2026-06-23 13:34:44,69,7,7,Completed,474091.81,0.0,85336.53,559428.34
434,2025-06-10 21:34:43,170,4,79,Completed,243489.58,14425.91,41231.46,270295.13
435,2026-01-02 20:48:22,442,1,61,Completed,108614.11,0.0,19550.54,128164.65
436,2026-06-16 17:26:46,397,2,77,Completed,234271.51,0.0,42168.87,276440.38
437,2026-05-14 09:41:59,100,4,19,Completed,64949.18,0.0,11690.85,76640.03
438,2026-06-04 15:36:44,62,6,6,Returned,441480.4,46347.94,71123.84,466256.3
439,2026-05-30 20:30:08,199,13,58,Completed,533894.94,0.0,96101.09,629996.03
440,2026-06-25 11:45:27,94,2,47,Completed,277307.44,0.0,49915.34,327222.78
441,2026-06-22 15:12:14,256,2,32,Completed,421500.34,0.0,75870.06,497370.4
442,2026-01-23 16:48:06,332,11,11,Returned,328564.61,0.0,59141.63,387706.24
443,2026-03-16 09:43:23,11,15,15,Completed,443468.38,65409.36,68050.62,446109.64
444,2026-04-19 14:24:19,1,9,9,Pending,153168.61,0.0,27570.35,180738.96
445,2024-08-12 11:12:40,464,10,55,Completed,73288.41,6795.6,11968.71,78461.52
446,2026-04-09 10:55:43,94,9,24,Completed,146878.9,0.0,26438.2,173317.1
447,2026-06-29 16:45:54,308,6,21,Completed,329198.63,39586.05,52130.26,341742.84
448,2026-06-18 16:01:39,91,9,24,Pending,395249.32,0.0,71144.88,466394.2
449,2025-03-23 13:06:22,276,15,15,Completed,624601.95,0.0,112428.35,737030.3
450,2024-07-24 16:12:38,303,9,24,Returned,839099.2,0.0,151037.86,990137.06
451,2025-09-07 19:35:53,314,15,45,Completed,307459.38,0.0,55342.69,362802.07
452,2026-06-16 14:15:23,230,2,77,Completed,829382.03,10192.85,147454.05,966643.23
453,2025-10-25 21:25:02,492,14,59,Completed,221326.28,0.0,39838.73,261165.01
454,2026-06-20 20:48:53,470,15,75,Returned,295274.58,41034.89,45763.14,300002.83
455,2026-03-28 19:20:58,435,9,9,Completed,134305.43,19143.88,20729.08,135890.63
456,2026-06-22 15:48:34,295,12,72,Completed,161501.96,16125.75,26167.72,171543.93
457,2026-06-15 21:12:18,145,6,21,Cancelled,372441.46,24935.6,62551.05,410056.91
458,2026-06-19 10:31:01,219,7,52,Completed,374607.61,0.0,67429.37,442036.98
459,2026-01-11 13:31:50,165,9,54,Completed,202381.58,0.0,36428.68,238810.26
460,2025-11-12 17:53:02,395,11,41,Completed,30504.84,0.0,5490.87,35995.71
461,2026-06-19 17:11:41,46,5,50,Completed,491379.05,0.0,88448.23,579827.28
462,2025-06-06 13:24:12,25,9,9,Completed,51228.49,0.0,9221.13,60449.62
463,2025-11-30 20:32:33,276,1,76,Completed,319519.41,0.0,57513.49,377032.9
464,2026-06-30 12:06:29,261,6,6,Cancelled,362621.52,27772.61,60272.8,395121.71
465,2026-03-05 20:13:31,457,4,34,Completed,67694.35,0.0,12184.98,79879.33
466,2026-03-08 15:13:57,328,10,10,Completed,167520.87,0.0,30153.76,197674.63
467,2026-06-11 19:52:58,474,5,5,Completed,297012.75,15023.96,50757.98,332746.77
468,2026-06-18 15:02:09,91,7,7,Completed,3214.3,0.0,578.57,3792.87
469,2026-03-17 19:36:45,127,10,55,Completed,219363.39,0.0,39485.41,258848.8
470,2026-06-29 20:58:17,321,5,5,Completed,269263.22,0.0,48467.38,317730.6
471,2026-06-21 13:53:57,6,7,52,Completed,94716.92,0.0,17049.05,111765.97
472,2026-05-20 09:40:44,399,8,23,Returned,148576.93,0.0,26743.85,175320.78
473,2026-05-14 19:44:14,357,13,58,Completed,35669.98,0.0,6420.6,42090.58
474,2026-06-29 10:11:34,59,2,32,Completed,281467.09,0.0,50664.08,332131.17
475,2026-06-20 20:59:44,484,12,42,Completed,586083.77,0.0,105495.08,691578.85
476,2026-06-21 10:48:07,275,5,35,Completed,452402.41,0.0,81432.43,533834.84
477,2025-11-06 17:54:31,454,15,30,Completed,130364.82,9637.4,21730.94,142458.36
478,2026-03-20 10:07:14,266,1,46,Pending,323704.57,0.0,58266.82,381971.39
479,2026-04-06 20:51:04,199,3,3,Completed,238347.53,0.0,42902.56,281250.09
480,2026-06-24 11:28:38,316,6,66,Completed,42093.0,0.0,7576.74,49669.74
481,2026-06-13 20:20:02,340,15,30,Returned,457394.37,39374.21,75243.63,493263.79
482,2026-06-30 13:58:11,486,3,33,Returned,101826.39,0.0,18328.75,120155.14
483,2025-07-05 15:09:18,103,15,15,Completed,506784.12,11464.07,89157.61,584477.66
484,2025-08-24 19:46:28,116,3,18,Pending,124717.57,0.0,22449.16,147166.73
485,2026-06-30 13:35:10,226,2,32,Completed,111936.4,0.0,20148.55,132084.95
486,2026-06-04 19:04:26,494,6,6,Completed,93126.89,0.0,16762.84,109889.73
487,2025-10-16 14:02:09,9,10,40,Completed,184843.18,0.0,33271.77,218114.95
488,2025-11-02 09:36:03,351,4,4,Completed,581475.24,0.0,104665.54,686140.78
489,2025-07-09 21:40:02,394,10,10,Completed,233213.27,0.0,41978.39,275191.66
490,2026-02-12 18:41:24,38,1,76,Completed,382983.1,0.0,68936.96,451920.06
491,2026-06-10 19:31:39,316,7,52,Completed,545054.45,0.0,98109.8,643164.25
492,2026-03-02 16:34:56,326,8,23,Completed,232107.98,29336.77,36498.82,239270.03
493,2026-06-16 15:16:56,74,5,50,Completed,124522.05,0.0,22413.97,146936.02
494,2025-07-16 11:02:29,379,1,46,Completed,99095.1,1145.0,17631.02,115581.12
495,2026-01-24 11:53:40,451,9,24,Returned,60076.97,6333.85,9673.76,63416.88
496,2026-06-21 16:46:28,483,7,52,Completed,175846.85,0.0,31652.43,207499.28
497,2026-01-05 14:42:25,199,8,23,Completed,105005.76,0.0,18901.04,123906.8
498,2026-06-15 20:12:36,272,4,19,Completed,393248.12,0.0,70784.66,464032.78
499,2026-01-09 16:35:55,448,12,72,Completed,342328.21,0.0,61619.08,403947.29
500,2026-06-07 15:09:30,210,6,51,Completed,314354.59,0.0,56583.83,370938.42
501,2026-06-01 15:03:12,334,8,23,Completed,224911.88,0.0,40484.14,265396.02
502,2026-02-23 15:59:33,283,15,30,Completed,159371.34,0.0,28686.84,188058.18
503,2026-04-24 12:24:36,483,8,8,Completed,31745.27,479.31,5627.87,36893.83
504,2026-06-27 11:41:25,140,12,72,Returned,269963.13,39059.55,41562.64,272466.22
505,2025-10-25 14:29:15,411,4,19,Completed,117719.29,0.0,21189.47,138908.76
506,2026-05-26 18:59:48,67,13,58,Completed,21509.9,346.72,3809.37,24972.55
507,2026-04-20 10:50:04,377,11,11,Completed,406951.5,0.0,73251.27,480202.77
508,2025-04-19 10:20:59,5,15,15,Completed,217604.29,6472.07,38003.8,249136.02
509,2025-10-24 13:53:04,104,12,27,Completed,669704.28,0.0,120546.77,790251.05
510,2026-06-16 14:45:11,466,6,66,Completed,76074.87,0.0,13693.48,89768.35
511,2026-05-16 11:10:26,52,13,73,Completed,91357.72,0.0,16444.39,107802.11
512,2025-05-20 17:35:40,467,10,70,Completed,473716.54,0.0,85268.98,558985.52
513,2025-09-03 19:09:58,144,12,27,Completed,147344.55,0.0,26522.02,173866.57
514,2025-10-31 16:24:30,387,1,16,Completed,106559.37,0.0,19180.69,125740.06
515,2025-11-17 18:36:11,11,10,55,Completed,17166.06,1671.34,2789.05,18283.77
516,2026-05-03 14:56:21,11,8,68,Returned,88624.14,0.0,15952.35,104576.49
517,2026-06-06 11:39:19,454,6,6,Returned,738345.75,17837.48,129691.49,850199.76
518,2026-06-29 12:40:20,470,3,3,Completed,170085.61,0.0,30615.41,200701.02
519,2026-05-28 18:51:31,406,13,13,Pending,42894.61,0.0,7721.03,50615.64
520,2026-03-30 14:54:16,457,10,70,Completed,43117.25,0.0,7761.1,50878.35
521,2025-09-04 14:57:10,144,9,9,Completed,90997.26,7306.49,15064.34,98755.11
522,2025-11-18 16:27:21,123,12,42,Pending,347880.75,0.0,62618.53,410499.28
523,2026-06-17 10:21:35,384,13,58,Pending,271309.62,31639.79,43140.57,282810.4
524,2026-03-29 18:01:19,447,15,15,Completed,109994.66,0.0,19799.04,129793.7
525,2026-01-31 09:44:43,464,8,23,Completed,49424.76,0.0,8896.46,58321.22
526,2026-06-26 17:54:50,193,6,51,Completed,326861.76,22370.74,54808.38,359299.4
527,2026-06-12 20:16:35,363,6,21,Completed,281227.46,0.0,50620.94,331848.4
528,2026-06-03 19:05:51,145,5,5,Completed,347802.44,0.0,62604.44,410406.88
529,2024-11-06 09:51:08,164,14,74,Completed,4934.91,0.0,888.28,5823.19
530,2025-06-27 14:04:09,55,4,4,Completed,86989.7,7312.25,14341.94,94019.39
531,2026-06-30 10:00:46,122,13,13,Pending,79003.49,3359.66,13615.89,89259.72
532,2026-06-05 18:40:55,414,6,6,Cancelled,287544.45,0.0,51758.0,339302.45
533,2025-10-07 18:07:03,324,14,59,Completed,38203.41,0.0,6876.61,45080.02
534,2024-12-07 10:45:05,103,15,15,Pending,202351.72,0.0,36423.31,238775.03
535,2026-04-19 09:45:05,406,11,11,Completed,271707.15,0.0,48907.29,320614.44
536,2026-04-03 12:45:31,321,9,24,Returned,119520.21,0.0,21513.64,141033.85
537,2025-10-09 16:11:32,96,8,23,Pending,412820.76,0.0,74307.74,487128.5
538,2025-12-28 17:36:12,91,4,34,Completed,323159.2,0.0,58168.66,381327.86
539,2026-05-18 11:54:20,360,13,13,Completed,676190.46,0.0,121714.28,797904.74
540,2026-06-21 18:18:38,117,3,63,Completed,471332.24,9526.29,83125.07,544931.02
541,2026-05-31 13:52:22,328,5,5,Completed,261028.65,0.0,46985.16,308013.81
542,2026-06-30 13:18:48,272,1,76,Completed,115522.4,0.0,20794.03,136316.43
543,2026-06-25 20:03:39,32,2,62,Completed,259605.24,0.0,46728.94,306334.18
544,2026-06-14 20:43:05,221,2,62,Completed,740959.09,78438.94,119253.63,781773.78
545,2026-01-29 19:38:43,395,15,45,Cancelled,166974.45,14808.82,27389.81,179555.44
546,2026-05-17 16:22:47,292,5,50,Completed,177413.23,4946.31,31044.05,203510.97
547,2026-03-24 14:34:47,190,8,23,Completed,11528.35,0.0,2075.1,13603.45
548,2026-06-25 15:29:56,301,3,3,Returned,303189.16,0.0,54574.05,357763.21
549,2026-06-04 16:28:09,473,13,58,Completed,32485.64,0.0,5847.42,38333.06
550,2026-05-27 11:50:20,385,7,52,Completed,176367.17,0.0,31746.09,208113.26
551,2026-02-08 14:00:27,446,11,11,Completed,298460.95,0.0,53722.97,352183.92
552,2025-08-30 18:11:13,339,15,30,Completed,171744.18,0.0,30913.95,202658.13
553,2025-12-02 14:12:01,201,8,8,Completed,34290.0,0.0,6172.2,40462.2
554,2026-05-12 12:12:31,82,5,50,Completed,76410.31,0.0,13753.86,90164.17
555,2026-06-05 16:42:03,256,7,52,Completed,303531.64,0.0,54635.7,358167.34
556,2026-06-29 18:18:09,55,2,47,Completed,287826.64,0.0,51808.8,339635.44
557,2026-02-12 16:00:19,483,8,8,Completed,117174.14,0.0,21091.35,138265.49
558,2026-04-22 18:27:39,174,11,26,Completed,149309.99,0.0,26875.8,176185.79
559,2025-03-25 20:23:51,67,9,39,Completed,161610.44,0.0,29089.88,190700.32
560,2026-06-03 09:28:23,66,6,66,Completed,277413.15,40973.59,42559.12,278998.68
561,2026-06-30 14:40:58,108,6,21,Completed,146525.31,8975.27,24759.01,162309.05
562,2026-06-10 14:36:50,244,13,43,Completed,259664.76,24119.99,42398.06,277942.83
563,2026-06-01 21:40:36,100,15,30,Cancelled,661728.97,48296.42,110417.86,723850.41
564,2026-05-15 12:52:52,118,12,72,Completed,247251.54,5713.17,43476.91,285015.28
565,2026-06-17 17:56:06,289,8,8,Completed,123695.94,0.0,22265.27,145961.21
566,2026-06-17 17:31:29,76,10,55,Returned,652172.33,0.0,117391.02,769563.35
567,2026-03-04 16:24:49,457,12,42,Completed,436053.95,55600.78,68481.57,448934.74
568,2026-04-25 14:54:49,395,5,50,Completed,92604.4,0.0,16668.79,109273.19
569,2026-01-27 14:52:39,127,4,4,Completed,35924.95,5183.55,5533.45,36274.85
570,2026-05-26 16:20:38,75,13,43,Completed,277572.04,0.0,49962.97,327535.01
571,2024-12-09 18:38:07,103,14,74,Completed,111131.78,0.0,20003.72,131135.5
572,2026-04-01 21:32:18,32,12,27,Completed,51292.72,4382.26,8443.88,55354.34
573,2026-05-26 13:16:13,193,7,67,Completed,23228.93,0.0,4181.21,27410.14
574,2026-06-13 21:26:05,13,1,76,Completed,339674.86,9309.32,59465.8,389831.34
575,2026-01-30 19:24:35,398,15,30,Completed,291366.27,12736.4,50153.38,328783.25
576,2026-05-12 13:29:17,228,13,43,Completed,51539.33,0.0,9277.08,60816.41
577,2025-10-08 18:08:20,311,8,23,Cancelled,208687.71,0.0,37563.79,246251.5
578,2025-12-07 16:23:09,64,1,31,Completed,83955.19,7343.35,13790.13,90401.97
579,2026-05-27 19:27:41,369,7,67,Completed,54009.72,0.0,9721.75,63731.47
580,2026-06-21 13:20:36,92,6,6,Completed,246610.45,0.0,44389.88,291000.33
581,2025-06-01 16:04:59,21,15,15,Completed,18996.16,0.0,3419.31,22415.47
582,2026-06-19 20:15:05,78,2,77,Completed,305417.12,24251.32,50609.84,331775.64
583,2026-06-03 15:21:48,498,6,51,Completed,199296.7,5993.83,34794.52,228097.39
584,2025-10-17 15:41:50,206,9,9,Completed,406210.72,55362.6,63152.66,414000.78
585,2025-09-15 16:10:07,80,9,9,Completed,605203.69,0.0,108936.66,714140.35
586,2026-05-07 09:41:43,445,5,5,Completed,72261.2,10425.64,11130.4,72965.96
587,2025-12-25 16:02:02,27,11,41,Completed,117259.12,0.0,21106.64,138365.76
588,2026-03-06 14:20:24,120,3,18,Completed,575345.32,0.0,103562.16,678907.48
589,2026-06-27 21:18:31,344,7,7,Pending,296452.98,0.0,53361.54,349814.52
590,2026-04-14 10:02:12,366,12,57,Completed,38408.97,0.0,6913.61,45322.58
591,2026-01-24 14:44:05,107,4,79,Completed,12265.96,770.09,2069.26,13565.13
592,2025-10-25 12:09:34,189,9,24,Pending,174666.6,0.0,31439.99,206106.59
593,2026-04-13 13:35:23,322,12,72,Completed,76126.12,0.0,13702.7,89828.82
594,2026-03-11 13:21:12,82,14,14,Completed,41507.35,0.0,7471.32,48978.67
595,2026-06-13 16:01:28,134,7,7,Completed,150024.2,18701.2,23638.14,154961.14
596,2026-05-14 15:13:11,334,11,41,Completed,207949.39,6108.96,36331.28,238171.71
597,2026-06-22 12:12:48,199,13,13,Completed,264957.1,0.0,47692.28,312649.38
598,2026-05-04 18:52:19,383,5,50,Completed,299717.6,0.0,53949.17,353666.77
599,2026-03-30 18:56:56,28,11,41,Completed,97101.54,0.0,17478.28,114579.82
600,2025-08-22 09:13:53,112,9,9,Completed,145036.05,0.0,26106.49,171142.54
601,2026-04-01 15:46:20,171,4,79,Completed,467034.83,20687.73,80342.48,526689.58
602,2026-02-02 16:35:38,201,10,40,Completed,291111.0,0.0,52399.98,343510.98
603,2024-05-05 18:06:56,342,14,14,Pending,269661.15,26584.8,43753.74,286830.09
604,2025-06-19 13:59:00,16,10,10,Completed,465703.06,62414.78,72591.89,475880.17
605,2025-09-26 10:03:23,196,12,72,Completed,305272.36,0.0,54949.02,360221.38
606,2026-06-18 10:17:26,98,7,67,Completed,205363.74,5967.76,35891.28,235287.26
607,2026-05-13 13:09:16,153,13,13,Completed,140160.76,0.0,25228.94,165389.7
608,2025-12-12 19:47:43,478,15,30,Completed,121767.03,0.0,21918.07,143685.1
609,2025-06-05 09:07:05,451,15,75,Completed,152024.92,15363.77,24599.01,161260.16
610,2026-05-10 13:17:01,234,14,74,Completed,297359.7,0.0,53524.75,350884.45
611,2026-06-20 10:25:43,246,2,32,Completed,354350.18,0.0,63783.03,418133.21
612,2026-03-12 15:11:00,20,8,23,Completed,118097.32,0.0,21257.52,139354.84
613,2026-05-14 13:45:18,23,11,11,Completed,166952.69,0.0,30051.48,197004.17
614,2026-05-07 19:17:55,104,13,43,Completed,385596.02,0.0,69407.28,455003.3
615,2026-06-14 09:55:36,354,8,8,Returned,577374.92,0.0,103927.49,681302.41
616,2026-04-24 12:45:54,223,9,54,Completed,64049.3,0.0,11528.87,75578.17
617,2026-06-20 14:29:52,147,6,6,Completed,102457.45,9963.24,16648.96,109143.17
618,2026-06-24 17:34:09,84,6,51,Completed,510916.64,0.0,91965.0,602881.64
619,2026-06-06 18:25:23,328,6,66,Completed,306084.42,0.0,55095.2,361179.62
620,2026-05-15 19:48:56,178,13,43,Completed,174666.6,0.0,31439.99,206106.59
621,2026-06-22 10:38:16,278,7,52,Completed,20851.88,0.0,3753.34,24605.22
622,2026-01-25 16:28:48,171,15,45,Completed,334011.75,0.0,60122.11,394133.86
623,2026-03-22 17:58:55,349,3,3,Returned,142616.68,16276.51,22741.23,149081.4
624,2025-12-24 21:36:08,75,10,55,Cancelled,535187.84,0.0,96333.81,631521.65
625,2026-04-03 15:56:07,406,4,79,Returned,220383.22,0.0,39668.98,260052.2
626,2024-12-27 18:00:16,279,1,61,Cancelled,325902.76,0.0,58662.5,384565.26
627,2026-04-21 20:50:21,341,3,18,Completed,185694.2,0.0,33424.96,219119.16
628,2026-06-29 15:33:42,167,12,42,Completed,768208.96,0.0,138277.61,906486.57
629,2026-06-27 20:48:06,113,10,55,Completed,444725.32,0.0,80050.56,524775.88
630,2025-10-21 20:00:57,330,8,8,Returned,304487.09,0.0,54807.68,359294.77
631,2026-06-06 11:58:04,259,13,13,Completed,176922.28,12601.36,29577.77,193898.69
632,2025-08-31 12:34:40,157,4,79,Completed,321228.59,39664.68,50681.5,332245.41
633,2025-04-06 09:18:07,418,4,4,Completed,296025.05,0.0,53284.51,349309.56
634,2026-05-10 13:28:07,424,13,13,Completed,135489.45,11081.04,22393.51,146801.92
635,2026-01-28 20:38:19,184,11,26,Completed,115211.28,0.0,20738.03,135949.31
636,2025-11-03 18:37:58,192,4,34,Returned,612121.89,71318.32,97344.64,638148.21
637,2026-06-15 16:02:31,315,10,10,Completed,145423.29,11431.82,24118.46,158109.93
638,2026-06-06 21:24:48,16,5,50,Completed,460077.51,0.0,82813.95,542891.46
639,2026-06-17 19:31:01,51,7,67,Completed,492003.72,0.0,88560.67,580564.39
640,2026-06-08 13:34:05,493,8,8,Returned,327707.24,0.0,58987.3,386694.54
641,2026-01-15 10:29:24,371,14,74,Returned,117170.78,0.0,21090.74,138261.52
642,2025-01-30 14:19:35,124,10,70,Completed,310284.18,0.0,55851.15,366135.33
643,2026-05-27 15:06:00,438,8,8,Completed,112451.52,0.0,20241.27,132692.79
644,2025-10-30 17:28:04,304,14,74,Completed,197000.86,0.0,35460.15,232461.01
645,2026-06-18 15:51:59,238,5,50,Completed,352167.13,0.0,63390.08,415557.21
646,2025-12-22 10:44:33,371,1,31,Completed,266525.29,0.0,47974.55,314499.84
647,2025-10-17 09:18:38,462,8,23,Completed,11444.04,1619.56,1768.41,11592.89
648,2026-03-29 12:30:31,57,11,11,Completed,233895.26,0.0,42101.15,275996.41
649,2026-06-24 15:02:19,199,13,28,Completed,462090.75,0.0,83176.33,545267.08
650,2026-06-22 16:14:45,175,14,74,Completed,350827.01,0.0,63148.86,413975.87
651,2025-04-18 11:08:08,359,15,15,Completed,69750.04,0.0,12555.01,82305.05
652,2025-12-29 16:23:50,485,10,10,Completed,457782.78,0.0,82400.9,540183.68
653,2026-06-27 14:40:34,11,12,72,Completed,443725.29,66297.26,67937.05,445365.08
654,2026-05-03 17:44:27,243,1,31,Completed,289919.5,0.0,52185.51,342105.01
655,2026-06-14 16:25:32,45,5,50,Completed,321862.67,0.0,57935.28,379797.95
656,2025-12-03 09:10:05,465,15,30,Completed,169576.48,5181.55,29591.09,193986.02
657,2026-03-01 17:23:35,341,4,79,Completed,96737.5,0.0,17412.75,114150.25
658,2026-06-12 15:07:35,35,13,28,Pending,285359.27,12087.5,49188.92,322460.69
659,2024-12-09 20:44:25,104,3,33,Pending,163342.57,0.0,29401.66,192744.23
660,2025-06-11 17:42:17,31,9,9,Completed,150667.84,0.0,27120.21,177788.05
661,2026-05-17 12:55:30,5,5,5,Completed,72119.09,5619.95,11969.85,78468.99
662,2026-02-28 16:13:06,97,11,26,Completed,239840.5,0.0,43171.29,283011.79
663,2026-03-16 21:04:09,284,11,41,Returned,662420.6,0.0,119235.71,781656.31
664,2025-01-03 16:32:04,440,9,24,Completed,375416.19,0.0,67574.91,442991.1
665,2026-05-31 19:23:14,127,11,26,Completed,223043.44,0.0,40147.82,263191.26
666,2025-04-05 14:49:25,209,1,46,Pending,36308.98,0.0,6535.62,42844.6
667,2026-03-15 16:38:53,344,12,42,Completed,90462.88,7761.02,14886.33,97588.19
668,2026-05-19 18:50:32,384,15,30,Completed,256021.12,37296.51,39370.43,258095.04
669,2026-06-07 12:38:33,331,14,74,Completed,62628.78,8527.48,9738.23,63839.53
670,2026-06-14 15:04:35,396,2,62,Completed,268111.1,36783.8,41638.91,272966.21
671,2026-06-24 19:02:23,457,13,28,Completed,151865.65,0.0,27335.82,179201.47
672,2026-01-07 13:53:34,144,8,68,Completed,107110.08,3246.74,18695.4,122558.74
673,2026-06-11 16:24:48,471,5,35,Completed,224750.28,0.0,40455.05,265205.33
674,2025-09-26 14:05:44,353,10,40,Completed,558030.6,0.0,100445.51,658476.11
675,2025-05-22 19:17:59,176,9,9,Completed,295834.25,0.0,53250.17,349084.42
676,2026-02-26 14:58:15,148,10,40,Completed,90906.86,0.0,16363.23,107270.09
677,2026-05-19 17:43:26,179,5,5,Completed,321894.32,0.0,57940.98,379835.3
678,2026-06-07 21:39:56,307,7,67,Completed,553559.2,0.0,99640.66,653199.86
679,2026-05-18 19:43:23,411,13,43,Completed,209028.64,0.0,37625.16,246653.8
680,2026-06-26 16:37:33,284,6,21,Completed,144580.54,0.0,26024.5,170605.04
681,2026-05-29 12:13:38,371,12,42,Completed,321132.27,0.0,57803.81,378936.08
682,2026-06-29 19:51:31,426,6,21,Completed,206141.8,27099.15,32227.68,211270.33
683,2025-12-02 18:29:34,201,8,68,Completed,169765.49,16482.71,27590.9,180873.68
684,2026-01-25 10:24:52,131,10,10,Completed,493936.71,42274.53,81299.19,532961.37
685,2025-03-24 21:59:16,202,1,1,Completed,522007.32,0.0,93961.32,615968.64
686,2026-03-18 18:26:12,233,15,45,Completed,153487.7,0.0,27627.79,181115.49
687,2026-03-30 10:30:27,219,11,26,Completed,469289.36,28742.88,79298.37,519844.85
688,2025-05-03 14:48:51,62,3,18,Returned,59371.56,5849.37,9633.99,63156.18
689,2026-06-27 10:35:34,22,14,14,Completed,178069.68,0.0,32052.54,210122.22
690,2026-06-20 09:57:42,402,2,62,Completed,17503.4,0.0,3150.61,20654.01
691,2026-06-22 13:27:15,6,2,47,Completed,342124.48,19477.83,58076.4,380723.05
692,2026-04-25 14:53:15,317,10,55,Completed,34404.91,0.0,6192.88,40597.79
693,2026-05-21 12:10:51,284,10,55,Cancelled,632366.43,74910.57,100342.05,657797.91
694,2025-06-19 10:36:47,197,4,4,Completed,124565.31,0.0,22421.76,146987.07
695,2026-04-22 10:15:54,499,5,35,Completed,246143.22,11434.09,42247.64,276956.77
696,2025-10-09 11:58:14,124,8,68,Completed,459738.1,19594.95,79225.77,519368.92
697,2025-11-06 18:55:38,2,4,34,Returned,382017.53,39219.08,61703.72,404502.17
698,2025-06-28 10:26:45,229,4,19,Completed,285668.38,29326.56,46141.53,302483.35
699,2026-05-17 21:24:01,77,12,57,Completed,618028.51,0.0,111245.13,729273.64
700,2026-06-16 21:56:33,140,4,79,Completed,467265.53,10103.71,82289.13,539450.95
701,2026-05-28 15:53:28,11,8,68,Completed,148268.6,0.0,26688.35,174956.95
702,2026-02-03 20:43:24,191,3,3,Completed,168892.55,21055.1,26610.74,174448.19
703,2025-09-05 14:25:17,207,4,19,Completed,678559.04,0.0,122140.63,800699.67
704,2026-03-19 18:56:30,149,15,30,Cancelled,210042.78,0.0,37807.7,247850.48
705,2026-01-13 20:04:28,352,15,30,Completed,236443.64,0.0,42559.86,279003.5
706,2026-06-17 14:24:01,12,7,67,Completed,75421.89,0.0,13575.94,88997.83
707,2025-08-31 15:16:22,371,8,23,Completed,196941.34,24007.1,31128.16,204062.4
708,2026-02-07 11:10:14,188,15,45,Completed,110208.04,0.0,19837.45,130045.49
709,2026-06-29 09:24:23,331,9,24,Pending,630667.3,0.0,113520.11,744187.41
710,2026-06-16 18:44:35,118,2,32,Returned,630104.57,0.0,113418.82,743523.39
711,2025-07-17 11:18:09,41,9,39,Completed,167132.7,0.0,30083.89,197216.59
712,2025-06-30 15:19:10,143,14,14,Completed,394585.47,0.0,71025.38,465610.85
713,2025-10-23 09:36:41,119,14,14,Completed,108353.4,0.0,19503.61,127857.01
714,2025-06-16 13:35:30,447,14,74,Cancelled,83542.35,9607.95,13308.19,87242.59
715,2024-06-08 21:12:38,459,3,18,Completed,570369.57,55409.79,92692.76,607652.54
716,2026-05-23 21:11:34,35,13,13,Completed,182330.4,0.0,32819.47,215149.87
717,2026-06-06 11:09:34,237,9,39,Cancelled,265466.03,0.0,47783.89,313249.92
718,2026-05-26 11:49:17,126,13,13,Completed,594685.05,0.0,107043.31,701728.36
719,2025-09-30 11:10:03,11,9,9,Completed,462858.64,0.0,83314.56,546173.2
720,2026-03-26 14:36:50,434,3,18,Completed,263254.05,24559.41,42965.04,281659.68
721,2026-02-09 20:15:10,126,8,8,Completed,44528.67,0.0,8015.16,52543.83
722,2025-10-29 11:00:18,387,1,1,Completed,720073.22,0.0,129613.18,849686.4
723,2026-02-04 17:34:46,410,8,68,Completed,92906.93,0.0,16723.25,109630.18
724,2026-06-22 17:22:50,269,8,68,Completed,214283.08,0.0,38570.95,252854.03
725,2025-05-07 21:16:33,368,14,74,Cancelled,358201.78,0.0,64476.32,422678.1
726,2025-12-15 21:02:13,86,9,54,Completed,93207.08,0.0,16777.27,109984.35
727,2025-06-03 18:57:26,189,14,59,Completed,341840.15,0.0,61531.23,403371.38
728,2026-06-11 16:12:48,154,6,6,Pending,423883.64,0.0,76299.06,500182.7
729,2026-06-03 18:50:48,223,13,28,Completed,58837.02,0.0,10590.66,69427.68
730,2026-05-31 12:09:01,333,13,43,Completed,94185.49,0.0,16953.39,111138.88
731,2026-03-23 15:29:45,463,8,23,Completed,311454.3,3899.58,55359.85,362914.57
732,2026-05-07 15:03:15,452,4,79,Cancelled,207871.48,0.0,37416.87,245288.35
733,2026-04-08 14:03:22,460,11,11,Completed,91691.84,0.0,16504.53,108196.37
734,2024-06-23 18:18:22,198,15,75,Returned,151453.56,0.0,27261.64,178715.2
735,2026-03-19 10:22:21,283,8,8,Completed,296122.05,38629.66,46348.63,303841.02
736,2024-04-21 10:09:47,473,9,24,Completed,330226.22,0.0,59440.72,389666.94
737,2026-04-30 12:40:33,139,1,1,Returned,248291.32,0.0,44692.44,292983.76
738,2026-06-24 14:39:20,230,7,52,Returned,271134.31,38151.66,41936.88,274919.53
739,2026-06-12 10:56:28,27,13,73,Completed,178273.8,0.0,32089.28,210363.08
740,2026-05-08 19:49:35,222,13,73,Completed,632542.12,69996.98,101258.13,663803.27
741,2026-02-05 15:21:42,290,9,9,Completed,137347.77,0.0,24722.6,162070.37
742,2025-09-18 11:48:58,375,12,42,Completed,43109.08,0.0,7759.63,50868.71
743,2026-06-20 12:02:02,316,7,52,Completed,136184.7,0.0,24513.25,160697.95
744,2026-03-30 18:12:26,489,3,18,Completed,82971.32,8812.83,13348.53,87507.02
745,2026-01-21 18:16:58,453,3,63,Returned,247712.74,26642.52,39792.64,260862.86
746,2026-04-15 20:30:50,34,3,3,Completed,472403.37,20762.66,81295.33,532936.04
747,2026-06-11 10:05:42,240,15,30,Completed,364331.78,0.0,65579.72,429911.5
748,2026-06-28 16:16:36,461,6,51,Completed,325533.09,21317.85,54758.74,358973.98
749,2026-06-22 19:20:33,456,15,45,Completed,213917.85,0.0,38505.21,252423.06
750,2026-05-22 17:43:17,350,14,74,Completed,232032.93,7896.83,40344.5,264480.6
751,2025-10-19 09:27:30,399,15,30,Completed,112620.95,0.0,20271.77,132892.72
752,2026-06-27 20:25:03,482,9,39,Cancelled,314616.15,0.0,56630.91,371247.06
753,2026-05-12 11:35:14,154,13,43,Completed,76465.81,0.0,13763.85,90229.66
754,2026-06-28 11:59:06,113,15,30,Completed,221162.72,0.0,39809.29,260972.01
755,2026-06-24 15:26:36,259,6,66,Completed,148426.4,3515.25,26084.01,170995.16
756,2026-02-11 16:59:42,42,4,19,Completed,59076.35,0.0,10633.74,69710.09
757,2025-08-20 15:52:27,161,15,15,Completed,444869.1,0.0,80076.44,524945.54
758,2026-04-25 10:19:15,243,1,31,Completed,237175.0,0.0,42691.5,279866.5
759,2026-06-07 15:27:54,252,15,75,Completed,454430.9,0.0,81797.56,536228.46
760,2026-06-12 11:38:20,125,10,40,Completed,115431.94,0.0,20777.75,136209.69
761,2026-06-16 10:50:47,437,2,2,Pending,372131.5,0.0,66983.67,439115.17
762,2026-05-31 21:51:44,277,7,52,Completed,207536.75,0.0,37356.61,244893.36
763,2025-06-27 09:08:18,27,1,46,Returned,136909.16,0.0,24643.65,161552.81
764,2026-06-21 20:22:42,188,11,41,Completed,397759.69,0.0,71596.74,469356.43
765,2025-12-21 10:02:37,21,3,33,Completed,28799.66,0.0,5183.94,33983.6
766,2025-08-01 21:10:57,21,10,10,Completed,63122.2,0.0,11362.0,74484.2
767,2026-06-23 18:53:33,252,2,47,Completed,342397.95,0.0,61631.63,404029.58
768,2026-04-15 16:38:54,314,5,5,Completed,43381.42,0.0,7808.66,51190.08
769,2026-05-12 16:38:14,330,13,73,Completed,232932.87,0.0,41927.92,274860.79
770,2026-06-05 20:30:51,17,7,52,Completed,507680.5,49273.48,82513.26,540920.28
771,2025-10-31 19:45:52,488,9,39,Completed,191183.37,0.0,34413.01,225596.38
772,2026-02-17 19:20:13,414,15,30,Completed,44385.63,0.0,7989.41,52375.04
773,2025-07-25 10:03:37,77,12,27,Completed,86762.84,0.0,15617.31,102380.15
774,2026-06-18 11:46:04,76,2,62,Completed,3436.54,0.0,618.58,4055.12
775,2026-04-29 12:45:30,171,12,42,Completed,80592.62,0.0,14506.67,95099.29
776,2026-06-24 12:57:30,63,15,45,Completed,59667.5,4999.32,9840.27,64508.45
777,2025-07-01 14:04:03,187,3,63,Pending,31569.75,2328.12,5263.49,34505.12
778,2026-05-30 11:52:31,437,13,43,Completed,165284.14,5361.28,28786.11,188708.97
779,2026-06-15 16:08:52,495,7,67,Completed,199500.39,2353.08,35486.52,232633.83
780,2026-06-09 14:58:48,495,12,57,Completed,94363.77,0.0,16985.48,111349.25
781,2025-06-22 13:26:05,359,3,3,Completed,53426.73,0.0,9616.81,63043.54
782,2024-12-21 12:32:38,172,3,3,Completed,105116.98,0.0,18921.06,124038.04
783,2025-05-11 15:02:49,143,15,30,Pending,297906.66,0.0,53623.2,351529.86
784,2026-06-29 18:23:21,185,12,42,Pending,449219.94,0.0,80859.59,530079.53
785,2026-05-18 12:09:21,248,13,73,Completed,46579.95,0.0,8384.39,54964.34
786,2025-11-24 17:25:56,440,12,72,Completed,366142.74,39245.03,58841.59,385739.3
787,2025-07-02 21:46:51,303,10,40,Pending,6070.99,0.0,1092.78,7163.77
788,2026-02-26 17:48:29,494,12,72,Pending,502196.34,0.0,90395.34,592591.68
789,2026-05-08 19:50:04,171,1,46,Completed,49214.66,6593.63,7671.79,50292.82
790,2026-06-09 14:53:37,450,7,52,Completed,36647.95,2239.87,6193.45,40601.53
791,2026-04-11 12:42:57,136,5,50,Returned,684988.83,0.0,123297.99,808286.82
792,2026-06-13 12:02:14,203,5,5,Cancelled,229736.06,0.0,41352.49,271088.55
793,2025-03-30 15:03:04,231,4,79,Completed,390598.83,0.0,70307.79,460906.62
794,2025-08-11 17:55:46,141,9,54,Completed,83775.86,9781.37,13319.01,87313.5
795,2026-06-24 18:42:03,328,13,43,Completed,113995.84,0.0,20519.25,134515.09
796,2026-05-29 10:54:15,298,4,34,Completed,57961.14,7666.77,9052.99,59347.36
797,2025-10-10 17:41:12,200,9,39,Pending,263091.53,0.0,47356.48,310448.01
798,2026-06-21 16:01:06,220,2,47,Completed,238595.53,31687.85,37243.38,244151.06
799,2026-03-01 19:18:42,384,12,42,Returned,102994.31,0.0,18538.98,121533.29
800,2026-05-22 20:10:23,83,15,75,Completed,260051.33,17925.22,43582.7,285708.81
801,2026-06-15 20:35:40,478,5,35,Completed,456501.08,0.0,82170.19,538671.27
802,2025-06-02 12:04:49,80,14,14,Returned,535629.7,0.0,96413.35,632043.05
803,2026-04-21 21:28:21,389,5,5,Completed,279765.19,40767.58,43019.57,282017.18
804,2026-06-23 17:07:30,393,14,74,Completed,394564.54,0.0,71021.62,465586.16
805,2026-05-28 21:05:22,143,13,13,Completed,13528.42,2006.83,2073.89,13595.48
806,2026-04-05 09:58:58,413,4,34,Completed,232186.56,0.0,41793.58,273980.14
807,2026-05-10 11:09:21,497,13,13,Completed,38212.56,0.0,6878.26,45090.82
808,2025-10-14 16:59:48,418,12,72,Completed,105543.01,8910.94,17393.77,114025.84
809,2026-06-26 21:27:06,16,6,66,Completed,241714.25,31052.84,37919.05,248580.46
810,2026-05-19 11:12:39,398,13,58,Completed,469173.2,0.0,84451.18,553624.38
811,2025-07-15 19:59:58,397,10,10,Completed,231935.6,5481.08,40761.81,267216.33
812,2026-05-30 14:41:23,286,13,58,Completed,165319.15,0.0,29757.45,195076.6
813,2026-06-26 09:36:22,22,1,46,Pending,153070.79,21134.35,23748.56,155685.0
814,2026-03-16 14:26:47,341,15,45,Completed,383709.3,0.0,69067.67,452776.97
815,2026-06-03 11:53:06,497,6,66,Completed,101457.56,0.0,18262.36,119719.92
816,2026-06-12 11:30:31,288,13,13,Completed,265904.48,0.0,47862.81,313767.29
817,2025-09-06 18:51:02,283,12,42,Completed,216165.5,0.0,38909.79,255075.29
818,2026-06-10 17:52:27,327,6,21,Completed,297571.75,0.0,53562.92,351134.67
819,2026-06-23 19:08:44,440,2,2,Completed,109633.96,0.0,19734.11,129368.07
820,2026-02-26 15:04:33,195,3,33,Completed,24531.92,3467.63,3791.57,24855.86
821,2026-05-15 15:01:01,256,5,50,Returned,441226.27,0.0,79420.73,520647.0
822,2026-01-04 17:38:38,168,3,3,Completed,808751.36,0.0,145575.24,954326.6
823,2026-06-22 21:21:20,186,2,2,Completed,315990.28,0.0,56878.25,372868.53
824,2025-11-24 12:03:17,94,10,40,Completed,486538.8,0.0,87576.98,574115.78
825,2026-05-07 18:55:44,390,9,9,Completed,41568.44,0.0,7482.32,49050.76
826,2025-11-23 15:48:59,465,9,39,Pending,132393.52,0.0,23830.83,156224.35
827,2024-07-09 19:21:17,471,15,75,Completed,733690.95,0.0,132064.37,865755.32
828,2026-06-14 10:57:30,71,2,2,Pending,158486.52,0.0,28527.57,187014.09
829,2026-06-18 10:16:10,415,6,66,Completed,317577.56,0.0,57163.96,374741.52
830,2024-09-16 14:10:11,288,15,30,Completed,153545.18,22423.59,23601.89,154723.48
831,2026-05-25 21:01:30,292,12,12,Completed,572895.18,82324.4,88302.74,578873.52
832,2026-03-24 19:32:15,363,3,18,Returned,300384.85,0.0,54069.27,354454.12
833,2026-06-21 18:50:46,3,11,41,Returned,127182.36,14221.59,20332.94,133293.71
834,2025-11-15 09:27:13,97,8,68,Completed,284157.39,0.0,51148.33,335305.72
835,2025-09-21 11:25:37,199,4,34,Completed,170812.42,0.0,30746.24,201558.66
836,2026-05-08 18:54:56,297,5,35,Completed,58858.88,0.0,10594.6,69453.48
837,2026-06-30 09:07:25,216,5,50,Completed,486993.37,19508.74,84147.23,551631.86
838,2026-04-23 18:11:52,383,5,50,Completed,446042.72,0.0,80287.69,526330.41
839,2025-12-01 20:02:14,62,11,11,Returned,118473.36,0.0,21325.2,139798.56
840,2025-02-25 19:25:08,382,1,76,Cancelled,232713.43,4916.8,41003.39,268800.02
841,2026-06-14 19:13:45,142,2,77,Completed,129397.31,0.0,23291.52,152688.83
842,2025-10-09 14:13:28,357,1,46,Completed,1889.76,0.0,340.16,2229.92
843,2026-06-08 14:20:26,371,11,11,Completed,284471.6,0.0,51204.89,335676.49
844,2026-02-19 19:12:54,266,11,26,Completed,173641.92,0.0,31255.55,204897.47
845,2026-06-07 19:54:42,106,7,52,Completed,164984.89,0.0,29697.28,194682.17
846,2026-04-13 13:00:27,251,5,35,Completed,126981.08,0.0,22856.59,149837.67
847,2026-06-22 16:33:18,32,13,13,Completed,73304.63,0.0,13194.83,86499.46
848,2026-04-07 13:17:11,57,15,45,Completed,179100.25,7512.55,30885.79,202473.49
849,2025-08-19 18:29:22,8,8,68,Completed,318937.23,37900.1,50586.68,331623.81
850,2025-12-05 16:24:17,115,8,8,Completed,318193.4,0.0,57274.81,375468.21
851,2026-06-14 21:15:41,113,8,8,Completed,204860.04,0.0,36874.81,241734.85
852,2026-06-17 13:46:23,113,9,24,Completed,93084.99,0.0,16755.3,109840.29
853,2026-06-30 21:19:47,354,2,47,Completed,237160.87,0.0,42688.96,279849.83
854,2026-04-05 13:16:51,33,10,10,Completed,81378.22,0.0,14648.08,96026.3
855,2026-06-23 18:36:51,491,11,41,Completed,76012.46,0.0,13682.24,89694.7
856,2025-09-10 09:09:01,472,3,63,Completed,43383.14,0.0,7808.97,51192.11
857,2026-06-01 18:21:00,354,13,73,Completed,395315.86,31380.11,65508.44,429444.19
858,2026-06-27 13:44:51,96,2,47,Completed,275029.14,0.0,49505.25,324534.39
859,2026-04-18 18:36:36,103,11,26,Completed,479902.07,0.0,86382.37,566284.44
860,2025-12-14 12:20:02,195,8,68,Completed,426658.83,0.0,76798.59,503457.42
861,2026-04-15 14:31:14,183,8,8,Completed,284967.91,0.0,51294.22,336262.13
862,2024-11-29 10:36:57,288,1,76,Completed,129292.99,0.0,23272.74,152565.73
863,2024-11-18 16:26:34,211,14,14,Returned,357711.8,0.0,64388.12,422099.92
864,2026-06-28 20:08:14,38,2,77,Completed,214985.28,0.0,38697.35,253682.63
865,2026-06-02 13:00:58,112,6,6,Completed,179099.06,26602.74,27449.34,179945.66
866,2026-06-21 16:57:13,62,5,50,Completed,265506.67,0.0,47791.2,313297.87
867,2025-05-15 21:16:50,473,4,4,Completed,158445.31,0.0,28520.16,186965.47
868,2025-11-09 16:44:17,383,11,11,Returned,158814.4,0.0,28586.59,187400.99
869,2026-06-28 16:52:13,337,13,13,Completed,419431.47,0.0,75497.66,494929.13
870,2026-06-03 17:37:14,455,6,6,Completed,41409.35,0.0,7453.68,48863.03
871,2025-10-31 14:48:28,143,1,46,Completed,358831.52,0.0,64589.67,423421.19
872,2025-10-12 19:36:01,85,1,76,Completed,480394.17,6885.49,85231.56,558740.24
873,2025-08-19 20:02:46,99,3,18,Completed,146430.65,0.0,26357.52,172788.17
874,2026-01-21 13:29:03,424,4,19,Completed,506619.19,0.0,91191.45,597810.64
875,2025-03-22 10:46:58,116,10,40,Returned,80210.03,10761.45,12500.74,81949.32
876,2026-05-30 19:27:09,188,11,26,Completed,204792.05,0.0,36862.57,241654.62
877,2025-08-03 15:00:10,427,15,30,Completed,189599.58,0.0,34127.92,223727.5
878,2026-06-16 10:48:10,273,3,63,Completed,15252.42,0.0,2745.44,17997.86
879,2026-06-22 12:44:52,79,7,7,Returned,205604.11,8058.79,35558.16,233103.48
880,2026-01-06 11:53:38,366,9,39,Completed,285263.93,35773.64,44908.25,294398.54
881,2025-11-13 11:39:53,291,4,79,Completed,351704.6,13942.25,60797.22,398559.57
882,2026-06-20 12:59:46,143,6,51,Completed,86913.48,0.0,15644.43,102557.91
883,2026-02-03 13:24:49,428,1,16,Completed,446151.69,0.0,80307.3,526458.99
884,2026-06-17 21:44:08,475,2,77,Completed,144928.46,4362.85,25301.81,165867.42
885,2025-09-02 17:30:25,118,12,72,Completed,125599.62,0.0,22607.93,148207.55
886,2025-08-03 17:11:34,298,12,27,Completed,365345.8,0.0,65762.24,431108.04
887,2024-12-24 17:54:38,410,3,18,Completed,247723.92,0.0,44590.31,292314.23
888,2025-12-04 17:34:05,38,4,4,Completed,271591.8,28284.46,43795.32,287102.66
889,2024-10-09 09:27:31,171,9,24,Completed,15802.82,0.0,2844.51,18647.33
890,2026-03-14 19:05:33,106,3,18,Returned,342468.94,50700.93,52518.24,344286.25
891,2026-06-16 20:48:20,227,2,62,Returned,31454.59,0.0,5661.83,37116.42
892,2026-04-10 09:48:00,349,5,35,Returned,307909.72,0.0,55423.75,363333.47
893,2025-11-04 21:46:01,397,11,41,Completed,278893.43,0.0,50200.82,329094.25
894,2026-05-11 10:44:12,85,13,73,Completed,243071.27,0.0,43752.83,286824.1
895,2026-06-25 09:50:40,413,2,62,Completed,140677.15,20739.84,21588.72,141526.03
896,2025-07-23 14:20:24,310,1,76,Completed,398159.54,11297.76,69635.12,456496.9
897,2026-01-25 13:10:05,407,15,45,Completed,153673.14,0.0,27661.17,181334.31
898,2026-06-20 16:33:58,76,10,70,Completed,786031.35,0.0,141485.64,927516.99
899,2026-04-25 18:50:02,78,3,33,Completed,271659.14,18606.04,45549.56,298602.66
900,2026-01-05 16:01:02,241,1,61,Completed,389189.21,10518.12,68160.8,446831.89
901,2026-06-12 12:24:22,2,11,26,Completed,280310.59,0.0,50455.91,330766.5
902,2026-06-17 11:25:24,46,6,51,Completed,165637.4,0.0,29814.73,195452.13
903,2026-06-12 17:14:20,121,7,7,Completed,319773.19,43223.37,49778.97,326328.79
904,2026-06-27 11:50:36,26,6,51,Completed,128419.14,0.0,23115.45,151534.59
905,2026-06-30 16:03:26,22,9,9,Completed,154138.94,0.0,27745.01,181883.95
906,2026-01-15 14:50:01,211,10,70,Completed,56817.57,0.0,10227.16,67044.73
907,2025-12-15 11:04:03,399,11,41,Completed,133125.65,0.0,23962.62,157088.27
908,2025-11-29 13:53:33,25,15,15,Completed,316222.5,0.0,56920.05,373142.55
909,2026-06-15 19:46:16,285,15,15,Cancelled,105303.3,12329.95,16735.2,109708.55
910,2025-11-03 16:56:59,330,3,78,Completed,406567.91,40372.35,65915.2,432110.76
911,2026-06-07 17:41:04,100,7,67,Completed,588776.43,0.0,105979.76,694756.19
912,2026-05-31 20:25:39,125,3,3,Completed,371908.89,17156.76,63855.38,418607.51
913,2026-06-13 19:42:42,372,3,78,Completed,813867.72,0.0,146496.19,960363.91
914,2026-04-09 12:56:26,209,5,5,Completed,193914.72,16638.4,31909.74,209186.06
915,2026-06-07 10:19:49,67,6,66,Completed,174538.0,16826.39,28388.09,186099.7
916,2025-12-17 13:40:24,237,14,14,Returned,302194.87,0.0,54395.08,356589.95
917,2026-06-23 13:55:55,485,13,43,Pending,773945.19,0.0,139310.13,913255.32
918,2026-06-21 19:23:21,207,13,28,Completed,228785.58,0.0,41181.4,269966.98
919,2026-04-09 19:05:30,96,5,5,Completed,64014.95,0.0,11522.69,75537.64
920,2026-06-30 13:32:36,211,13,43,Cancelled,112024.61,0.0,20164.43,132189.04
921,2026-06-16 20:06:23,272,9,9,Completed,618676.45,14872.21,108684.76,712489.0
922,2025-10-08 14:46:08,358,9,24,Completed,86639.68,0.0,15595.14,102234.82
923,2026-06-16 20:21:02,426,12,12,Completed,23704.23,0.0,4266.76,27970.99
924,2026-04-02 12:58:13,328,1,31,Completed,268884.4,0.0,48399.19,317283.59
925,2025-07-13 17:16:37,392,14,59,Completed,508075.43,0.0,91453.58,599529.01
926,2026-06-21 21:09:51,363,2,62,Completed,355196.4,0.0,63935.35,419131.75
927,2026-02-25 17:29:46,49,12,72,Completed,531742.25,67143.91,83627.7,548226.04
928,2026-01-04 12:15:37,64,9,9,Completed,105116.98,0.0,18921.06,124038.04
929,2026-03-04 11:25:41,348,4,79,Completed,244610.66,0.0,44029.92,288640.58
930,2026-05-17 09:46:04,116,1,46,Cancelled,430532.25,0.0,77495.8,508028.05
931,2026-06-23 17:31:48,471,13,73,Cancelled,113305.76,0.0,20395.04,133700.8
932,2026-06-30 15:49:35,200,2,62,Completed,149673.92,0.0,26941.31,176615.23
933,2025-10-26 11:13:52,269,15,15,Pending,609014.81,0.0,109622.67,718637.48
934,2025-12-09 14:49:26,416,1,61,Returned,140007.68,17608.03,22031.94,144431.59
935,2025-09-02 09:15:44,66,14,74,Completed,126529.62,0.0,22775.33,149304.95
936,2026-03-05 13:46:18,242,11,41,Returned,100835.14,0.0,18150.33,118985.47
937,2026-06-14 18:43:13,306,2,62,Completed,225583.66,0.0,40605.06,266188.72
938,2026-05-14 09:04:19,313,13,43,Completed,329040.97,0.0,59227.37,388268.34
939,2026-06-23 10:34:18,414,2,77,Completed,343535.38,27079.97,56961.97,373417.38
940,2026-03-29 09:37:08,204,9,54,Completed,315330.4,0.0,56759.47,372089.87
941,2026-05-20 20:10:13,209,4,19,Completed,345651.45,0.0,62217.26,407868.71
942,2025-10-12 16:17:21,259,3,3,Completed,215697.27,0.0,38825.51,254522.78
943,2026-06-15 20:47:54,40,2,47,Completed,135190.74,0.0,24334.33,159525.07
944,2026-05-15 09:53:23,67,9,54,Completed,44102.83,0.0,7938.51,52041.34
945,2026-05-21 16:59:25,399,13,43,Completed,319990.84,0.0,57598.35,377589.19
946,2026-06-08 20:06:07,495,13,13,Completed,128010.56,0.0,23041.9,151052.46
947,2026-05-08 12:55:03,219,13,13,Completed,284493.86,0.0,51208.89,335702.75
948,2026-06-13 18:05:52,105,6,66,Completed,204155.35,0.0,36747.96,240903.31
949,2026-06-24 10:20:47,14,7,7,Completed,486736.24,0.0,87612.52,574348.76
950,2025-10-11 14:22:03,488,3,18,Completed,673839.11,0.0,121291.04,795130.15
951,2026-04-24 18:06:31,261,9,24,Completed,28610.1,0.0,5149.82,33759.92
952,2026-06-04 18:13:33,249,7,67,Completed,190072.11,0.0,34212.98,224285.09
953,2026-01-10 12:19:57,149,12,12,Completed,225834.69,0.0,40650.24,266484.93
954,2025-12-06 14:19:15,407,9,54,Completed,223030.54,19407.95,36652.07,240274.66
955,2025-05-27 09:13:14,342,15,30,Completed,83936.4,10730.01,13177.15,86383.54
956,2026-05-06 10:42:23,315,12,12,Completed,136056.56,0.0,24490.18,160546.74
957,2024-10-30 17:23:36,356,1,61,Completed,392244.71,0.0,70604.05,462848.76
958,2026-05-24 18:11:59,34,13,43,Pending,384072.7,0.0,69133.09,453205.79
959,2026-04-28 15:48:38,232,5,50,Completed,59482.04,0.0,10706.77,70188.81
960,2026-06-11 18:36:51,320,11,26,Completed,169726.57,0.0,30550.78,200277.35
961,2026-05-29 17:41:38,400,11,26,Completed,316978.19,0.0,57056.07,374034.26
962,2025-08-21 17:18:09,382,12,57,Completed,123762.76,0.0,22277.3,146040.06
963,2026-04-29 18:15:09,188,10,70,Completed,460742.35,0.0,82933.62,543675.97
964,2026-06-10 13:36:39,53,5,5,Completed,281515.99,0.0,50672.88,332188.87
965,2025-09-07 10:11:53,439,4,19,Completed,291860.24,0.0,52534.84,344395.08
966,2025-12-14 21:27:25,420,4,34,Completed,6070.99,0.0,1092.78,7163.77
967,2026-06-04 20:01:35,492,1,46,Completed,63508.23,0.0,11431.48,74939.71
968,2026-04-28 21:26:57,204,11,11,Pending,71084.53,0.0,12795.22,83879.75
969,2025-10-31 17:46:14,227,3,18,Completed,336614.99,0.0,60590.7,397205.69
970,2026-06-21 17:08:42,113,6,51,Returned,333748.94,8434.5,58556.6,383871.04
971,2026-05-26 09:57:22,388,1,31,Cancelled,424163.53,0.0,76349.44,500512.97
972,2025-12-04 20:36:39,455,11,11,Completed,51492.2,0.0,9268.6,60760.8
973,2026-01-07 18:48:22,16,9,24,Returned,657841.01,91845.79,101879.14,667874.36
974,2026-06-20 10:50:35,76,7,67,Completed,85816.42,0.0,15446.96,101263.38
975,2026-06-21 10:59:53,194,6,66,Completed,429763.16,0.0,77357.37,507120.53
976,2025-09-05 19:53:43,288,8,23,Completed,36408.28,0.0,6553.49,42961.77
977,2026-06-30 14:59:48,393,4,34,Completed,54097.41,0.0,9737.53,63834.94
978,2025-10-19 17:09:15,432,4,34,Completed,111880.96,3140.57,19573.27,128313.66
979,2026-05-11 19:57:02,396,5,50,Completed,562659.34,0.0,101278.68,663938.02
980,2026-04-27 12:00:00,427,3,63,Completed,272283.82,0.0,49011.09,321294.91
981,2026-06-20 15:04:03,264,7,67,Returned,304490.47,15310.71,52052.36,341232.12
982,2026-06-07 10:05:42,391,7,67,Completed,368038.63,0.0,66246.95,434285.58
983,2026-06-02 10:24:33,314,6,6,Completed,141426.03,18751.49,22081.42,144755.96
984,2026-05-14 19:38:04,332,5,5,Completed,593810.48,60422.2,96009.89,629398.17
985,2026-01-30 21:11:55,165,1,46,Completed,503748.45,0.0,90674.72,594423.17
986,2025-07-04 19:26:40,101,14,74,Completed,214587.83,0.0,38625.81,253213.64
987,2026-06-28 13:17:01,374,6,21,Completed,435608.75,0.0,78409.57,514018.32
988,2025-12-08 15:10:03,226,8,68,Returned,529506.65,0.0,95311.2,624817.85
989,2026-04-18 15:48:55,230,15,30,Completed,356379.66,43241.89,56364.8,369502.57
990,2025-02-07 09:35:51,67,10,40,Completed,113816.92,0.0,20487.05,134303.97
991,2026-06-02 16:59:24,447,8,68,Completed,326180.64,0.0,58712.52,384893.16
992,2026-06-27 21:16:01,83,10,10,Completed,46909.04,0.0,8443.63,55352.67
993,2026-01-04 10:12:12,269,11,41,Completed,401310.1,0.0,72235.82,473545.92
994,2026-06-24 14:45:59,119,2,32,Completed,60429.8,6707.99,9669.93,63391.74
995,2026-02-25 16:34:59,177,15,75,Completed,441528.37,6795.59,78251.9,512984.68
996,2026-06-30 10:05:38,6,4,19,Completed,374148.71,6295.45,66213.59,434066.85
997,2026-06-27 12:52:32,195,2,32,Cancelled,8362.38,0.0,1505.23,9867.61
998,2025-11-19 17:36:22,163,3,63,Returned,269642.64,0.0,48535.68,318178.32
999,2025-05-06 19:34:18,98,4,79,Completed,234026.14,0.0,42124.71,276150.85
1000,2026-01-10 18:20:03,304,1,76,Completed,180137.24,0.0,32424.7,212561.94
1001,2026-04-12 10:27:17,203,5,50,Completed,459498.38,0.0,82709.71,542208.09
1002,2026-03-24 19:16:53,28,4,79,Completed,92734.23,2082.24,16317.36,106969.35
1003,2025-08-08 16:47:50,241,9,9,Completed,295442.57,0.0,53179.66,348622.23
1004,2024-12-27 09:53:10,263,3,18,Completed,32424.99,1441.55,5577.02,36560.46
1005,2026-04-27 11:06:40,450,8,68,Returned,592574.58,0.0,106663.42,699238.0
1006,2025-10-13 18:34:21,266,15,75,Completed,127345.39,11436.02,20863.69,136773.06
1007,2026-06-22 12:48:27,252,13,73,Returned,205363.74,0.0,36965.47,242329.21
1008,2024-10-01 10:54:32,119,14,74,Completed,465725.67,0.0,83830.62,549556.29
1009,2026-06-01 14:14:36,349,6,66,Completed,157163.95,0.0,28289.51,185453.46
1010,2026-03-30 21:44:37,492,12,12,Completed,408325.54,0.0,73498.6,481824.14
1011,2026-06-02 16:30:44,326,7,52,Completed,288031.26,7829.86,50436.25,330637.65
1012,2026-02-09 17:49:51,441,8,8,Completed,126529.62,8071.37,21322.49,139780.74
1013,2026-06-29 09:24:34,406,1,31,Completed,18898.17,1603.11,3113.11,20408.17
1014,2024-09-15 12:40:22,338,14,14,Completed,48091.1,0.0,8656.4,56747.5
1015,2026-06-25 09:49:21,82,2,62,Completed,232214.22,0.0,41798.56,274012.78
1016,2026-03-09 13:25:36,230,15,15,Completed,325145.58,20958.52,54753.67,358940.73
1017,2025-07-21 18:08:20,38,9,24,Completed,332387.72,0.0,59829.79,392217.51
1018,2025-08-06 17:37:34,497,8,68,Completed,11001.76,0.0,1980.32,12982.08
1019,2026-02-11 18:34:18,138,4,79,Completed,602287.02,0.0,108411.66,710698.68
1020,2026-04-11 09:54:21,445,1,16,Completed,426135.82,0.0,76704.45,502840.27
1021,2026-05-08 17:27:46,488,10,40,Completed,135176.9,0.0,24331.84,159508.74
1022,2026-05-14 19:08:19,355,5,50,Completed,46291.24,0.0,8332.42,54623.66
1023,2026-04-27 17:35:40,173,14,74,Completed,222481.53,0.0,40046.68,262528.21
1024,2026-06-03 19:34:32,44,5,35,Completed,272002.81,0.0,48960.51,320963.32
1025,2026-06-19 19:28:05,415,13,13,Completed,11066.64,0.0,1992.0,13058.64
1026,2026-02-12 15:30:12,92,4,79,Completed,100426.73,0.0,18076.81,118503.54
1027,2026-01-03 18:28:17,498,11,11,Completed,89348.83,0.0,16082.79,105431.62
1028,2026-06-17 16:39:34,40,10,10,Completed,101910.22,0.0,18343.84,120254.06
1029,2026-04-06 15:32:31,278,3,78,Completed,390622.42,58358.42,59807.52,392071.52
1030,2025-08-22 17:36:12,79,14,14,Completed,68600.62,0.0,12348.11,80948.73
1031,2026-06-02 14:43:33,384,1,76,Pending,482741.92,0.0,86893.55,569635.47
1032,2025-09-10 09:44:17,330,3,18,Completed,92719.93,0.0,16689.59,109409.52
1033,2026-06-19 15:46:39,340,15,45,Completed,193796.12,0.0,34883.3,228679.42
1034,2024-11-17 19:07:10,234,10,10,Completed,151468.14,0.0,27264.27,178732.41
1035,2025-09-13 13:16:11,278,3,33,Cancelled,280612.01,0.0,50510.16,331122.17
1036,2026-02-03 12:08:22,202,8,68,Completed,451967.42,0.0,81354.14,533321.56
1037,2026-06-27 12:40:08,314,5,5,Completed,249710.69,13102.51,42589.47,279197.65
1038,2026-05-09 15:53:55,379,10,55,Completed,109250.28,0.0,19665.05,128915.33
1039,2026-06-07 15:10:16,482,4,4,Completed,87944.34,6418.11,14674.72,96200.95
1040,2026-01-01 17:48:21,349,15,45,Completed,286659.51,0.0,51598.71,338258.22
1041,2026-04-05 15:10:36,478,8,8,Completed,74875.3,0.0,13477.55,88352.85
1042,2026-05-09 12:21:33,485,10,40,Completed,350894.28,0.0,63160.97,414055.25
1043,2026-06-08 17:06:35,352,6,6,Completed,24742.5,340.51,4392.36,28794.35
1044,2026-06-21 16:33:16,190,6,6,Cancelled,56227.97,0.0,10121.03,66349.0
1045,2025-05-06 09:39:20,487,14,74,Completed,313215.08,0.0,56378.71,369593.79
1046,2026-05-28 13:14:00,396,11,26,Completed,493670.69,0.0,88860.72,582531.41
1047,2026-06-28 19:57:32,322,10,10,Completed,163691.52,16237.22,26541.77,173996.07
1048,2025-08-10 18:30:10,39,15,15,Returned,122185.86,7046.72,20725.05,135864.19
1049,2025-03-01 18:15:17,268,14,74,Returned,247103.68,0.0,44478.66,291582.34
1050,2026-06-09 15:19:05,45,14,59,Completed,688197.86,26821.63,119047.72,780423.95
1051,2026-06-24 12:06:13,233,2,47,Completed,168683.91,0.0,30363.1,199047.01
1052,2026-01-07 16:46:54,188,10,40,Cancelled,753539.73,28017.82,130593.94,856115.85
1053,2026-01-13 14:02:01,50,4,79,Cancelled,176163.28,0.0,31709.39,207872.67
1054,2025-12-04 13:49:50,137,14,14,Completed,460750.5,0.0,82935.09,543685.59
1055,2026-06-15 15:39:33,398,6,21,Cancelled,152689.11,0.0,27484.04,180173.15
1056,2026-06-18 16:35:03,63,12,72,Completed,92751.57,13149.63,14328.35,93930.29
1057,2025-10-24 13:23:08,428,3,63,Completed,32297.74,534.06,5717.46,37481.14
1058,2026-04-17 11:56:08,264,9,39,Cancelled,402676.32,0.0,72481.74,475158.06
1059,2026-06-01 09:20:55,286,13,58,Completed,572200.1,45251.43,94850.76,621799.43
1060,2026-06-29 16:17:19,260,7,52,Completed,595174.23,0.0,107131.36,702305.59
1061,2026-01-05 17:21:47,71,8,68,Completed,149324.16,18279.43,23588.05,154632.78
1062,2026-05-11 18:27:23,144,9,39,Completed,131339.56,0.0,23641.12,154980.68
1063,2026-05-24 11:32:08,163,13,73,Completed,140300.81,6244.53,24130.13,158186.41
1064,2026-05-08 21:44:27,315,15,15,Returned,390228.23,25514.99,65648.38,430361.62
1065,2026-02-25 09:09:51,14,3,3,Returned,115987.28,0.0,20877.71,136864.99
1066,2026-03-12 12:08:41,328,4,19,Completed,158754.84,3600.53,27927.78,183082.09
1067,2026-05-30 14:55:20,453,14,14,Completed,284340.4,0.0,51181.27,335521.67
1068,2026-06-24 09:33:13,3,6,51,Completed,224243.32,0.0,40363.8,264607.12
1069,2025-05-10 13:19:18,218,9,24,Completed,292967.47,0.0,52734.14,345701.61
1070,2026-01-30 18:39:45,269,10,70,Completed,244611.91,0.0,44030.14,288642.05
1071,2024-11-25 15:28:57,256,14,74,Completed,240160.9,0.0,43228.96,283389.86
1072,2026-06-01 15:09:47,226,12,42,Pending,204691.42,0.0,36844.46,241535.88
1073,2026-06-20 20:10:58,188,14,74,Completed,489754.12,0.0,88155.74,577909.86
1074,2026-06-20 21:52:11,108,2,77,Completed,195142.48,0.0,35125.65,230268.13
1075,2025-11-19 12:53:04,414,14,14,Completed,479857.05,27319.83,81456.7,533993.92
1076,2026-06-25 13:39:05,311,3,3,Completed,273654.33,0.0,49257.78,322912.11
1077,2026-02-26 12:26:16,379,1,1,Completed,840090.02,0.0,151216.2,991306.22
1078,2026-04-11 14:01:34,105,12,72,Completed,355125.41,0.0,63922.57,419047.98
1079,2026-05-31 19:29:11,242,7,67,Completed,41467.75,0.0,7464.19,48931.94
1080,2026-06-15 14:16:47,461,6,66,Cancelled,106065.4,0.0,19091.77,125157.17
1081,2026-03-01 11:24:09,288,11,26,Completed,193670.61,0.0,34860.71,228531.32
1082,2025-12-04 18:05:32,483,1,31,Completed,250455.12,0.0,45081.92,295537.04
1083,2026-02-22 15:57:42,438,11,41,Completed,205512.75,0.0,36992.29,242505.04
1084,2026-06-18 17:55:11,374,2,62,Completed,205847.67,20815.58,33305.78,218337.87
1085,2026-06-19 10:29:43,492,2,62,Completed,74214.45,7158.75,12070.03,79125.73
1086,2026-06-11 19:37:11,227,13,28,Returned,399612.62,35293.42,65577.46,429896.66
1087,2025-06-28 11:09:36,475,1,31,Cancelled,525557.81,0.0,94600.41,620158.22
1088,2026-03-10 11:06:46,466,10,40,Completed,467999.68,0.0,84239.94,552239.62
1089,2025-12-19 19:19:15,168,11,41,Completed,367764.61,37452.32,59456.21,389768.5
1090,2026-06-21 19:23:44,74,4,19,Cancelled,273760.11,15171.43,46545.96,305134.64
1091,2026-02-01 17:19:17,405,10,40,Completed,412598.59,0.0,74267.75,486866.34
1092,2026-06-28 12:10:51,251,12,57,Completed,123964.05,0.0,22313.53,146277.58
1093,2026-01-30 13:55:16,127,1,61,Completed,173802.85,0.0,31284.51,205087.36
1094,2026-06-14 20:46:07,488,13,58,Completed,162261.9,0.0,29207.14,191469.04
1095,2025-05-09 11:36:11,229,10,70,Completed,352289.78,0.0,63412.16,415701.94
1096,2026-05-24 19:57:38,83,1,31,Completed,24616.22,0.0,4430.92,29047.14
1097,2026-06-30 10:13:31,270,15,75,Completed,392295.8,0.0,70613.24,462909.04
1098,2026-06-19 17:58:33,419,6,21,Completed,263380.33,0.0,47408.46,310788.79
1099,2026-04-08 10:08:50,77,1,76,Completed,208078.0,0.0,37454.04,245532.04
1100,2026-06-26 12:11:02,374,13,13,Completed,526368.42,0.0,94746.32,621114.74
1101,2026-06-06 18:51:43,136,13,73,Completed,209829.14,0.0,37769.25,247598.39
1102,2026-01-12 19:13:44,266,9,54,Completed,184231.61,11742.36,31048.06,203537.31
1103,2026-05-13 17:22:11,361,15,45,Completed,249989.3,10652.42,43080.64,282417.52
1104,2026-05-28 12:01:17,274,7,7,Cancelled,187074.23,18767.88,30295.14,198601.49
1105,2026-01-25 10:52:36,121,15,75,Completed,219862.46,0.0,39575.24,259437.7
1106,2026-06-15 10:22:53,294,6,6,Completed,48091.1,0.0,8656.4,56747.5
1107,2025-12-18 21:09:41,489,4,4,Completed,40892.85,0.0,7360.71,48253.56
1108,2026-05-31 09:05:19,399,15,45,Returned,686533.0,0.0,123575.94,810108.94
1109,2026-03-08 12:03:39,142,11,41,Completed,78878.56,0.0,14198.14,93076.7
1110,2026-02-07 16:05:13,467,1,61,Completed,231743.95,32456.1,35871.81,235159.66
1111,2026-06-17 11:25:03,256,2,77,Completed,147581.32,0.0,26564.64,174145.96
1112,2025-06-25 11:07:55,375,3,3,Completed,245731.75,9362.91,42546.39,278915.23
1113,2026-03-12 21:42:08,359,8,23,Completed,136597.3,0.0,24587.51,161184.81
1114,2026-05-13 10:24:25,311,13,13,Completed,24480.91,0.0,4406.56,28887.47
1115,2025-06-29 18:46:02,468,3,3,Completed,182837.49,0.0,32910.75,215748.24
1116,2026-06-30 12:12:59,371,6,66,Completed,172821.14,0.0,31107.81,203928.95
1117,2026-06-22 18:12:27,374,4,4,Completed,136635.68,4769.61,23735.89,155601.96
1118,2026-03-09 16:41:56,107,9,9,Completed,173117.94,0.0,31161.23,204279.17
1119,2026-05-12 11:48:50,155,13,73,Completed,156854.49,0.0,28233.81,185088.3
1120,2026-06-14 21:35:43,52,2,47,Completed,50947.89,0.0,9170.62,60118.51
1121,2026-06-01 09:36:42,269,3,33,Completed,55420.51,0.0,9975.69,65396.2
1122,2026-04-24 15:08:01,69,3,78,Completed,76992.97,0.0,13858.73,90851.7
1123,2025-09-24 20:24:53,303,4,34,Completed,10958.09,0.0,1972.46,12930.55
1124,2025-10-24 20:42:36,415,12,12,Completed,183164.3,0.0,32969.57,216133.87
1125,2026-06-06 09:49:06,66,13,73,Completed,96666.08,0.0,17399.89,114065.97
1126,2026-06-22 12:27:59,233,2,32,Completed,130746.82,0.0,23534.43,154281.25
1127,2026-03-09 13:48:59,168,9,39,Completed,385301.81,0.0,69354.33,454656.14
1128,2024-11-27 20:49:09,434,1,31,Pending,317533.98,0.0,57156.12,374690.1
1129,2026-01-27 10:23:39,247,15,15,Completed,64005.28,0.0,11520.95,75526.23
1130,2025-01-19 09:10:38,119,9,54,Completed,171595.7,0.0,30887.23,202482.93
1131,2026-02-12 15:55:37,227,12,12,Pending,63589.5,9328.04,9767.06,64028.52
1132,2026-05-30 17:41:57,117,3,18,Completed,194247.24,0.0,34964.5,229211.74
1133,2026-06-26 19:00:14,164,5,5,Completed,215718.91,0.0,38829.4,254548.31
1134,2026-05-08 09:07:01,444,5,5,Completed,373976.32,0.0,67315.74,441292.06
1135,2026-06-14 18:58:49,465,15,75,Returned,58849.28,0.0,10592.87,69442.15
1136,2026-05-30 14:28:37,189,7,52,Returned,177966.53,13906.45,29530.81,193590.89
1137,2026-06-14 11:15:16,179,6,51,Completed,44338.32,0.0,7980.9,52319.22
1138,2025-08-25 15:00:07,55,3,33,Pending,38757.35,0.0,6976.32,45733.67
1139,2026-06-26 21:32:07,31,13,13,Pending,397047.67,40314.4,64211.99,420945.26
1140,2026-06-10 12:06:28,14,13,58,Completed,105694.19,0.0,19024.95,124719.14
1141,2026-06-19 15:33:02,391,2,62,Completed,68580.0,0.0,12344.4,80924.4
1142,2026-06-28 10:09:37,265,2,47,Pending,212721.96,2616.1,37819.05,247924.91
1143,2026-06-15 16:05:12,369,2,47,Completed,266223.35,0.0,47920.2,314143.55
1144,2025-11-20 09:29:45,210,8,8,Completed,49485.0,0.0,8907.3,58392.3
1145,2025-09-16 17:17:31,41,1,31,Completed,97456.92,0.0,17542.25,114999.17
1146,2026-06-02 20:12:01,411,7,7,Pending,252387.34,18058.57,42179.18,276507.95
1147,2025-12-12 17:43:22,223,3,33,Completed,152260.85,2175.95,27015.28,177100.18
1148,2026-06-11 16:01:13,361,7,67,Completed,117499.72,0.0,21149.95,138649.67
1149,2026-06-27 21:55:49,3,6,21,Completed,128188.65,0.0,23073.96,151262.61
1150,2024-12-03 15:56:25,207,3,63,Completed,372560.93,11439.3,65001.89,426123.52
1151,2026-06-16 17:15:53,77,2,47,Returned,78978.91,0.0,14216.2,93195.11
1152,2025-08-02 09:17:25,438,8,8,Completed,200080.39,0.0,36014.47,236094.86
1153,2026-06-26 18:01:48,52,5,35,Completed,212122.97,0.0,38182.13,250305.1
1154,2026-06-04 16:42:29,60,1,46,Completed,425334.84,32595.2,70693.14,463432.78
1155,2026-05-28 19:16:37,130,1,1,Completed,144561.72,0.0,26021.11,170582.83
1156,2026-06-21 21:44:54,394,9,9,Completed,72236.68,0.0,13002.6,85239.28
1157,2026-04-07 14:15:42,357,5,50,Returned,600556.05,0.0,108100.09,708656.14
1158,2026-06-02 13:39:38,34,6,21,Completed,339935.24,0.0,61188.34,401123.58
1159,2026-05-24 15:50:38,414,10,55,Completed,84819.83,10139.12,13442.53,88123.24
1160,2026-04-12 10:12:29,253,11,11,Completed,267320.96,27897.73,43096.18,282519.41
1161,2026-06-26 18:35:47,351,2,62,Completed,245955.79,31451.38,38610.79,253115.2
1162,2024-08-02 11:13:31,211,15,75,Completed,456829.11,0.0,82229.24,539058.35
1163,2026-05-05 13:15:14,26,8,23,Completed,416312.15,0.0,74936.19,491248.34
1164,2026-06-06 12:47:44,391,6,66,Cancelled,303879.68,0.0,54698.34,358578.02
1165,2026-03-24 18:28:51,343,10,55,Pending,34460.5,0.0,6202.89,40663.39
1166,2025-06-07 15:54:42,365,14,59,Completed,286583.83,0.0,51585.09,338168.92
1167,2026-04-06 16:52:57,110,8,8,Completed,399666.81,0.0,71940.03,471606.84
1168,2026-06-27 09:53:10,88,2,2,Completed,194654.88,0.0,35037.88,229692.76
1169,2026-06-16 13:06:54,338,1,76,Cancelled,206146.23,0.0,37106.32,243252.55
1170,2026-06-02 14:43:44,480,9,9,Completed,129212.46,0.0,23258.24,152470.7
1171,2026-05-25 10:05:28,293,9,54,Cancelled,176985.93,0.0,31857.47,208843.4
1172,2026-04-24 19:37:18,375,14,74,Returned,254141.62,0.0,45745.49,299887.11
1173,2026-06-19 15:57:16,261,1,1,Completed,363735.89,24185.38,61119.09,400669.6
1174,2025-11-26 14:33:32,71,3,3,Completed,28322.69,0.0,5098.08,33420.77
1175,2026-03-07 14:28:59,120,10,70,Pending,141735.38,10077.22,23698.47,155356.63
1176,2026-06-11 17:02:26,89,1,1,Completed,232031.71,15711.09,38937.71,255258.33
1177,2026-06-23 11:53:12,243,11,11,Completed,182742.44,0.0,32893.64,215636.08
1178,2026-05-28 10:48:41,44,5,50,Completed,78988.82,10145.2,12391.85,81235.47
1179,2026-05-26 19:52:37,479,3,78,Completed,525408.59,63515.89,83140.69,545033.39
1180,2026-06-06 17:09:29,85,10,70,Completed,194483.33,0.0,35007.0,229490.33
1181,2026-06-29 09:17:02,201,10,70,Completed,31277.82,0.0,5630.01,36907.83
1182,2025-11-16 21:05:50,118,12,12,Completed,79944.39,0.0,14389.99,94334.38
1183,2026-06-02 16:57:35,58,6,66,Completed,210238.42,28802.34,32658.49,214094.57
1184,2026-05-13 21:44:35,91,8,23,Returned,40444.04,0.0,7279.93,47723.97
1185,2026-01-04 10:49:59,171,12,57,Completed,60777.43,0.0,10939.94,71717.37
1186,2026-06-17 19:25:11,409,14,74,Completed,97872.67,0.0,17617.08,115489.75
1187,2025-08-29 18:24:24,24,15,75,Returned,167160.83,0.0,30088.95,197249.78
1188,2026-06-21 09:17:28,369,5,50,Completed,230738.38,0.0,41532.91,272271.29
1189,2026-06-14 11:35:21,78,2,62,Completed,505040.87,0.0,90907.36,595948.23
1190,2025-12-09 21:15:52,73,3,33,Completed,205968.8,0.0,37074.38,243043.18
1191,2025-08-03 17:36:50,141,9,24,Returned,204230.53,0.0,36761.5,240992.03
1192,2026-06-23 12:39:02,137,9,54,Completed,64857.28,0.0,11674.31,76531.59
1193,2026-06-07 11:48:33,71,5,35,Completed,452119.43,0.0,81381.5,533500.93
1194,2026-06-14 18:53:04,295,2,62,Completed,524.44,0.0,94.4,618.84
1195,2026-04-10 21:46:15,38,4,4,Completed,926988.11,64067.59,155325.69,1018246.21
1196,2026-06-13 12:45:26,387,10,40,Completed,413477.19,0.0,74425.89,487903.08
1197,2026-02-10 09:21:11,110,8,68,Returned,179718.73,0.0,32349.37,212068.1
1198,2025-08-30 17:32:06,23,15,45,Completed,260494.59,0.0,46889.03,307383.62
1199,2024-09-22 11:23:58,400,14,74,Cancelled,136772.22,0.0,24619.0,161391.22
1200,2026-04-25 13:07:39,385,5,35,Completed,202065.9,0.0,36371.86,238437.76
1201,2026-06-09 12:44:18,163,11,11,Completed,121071.91,0.0,21792.94,142864.85
1202,2026-05-02 10:30:48,404,10,70,Completed,311634.22,0.0,56094.16,367728.38
1203,2026-06-08 17:08:44,460,15,15,Completed,84789.58,0.0,15262.12,100051.7
1204,2025-11-18 17:58:46,276,10,10,Pending,418629.35,0.0,75353.28,493982.63
1205,2025-09-29 10:17:05,206,8,68,Completed,202618.94,0.0,36471.41,239090.35
1206,2026-02-08 14:39:11,212,9,9,Completed,144564.57,0.0,26021.62,170586.19
1207,2026-06-29 15:39:42,321,7,52,Returned,216778.51,0.0,39020.13,255798.64
1208,2026-03-22 18:25:44,413,15,30,Completed,308084.64,0.0,55455.24,363539.88
1209,2026-05-25 18:19:44,226,5,50,Completed,66495.44,0.0,11969.18,78464.62
1210,2026-06-19 13:20:51,47,6,51,Completed,124515.88,0.0,22412.86,146928.74
1211,2026-06-18 20:38:43,57,2,77,Completed,123073.78,0.0,22153.28,145227.06
1212,2026-01-29 12:44:59,433,11,26,Completed,343119.12,0.0,61761.44,404880.56
1213,2025-01-06 10:30:05,356,1,31,Completed,33060.35,0.0,5950.86,39011.21
1214,2026-05-15 17:48:49,373,1,16,Completed,63896.95,0.0,11501.45,75398.4
1215,2026-03-13 12:26:45,203,4,79,Completed,286937.76,7257.67,50342.42,330022.51
1216,2025-10-01 14:38:03,52,9,39,Completed,191296.66,3002.25,33892.99,222187.4
1217,2025-11-10 21:08:19,4,1,1,Completed,367381.69,0.0,66128.7,433510.39
1218,2026-04-13 13:58:24,298,5,5,Returned,218985.98,0.0,39417.48,258403.46
1219,2026-04-19 18:27:27,350,14,59,Completed,373982.76,0.0,67316.9,441299.66
1220,2026-06-09 11:00:52,26,6,66,Returned,359936.26,0.0,64788.53,424724.79
1221,2026-06-28 14:31:48,160,6,66,Completed,132122.46,19783.94,20220.93,132559.45
1222,2025-12-13 16:50:19,276,15,15,Completed,161330.64,0.0,29039.52,190370.16
1223,2026-06-17 21:38:01,494,4,19,Completed,297377.78,0.0,53528.0,350905.78
1224,2026-06-07 21:25:56,125,14,59,Completed,548233.51,0.0,98682.03,646915.54
1225,2024-08-02 21:26:21,67,14,74,Completed,448324.52,44036.06,72771.92,477060.38
1226,2026-06-24 18:38:22,28,2,62,Completed,318184.98,0.0,57273.3,375458.28
1227,2026-05-19 11:54:11,28,1,76,Completed,211491.18,25028.52,33563.28,220025.94
1228,2026-06-03 15:56:30,78,5,5,Completed,499102.3,0.0,89838.41,588940.71
1229,2026-04-24 21:20:39,243,5,35,Completed,262792.45,0.0,47302.64,310095.09
1230,2026-06-19 13:45:06,15,2,2,Completed,769924.19,0.0,138586.35,908510.54
1231,2025-08-23 17:51:33,467,14,74,Completed,9102.07,743.63,1504.52,9862.96
1232,2025-04-22 10:30:37,31,1,61,Completed,449063.43,0.0,80831.42,529894.85
1233,2026-06-14 17:08:12,203,8,68,Completed,297895.2,17058.85,50550.54,331386.89
1234,2026-06-23 21:57:00,89,10,55,Cancelled,83131.07,0.0,14963.59,98094.66
1235,2026-06-25 15:50:16,140,8,8,Completed,74491.86,10730.44,11477.06,75238.48
1236,2026-05-10 11:46:07,327,13,58,Completed,9484.95,0.0,1707.29,11192.24
1237,2026-03-30 20:48:56,28,4,34,Completed,2942.4,0.0,529.63,3472.03
1238,2026-06-19 21:34:03,117,7,52,Completed,98800.22,0.0,17784.04,116584.26
1239,2025-09-09 14:16:32,180,14,74,Completed,251815.55,35098.58,39009.05,255726.02
1240,2026-06-21 17:20:56,66,2,77,Completed,232311.6,33272.44,35827.05,234866.21
1241,2026-05-09 09:43:27,409,13,43,Completed,183549.99,0.0,33039.0,216588.99
1242,2026-06-21 16:21:47,335,6,51,Completed,394193.01,16346.74,68012.33,445858.6
1243,2024-07-30 11:12:09,101,14,14,Cancelled,313710.28,41454.01,49006.13,321262.4
1244,2026-06-24 21:47:46,230,5,50,Cancelled,37621.08,0.0,6771.79,44392.87
1245,2025-12-31 16:57:49,350,10,10,Completed,56504.1,0.0,10170.74,66674.84
1246,2026-02-22 19:43:47,106,4,34,Completed,251145.15,0.0,45206.13,296351.28
1247,2026-06-30 17:34:24,87,1,16,Completed,155019.01,0.0,27903.42,182922.43
1248,2026-06-25 20:00:41,420,2,62,Completed,128890.69,0.0,23200.32,152091.01
1249,2026-05-17 21:24:15,411,14,14,Completed,28698.29,0.0,5165.69,33863.98
1250,2026-06-02 15:38:50,131,6,21,Cancelled,264797.9,0.0,47663.62,312461.52
1251,2026-06-17 11:17:39,167,12,72,Completed,248928.43,0.0,44807.12,293735.55
1252,2025-05-11 09:02:54,170,14,14,Completed,272974.5,0.0,49135.41,322109.91
1253,2026-06-07 10:45:55,359,13,13,Completed,357336.66,0.0,64320.6,421657.26
1254,2026-05-13 10:53:27,243,9,39,Completed,505098.95,0.0,90917.81,596016.76
1255,2026-06-11 19:23:16,89,5,35,Completed,366171.46,0.0,65910.86,432082.32
1256,2026-03-25 17:56:23,28,14,74,Completed,23377.61,0.0,4207.97,27585.58
1257,2025-12-26 20:50:35,244,10,40,Completed,305169.12,36824.92,48301.96,316646.16
1258,2026-05-10 21:46:42,329,11,41,Completed,300753.52,0.0,54135.63,354889.15
1259,2025-05-20 17:29:32,330,10,10,Completed,56494.42,3560.65,9528.08,62461.85
1260,2026-04-03 21:39:36,131,14,74,Completed,504624.06,63377.52,79424.38,520670.92
1261,2026-06-15 13:20:30,301,9,24,Completed,282912.54,0.0,50924.26,333836.8
1262,2026-03-08 13:53:28,69,14,59,Completed,152222.38,0.0,27400.03,179622.41
1263,2026-05-28 21:05:55,130,7,7,Completed,122723.92,0.0,22090.31,144814.23
1264,2025-12-08 11:17:08,307,9,54,Completed,627169.14,0.0,112890.45,740059.59
1265,2026-03-24 16:10:33,426,9,24,Completed,7652.14,627.56,1264.42,8289.0
1266,2026-05-15 10:41:42,291,13,13,Returned,209365.47,0.0,37685.78,247051.25
1267,2026-06-08 11:33:55,16,7,7,Completed,321546.49,0.0,57878.37,379424.86
1268,2026-05-01 12:10:09,26,12,72,Completed,683387.68,0.0,123009.78,806397.46
1269,2026-06-19 12:11:56,418,2,2,Pending,110428.69,0.0,19877.16,130305.85
1270,2026-04-24 16:27:24,33,12,72,Completed,95139.01,0.0,17125.02,112264.03
1271,2026-05-20 20:24:07,466,1,61,Pending,218326.2,0.0,39298.72,257624.92
1272,2025-09-18 14:24:50,43,14,59,Completed,426647.96,0.0,76796.63,503444.59
1273,2026-02-13 13:59:20,32,15,30,Completed,431015.64,0.0,77582.82,508598.46
1274,2026-06-30 21:03:50,329,2,77,Completed,299353.95,0.0,53883.71,353237.66
1275,2026-06-16 11:12:20,216,13,73,Completed,375180.53,0.0,67532.5,442713.03
1276,2025-03-02 09:00:12,444,10,55,Completed,48475.42,3458.66,8103.02,53119.78
1277,2025-10-18 09:23:52,9,8,23,Completed,311300.08,0.0,56034.01,367334.09
1278,2026-06-15 10:21:01,484,6,66,Completed,60645.79,8782.13,9335.46,61199.12
1279,2026-06-19 15:17:05,24,7,52,Returned,397966.38,0.0,71633.95,469600.33
1280,2026-06-20 14:19:55,464,11,26,Completed,683269.25,0.0,122988.46,806257.71
1281,2025-11-28 09:51:28,47,12,27,Completed,135210.45,0.0,24337.88,159548.33
1282,2026-06-12 21:39:30,52,7,67,Pending,666327.69,0.0,119938.98,786266.67
1283,2026-06-21 17:48:12,315,1,31,Completed,306194.5,3323.63,54516.76,357387.63
1284,2026-05-22 11:24:34,281,4,34,Completed,206060.3,26095.49,32393.67,212358.48
1285,2026-02-06 15:38:29,290,10,70,Completed,609835.18,54035.48,100043.95,655843.65
1286,2026-05-26 17:33:57,271,4,79,Completed,52353.53,0.0,9423.64,61777.17
1287,2026-06-03 19:41:31,61,8,68,Completed,223813.97,0.0,40286.51,264100.48
1288,2026-06-12 21:37:27,38,6,6,Completed,67219.41,0.0,12099.49,79318.9
1289,2026-05-17 16:57:24,233,14,14,Pending,271591.8,0.0,48886.52,320478.32
1290,2026-03-15 10:08:27,305,4,19,Completed,50281.26,0.0,9050.63,59331.89
1291,2026-06-28 19:33:36,392,6,66,Completed,317364.04,0.0,57125.53,374489.57
1292,2025-03-25 13:05:35,447,3,63,Completed,303875.44,27319.73,49780.03,326335.74
1293,2025-03-13 10:50:29,390,15,45,Completed,421751.45,0.0,75915.26,497666.71
1294,2026-06-28 16:29:18,262,6,6,Completed,122941.47,3210.17,21551.63,141282.93
1295,2026-04-08 13:24:38,344,12,27,Completed,489413.41,39822.81,80926.31,530516.91
1296,2026-06-18 13:05:38,39,2,77,Completed,13182.39,1564.32,2091.25,13709.32
1297,2024-12-15 11:10:09,207,3,63,Completed,52631.68,0.0,9473.7,62105.38
1298,2026-06-15 09:51:45,245,6,6,Completed,47684.18,6361.21,7438.13,48761.1
1299,2026-05-03 20:23:17,468,15,45,Completed,61811.55,2104.6,10747.25,70454.2
1300,2025-09-17 19:18:23,54,14,74,Completed,201528.44,0.0,36275.12,237803.56
1301,2026-02-11 21:32:08,428,1,31,Pending,103274.66,0.0,18589.44,121864.1
1302,2025-07-18 16:53:00,296,3,18,Completed,355709.06,0.0,64027.63,419736.69
1303,2025-12-14 19:25:14,10,12,12,Completed,45571.21,0.0,8202.82,53774.03
1304,2026-06-09 09:29:10,461,6,66,Completed,217542.38,0.0,39157.63,256700.01
1305,2026-04-29 17:10:58,70,5,35,Returned,130112.84,0.0,23420.31,153533.15
1306,2025-12-01 09:05:31,168,15,45,Completed,128231.8,0.0,23081.72,151313.52
1307,2025-08-09 20:16:45,485,15,30,Completed,528881.19,42575.95,87534.94,573840.18
1308,2024-05-31 15:59:34,47,3,63,Completed,371952.25,0.0,66951.4,438903.65
1309,2026-05-06 16:04:03,407,13,43,Completed,332088.04,0.0,59775.85,391863.89
1310,2025-11-21 10:36:23,483,9,9,Cancelled,45265.64,3109.23,7588.15,49744.56
1311,2026-06-17 21:06:52,313,3,63,Completed,188153.04,0.0,33867.55,222020.59
1312,2026-04-24 20:56:02,162,3,63,Completed,196108.53,0.0,35299.54,231408.07
1313,2026-05-15 18:08:12,117,14,59,Pending,104035.96,0.0,18726.47,122762.43
1314,2026-06-24 19:00:00,237,2,62,Cancelled,229561.34,0.0,41321.04,270882.38
1315,2025-11-18 18:50:19,132,15,15,Completed,662618.5,0.0,119271.33,781889.83
1316,2026-01-27 21:41:09,168,12,42,Completed,30022.89,4399.77,4612.16,30235.28
1317,2026-05-16 17:36:13,268,8,23,Completed,421019.62,0.0,75783.53,496803.15
1318,2026-06-20 13:17:30,212,6,21,Completed,245745.89,7620.08,42862.65,280988.46
1319,2025-11-30 18:50:46,212,14,74,Completed,186773.82,0.0,33619.29,220393.11
1320,2025-12-23 21:34:05,73,8,8,Completed,336506.53,0.0,60571.18,397077.71
1321,2025-07-25 13:21:02,395,12,12,Completed,433517.43,0.0,78033.14,511550.57
1322,2025-07-10 19:11:04,397,9,54,Completed,143274.32,0.0,25789.38,169063.7
1323,2026-06-05 13:33:48,152,4,34,Completed,174862.8,0.0,31475.3,206338.1
1324,2026-06-14 17:03:25,124,6,21,Completed,391433.78,0.0,70458.08,461891.86
1325,2026-06-22 16:12:37,280,7,7,Completed,209379.66,19994.7,34089.29,223474.25
1326,2026-06-15 17:12:35,368,5,35,Completed,189861.34,0.0,34175.04,224036.38
1327,2026-06-13 21:58:40,91,6,21,Cancelled,424803.59,0.0,76464.65,501268.24
1328,2026-06-29 09:21:21,153,7,7,Completed,415802.97,0.0,74844.53,490647.5
1329,2025-08-11 15:23:28,418,8,23,Completed,271432.15,0.0,48857.79,320289.94
1330,2026-06-26 11:13:36,181,2,47,Completed,193903.7,0.0,34902.67,228806.37
1331,2026-01-17 17:59:21,423,1,61,Completed,362954.16,0.0,65331.75,428285.91
1332,2026-06-29 19:44:19,167,2,2,Completed,86946.81,0.0,15650.43,102597.24
1333,2024-10-17 10:05:06,342,10,10,Completed,172454.77,0.0,31041.86,203496.63
1334,2026-05-27 11:21:51,260,7,7,Completed,394173.13,0.0,70951.16,465124.29
1335,2026-02-05 09:43:44,483,8,68,Completed,59180.02,0.0,10652.4,69832.42
1336,2026-06-26 14:58:14,325,1,46,Completed,632449.83,31028.79,108255.79,709676.83
1337,2026-03-21 10:43:11,471,15,45,Returned,265263.2,0.0,47747.38,313010.58
1338,2026-06-19 16:57:20,458,2,32,Completed,21281.32,2801.61,3326.35,21806.06
1339,2024-10-14 09:10:55,461,10,55,Completed,503043.15,0.0,90547.77,593590.92
1340,2025-12-02 14:07:21,416,12,12,Completed,246392.08,0.0,44350.57,290742.65
1341,2026-06-16 21:41:43,369,15,30,Completed,262892.89,0.0,47320.72,310213.61
1342,2026-02-26 09:28:18,133,8,68,Pending,105062.08,14801.06,16246.98,106508.0
1343,2026-05-06 16:45:12,428,8,8,Completed,69299.61,0.0,12473.93,81773.54
1344,2025-09-13 20:47:37,238,10,10,Completed,183941.76,0.0,33109.52,217051.28
1345,2026-02-10 21:53:04,330,1,16,Pending,390131.04,0.0,70223.59,460354.63
1346,2026-06-25 12:19:49,202,5,50,Completed,257875.8,35246.63,40073.25,262702.42
1347,2025-10-16 09:17:22,105,12,72,Completed,567859.32,0.0,102214.68,670074.0
1348,2026-03-02 09:32:39,17,15,30,Completed,85437.6,0.0,15378.77,100816.37
1349,2026-04-16 17:19:40,390,5,5,Completed,73058.24,0.0,13150.48,86208.72
1350,2026-05-19 18:57:11,49,4,34,Cancelled,219556.56,0.0,39520.18,259076.74
1351,2026-06-30 14:43:36,184,6,21,Completed,42590.5,0.0,7666.29,50256.79
1352,2026-06-03 09:03:26,24,6,66,Cancelled,400419.16,0.0,72075.45,472494.61
1353,2026-02-28 09:25:36,292,10,10,Completed,250955.48,0.0,45171.99,296127.47
1354,2025-06-05 17:24:45,468,15,15,Completed,129488.3,11002.41,21327.46,139813.35
1355,2025-05-17 16:32:17,135,1,76,Completed,373139.26,0.0,67165.07,440304.33
1356,2026-01-01 18:54:18,65,12,27,Completed,178954.77,0.0,32211.86,211166.63
1357,2026-06-01 09:25:31,358,6,21,Completed,101933.71,1309.56,18112.35,118736.5
1358,2026-01-31 14:00:13,389,14,14,Completed,203719.15,0.0,36669.45,240388.6
1359,2025-07-25 16:13:24,179,14,14,Completed,240119.7,30750.99,37686.37,247055.08
1360,2024-10-10 13:06:29,67,15,75,Completed,496145.5,0.0,89306.19,585451.69
1361,2026-03-16 11:42:36,95,10,10,Completed,202819.99,0.0,36507.6,239327.59
1362,2025-09-02 14:54:06,77,4,19,Completed,182681.68,0.0,32882.7,215564.38
1363,2026-06-11 09:41:57,378,13,13,Completed,294618.77,0.0,53031.38,347650.15
1364,2026-01-28 12:00:40,430,11,11,Completed,218001.84,0.0,39240.33,257242.17
1365,2026-06-25 13:15:00,277,9,54,Completed,63672.35,0.0,11461.02,75133.37
1366,2026-06-26 15:28:14,463,2,2,Completed,372925.21,0.0,67126.54,440051.75
1367,2025-01-18 19:21:59,316,15,15,Completed,213300.12,0.0,38394.02,251694.14
1368,2026-06-10 21:34:28,172,13,73,Completed,33657.66,0.0,6058.38,39716.04
1369,2026-01-19 11:37:47,290,14,14,Completed,18982.48,0.0,3416.85,22399.33
1370,2026-05-27 09:14:53,217,5,5,Returned,122185.86,0.0,21993.45,144179.31
1371,2026-06-26 09:56:44,344,13,28,Completed,181807.21,2908.2,32201.82,211100.83
1372,2026-06-03 13:29:29,190,6,21,Completed,262974.26,0.0,47335.37,310309.63
1373,2024-02-22 16:07:05,356,10,40,Completed,276321.95,0.0,49737.95,326059.9
1374,2026-02-20 21:35:00,432,3,18,Returned,45845.92,0.0,8252.27,54098.19
1375,2026-01-16 19:50:38,221,12,27,Completed,287171.4,0.0,51690.85,338862.25
1376,2026-06-30 21:07:33,88,2,47,Completed,6132.98,391.68,1033.43,6774.73
1377,2026-05-26 18:06:27,251,12,12,Completed,304511.1,0.0,54812.0,359323.1
1378,2025-06-24 17:23:21,58,9,54,Completed,334199.28,0.0,60155.87,394355.15
1379,2025-12-14 18:47:29,42,12,72,Completed,242065.06,0.0,43571.71,285636.77
1380,2025-12-09 17:33:02,241,3,3,Completed,453707.81,0.0,81667.41,535375.22
1381,2026-05-21 16:34:48,385,13,43,Completed,110269.78,0.0,19848.56,130118.34
1382,2025-06-11 17:24:38,310,14,14,Returned,227714.78,0.0,40988.66,268703.44
1383,2025-12-10 21:32:17,261,15,75,Completed,648366.38,49824.48,107737.54,706279.44
1384,2026-06-10 10:32:08,452,5,5,Returned,219548.49,0.0,39518.73,259067.22
1385,2025-07-17 09:11:35,387,8,8,Completed,162955.08,20717.73,25602.72,167840.07
1386,2026-04-17 12:08:42,151,9,24,Cancelled,362341.04,0.0,65221.39,427562.43
1387,2026-05-12 13:31:17,31,5,5,Completed,343365.9,48735.36,53033.5,347664.04
1388,2025-03-17 10:26:23,375,3,78,Completed,461363.73,0.0,83045.47,544409.2
1389,2026-02-16 20:40:47,364,4,4,Pending,414586.28,0.0,74625.53,489211.81
1390,2026-06-13 13:59:45,19,11,11,Returned,126852.66,14975.57,20137.88,132014.97
1391,2026-06-18 20:28:31,113,14,14,Completed,112576.76,0.0,20263.82,132840.58
1392,2025-04-02 14:45:12,477,3,3,Pending,24742.5,3466.41,3829.7,25105.79
1393,2026-06-07 10:26:21,398,13,28,Completed,451401.09,42335.14,73631.87,482697.82
1394,2026-05-02 09:43:52,209,5,35,Completed,357888.84,0.0,64419.99,422308.83
1395,2026-05-20 16:29:29,367,13,73,Completed,297514.73,38857.64,46558.28,305215.37
1396,2026-03-31 17:14:08,463,10,10,Completed,83014.7,0.0,14942.65,97957.35
1397,2025-07-12 18:05:26,351,1,76,Completed,295709.71,0.0,53227.75,348937.46
1398,2025-11-16 16:19:24,417,11,41,Completed,335111.49,0.0,60320.07,395431.56
1399,2025-08-28 10:50:01,21,14,14,Completed,76986.98,0.0,13857.66,90844.64
1400,2025-11-25 10:39:24,432,12,72,Completed,245630.9,0.0,44213.56,289844.46
1401,2025-06-23 10:26:31,78,10,10,Pending,217145.72,22968.18,34951.96,229129.5
1402,2026-06-18 14:53:26,29,6,66,Completed,180381.98,6603.51,31280.12,205058.59
1403,2026-05-28 15:14:44,465,7,52,Completed,323746.29,0.0,58274.33,382020.62
1404,2026-06-30 21:25:23,79,2,77,Completed,860771.35,0.0,154938.84,1015710.19
1405,2026-06-28 21:50:16,156,10,55,Completed,5669.28,0.0,1020.47,6689.75
1406,2026-06-24 12:43:19,19,8,23,Completed,221748.76,0.0,39914.78,261663.54
1407,2026-04-23 15:22:00,97,12,27,Completed,174666.6,23600.83,27191.84,178257.61
1408,2026-06-24 12:08:54,310,7,7,Completed,301139.93,5451.06,53224.0,348912.87
1409,2026-05-31 13:09:16,69,7,7,Completed,269934.6,0.0,48588.23,318522.83
1410,2026-06-21 20:21:41,211,11,11,Completed,21296.79,0.0,3833.42,25130.21
1411,2026-04-26 10:43:32,165,5,50,Completed,488591.7,0.0,87946.51,576538.21
1412,2026-06-07 20:31:38,326,15,15,Cancelled,441570.57,0.0,79482.7,521053.27
1413,2026-06-27 11:40:15,317,2,77,Completed,37341.47,0.0,6721.46,44062.93
1414,2025-11-15 19:38:36,465,14,74,Completed,6132.98,0.0,1103.94,7236.92
1415,2026-01-09 14:51:15,135,4,19,Completed,562004.91,0.0,101160.88,663165.79
1416,2026-06-05 14:42:03,369,5,35,Completed,256727.8,0.0,46211.0,302938.8
1417,2025-08-09 12:52:02,121,4,19,Returned,143791.65,14671.94,23241.55,152361.26
1418,2026-06-25 19:33:31,124,2,2,Completed,278670.12,0.0,50160.62,328830.74
1419,2026-01-12 16:49:46,192,12,42,Completed,124154.91,0.0,22347.88,146502.79
1420,2026-01-16 14:50:29,354,10,55,Completed,84642.5,0.0,15235.65,99878.15
1421,2025-11-28 12:23:15,365,15,45,Completed,103039.84,0.0,18547.17,121587.01
1422,2026-06-19 15:59:46,289,8,23,Completed,51970.0,0.0,9354.6,61324.6
1423,2026-06-22 12:57:17,258,7,7,Completed,259246.65,0.0,46664.4,305911.05
1424,2026-06-12 09:34:44,91,6,51,Completed,211294.65,0.0,38033.04,249327.69
1425,2026-06-17 10:52:21,294,6,51,Completed,290535.18,0.0,52296.33,342831.51
1426,2025-09-30 21:23:36,205,10,40,Completed,426162.6,0.0,76709.27,502871.87
1427,2025-02-10 10:54:59,155,14,59,Completed,438640.54,0.0,78955.3,517595.84
1428,2025-02-27 12:23:49,233,14,59,Completed,56701.15,2079.06,9831.98,64454.07
1429,2026-05-26 10:59:52,61,5,5,Completed,209428.12,0.0,37697.06,247125.18
1430,2026-06-15 18:12:15,342,5,50,Completed,88868.73,0.0,15996.37,104865.1
1431,2026-06-14 21:20:56,81,7,7,Completed,322489.4,0.0,58048.09,380537.49
1432,2026-06-03 18:26:14,368,13,13,Completed,349965.06,0.0,62993.71,412958.77
1433,2026-06-13 09:01:34,235,4,4,Completed,297002.34,0.0,53460.42,350462.76
1434,2026-06-30 14:58:10,375,2,62,Returned,73511.41,0.0,13232.05,86743.46
1435,2026-06-28 10:58:59,62,2,47,Completed,281126.93,0.0,50602.85,331729.78
1436,2025-07-06 19:17:47,163,3,18,Completed,404545.53,0.0,72818.2,477363.73
1437,2025-03-03 13:54:43,222,15,75,Completed,289899.95,0.0,52181.99,342081.94
1438,2026-02-05 16:12:41,348,8,8,Cancelled,390189.32,0.0,70234.08,460423.4
1439,2025-11-04 20:33:26,446,11,41,Returned,44579.98,0.0,8024.4,52604.38
1440,2026-02-09 16:29:28,449,12,27,Completed,389987.03,0.0,70197.67,460184.7
1441,2026-06-15 15:12:12,221,7,67,Returned,199236.21,0.0,35862.52,235098.73
1442,2026-06-28 09:59:48,58,5,5,Completed,72265.1,0.0,13007.72,85272.82
1443,2026-04-17 17:04:01,183,14,14,Completed,91357.72,0.0,16444.39,107802.11
1444,2026-06-02 09:58:09,189,6,6,Completed,694762.42,0.0,125057.24,819819.66
1445,2024-12-02 13:11:20,350,3,18,Completed,235264.64,0.0,42347.64,277612.28
1446,2025-11-01 09:38:19,434,4,4,Completed,104579.41,12332.88,16604.38,108850.91
1447,2025-10-26 21:25:33,294,12,12,Completed,235640.19,0.0,42415.23,278055.42
1448,2026-06-19 09:12:07,356,2,62,Completed,72339.6,0.0,13021.13,85360.73
1449,2026-06-23 11:33:49,319,6,51,Completed,137862.45,0.0,24815.24,162677.69
1450,2026-01-06 18:46:40,465,12,12,Completed,330165.19,0.0,59429.73,389594.92
1451,2025-06-02 20:23:39,402,4,34,Returned,385978.95,0.0,69476.21,455455.16
1452,2026-04-20 12:58:15,458,14,74,Completed,57942.32,0.0,10429.62,68371.94
1453,2026-05-14 16:14:44,78,11,41,Completed,149077.35,0.0,26833.92,175911.27
1454,2025-10-28 13:23:54,458,9,24,Completed,606966.62,0.0,109253.99,716220.61
1455,2026-04-08 14:14:08,356,14,14,Completed,44528.67,0.0,8015.16,52543.83
1456,2026-06-25 09:30:25,219,2,77,Completed,167675.07,0.0,30181.51,197856.58
1457,2025-12-21 17:11:24,26,9,54,Completed,356496.62,6639.71,62974.24,412831.15
1458,2026-06-19 12:24:02,404,2,77,Completed,668029.09,19392.27,116754.63,765391.45
1459,2026-06-26 10:22:41,252,2,32,Completed,336056.72,0.0,60490.21,396546.93
1460,2025-06-13 20:05:54,422,9,24,Completed,232590.17,0.0,41866.23,274456.4
1461,2026-04-08 20:48:16,407,14,74,Completed,107319.08,0.0,19317.43,126636.51
1462,2026-06-05 12:20:28,133,13,58,Completed,534031.01,0.0,96125.58,630156.59
1463,2026-01-09 20:09:09,68,3,18,Cancelled,401447.43,0.0,72260.54,473707.97
1464,2025-07-15 19:06:48,471,12,72,Completed,130177.49,0.0,23431.95,153609.44
1465,2026-04-10 19:54:47,130,3,33,Completed,401222.05,0.0,72219.97,473442.02
1466,2026-02-18 19:55:11,368,14,74,Completed,227322.14,0.0,40917.99,268240.13
1467,2026-06-02 15:11:52,491,6,66,Completed,327249.0,27251.28,53999.59,353997.31
1468,2026-05-20 09:57:24,173,4,34,Completed,238634.26,0.0,42954.17,281588.43
1469,2026-05-02 21:15:04,460,11,41,Completed,271796.16,16907.58,45879.94,300768.52
1470,2026-04-08 15:43:50,59,9,9,Completed,241180.34,5710.87,42384.5,277853.97
1471,2024-10-04 16:42:20,54,14,14,Completed,630060.16,0.0,113410.83,743470.99
1472,2026-06-29 17:20:09,287,5,5,Pending,2587.8,246.51,421.43,2762.72
1473,2026-06-26 11:25:42,338,2,32,Completed,243392.26,0.0,43810.61,287202.87
1474,2026-05-28 12:36:53,402,5,50,Completed,165447.09,0.0,29780.48,195227.57
1475,2026-06-03 14:46:17,337,6,66,Completed,240125.1,0.0,43222.52,283347.62
1476,2026-06-09 18:04:51,24,6,51,Completed,106314.59,10989.46,17158.52,112483.65
1477,2026-03-07 10:27:46,321,11,11,Completed,283072.14,0.0,50952.99,334025.13
1478,2026-05-31 15:17:01,40,10,55,Completed,17145.0,0.0,3086.1,20231.1
1479,2026-06-26 18:13:37,344,2,77,Completed,526370.11,0.0,94746.62,621116.73
1480,2026-02-17 09:30:51,281,8,23,Pending,129327.24,0.0,23278.9,152606.14
1481,2025-07-04 15:10:42,71,1,31,Pending,375347.93,0.0,67562.63,442910.56
1482,2026-03-30 10:08:46,319,14,74,Completed,351643.44,0.0,63295.82,414939.26
1483,2026-05-02 18:15:48,77,5,5,Completed,435344.8,0.0,78362.06,513706.86
1484,2025-09-18 17:36:41,464,10,70,Completed,334812.09,0.0,60266.18,395078.27
1485,2026-06-18 10:10:27,19,10,70,Completed,167870.62,20532.19,26520.92,173859.35
1486,2026-06-07 18:49:11,248,4,4,Completed,250371.75,0.0,45066.92,295438.67
1487,2026-05-27 16:21:44,334,7,67,Completed,82971.11,0.0,14934.8,97905.91
1488,2026-06-29 17:26:22,272,9,54,Completed,97363.17,0.0,17525.37,114888.54
1489,2026-06-07 20:44:19,327,15,30,Completed,257846.7,0.0,46412.41,304259.11
1490,2026-06-24 13:12:01,309,2,62,Cancelled,8397.2,1039.01,1324.47,8682.66
1491,2026-05-29 14:11:14,345,12,72,Completed,21281.32,0.0,3830.64,25111.96
1492,2025-01-22 14:53:01,24,3,3,Completed,267035.05,3762.29,47389.1,310661.86
1493,2026-05-23 13:36:40,249,13,58,Completed,196504.72,0.0,35370.85,231875.57
1494,2026-04-07 20:03:00,472,5,35,Completed,228761.46,33548.83,35138.27,230350.9
1495,2026-03-09 13:19:34,496,9,54,Completed,176777.26,0.0,31819.91,208597.17
1496,2025-12-16 18:28:37,223,8,23,Completed,576360.49,0.0,103744.89,680105.38
1497,2025-07-06 12:24:56,159,15,15,Completed,541021.74,0.0,97383.91,638405.65
1498,2025-08-16 09:01:26,354,1,31,Completed,199055.82,26548.76,31051.27,203558.33
1499,2026-06-13 12:02:37,162,12,27,Completed,215185.03,0.0,38733.31,253918.34
1500,2026-05-31 18:11:29,500,5,50,Completed,184794.06,0.0,33262.93,218056.99
1501,2026-04-06 18:44:24,57,15,45,Completed,40515.93,0.0,7292.87,47808.8
1502,2025-09-27 18:29:46,106,1,76,Pending,188623.23,21612.88,30061.86,197072.21
1503,2026-06-06 17:10:29,189,6,6,Completed,434891.4,0.0,78280.45,513171.85
1504,2026-06-10 10:54:20,106,7,52,Completed,90517.94,1510.02,16021.43,105029.35
1505,2026-05-02 15:22:59,470,9,39,Returned,668136.77,0.0,120264.62,788401.39
1506,2026-06-14 14:48:16,337,7,7,Completed,86963.65,0.0,15653.46,102617.11
1507,2026-05-07 12:19:45,483,15,45,Completed,261575.27,0.0,47083.55,308658.82
1508,2026-06-14 10:25:36,38,13,43,Completed,254834.52,26198.95,41154.4,269789.97
1509,2026-05-29 20:54:16,302,4,19,Completed,29647.48,0.0,5336.55,34984.03
1510,2026-06-19 13:56:26,231,5,5,Completed,211291.53,0.0,38032.48,249324.01
1511,2026-06-26 11:14:03,270,13,73,Completed,284415.12,25479.64,46608.39,305543.87
1512,2026-06-25 20:59:13,257,7,7,Returned,2750.44,197.64,459.5,3012.3
1513,2026-05-03 10:15:10,343,14,74,Completed,166049.86,0.0,29888.97,195938.83
1514,2024-09-24 09:44:11,5,15,75,Completed,203808.17,0.0,36685.47,240493.64
1515,2026-06-05 14:19:57,246,13,13,Completed,461978.06,0.0,83156.05,545134.11
1516,2026-05-06 20:50:26,179,4,34,Completed,169576.48,0.0,30523.77,200100.25
1517,2026-05-14 21:08:02,242,13,73,Completed,176594.0,0.0,31786.92,208380.92
1518,2026-06-29 15:54:19,22,5,35,Completed,270211.4,0.0,48638.05,318849.45
1519,2026-04-03 18:03:52,33,3,78,Pending,283802.16,14588.56,48458.45,317672.05
1520,2026-03-15 11:49:07,460,12,42,Completed,106913.28,0.0,19244.39,126157.67
1521,2026-02-03 14:33:45,443,8,23,Completed,176836.45,1919.13,31485.12,206402.44
1522,2026-06-21 19:53:30,98,6,51,Cancelled,647636.56,0.0,116574.58,764211.14
1523,2026-06-12 10:16:45,285,7,7,Completed,1471.2,0.0,264.82,1736.02
1524,2026-03-09 15:24:14,153,4,34,Completed,253383.93,0.0,45609.11,298993.04
1525,2025-03-02 12:18:56,115,15,45,Completed,182701.8,0.0,32886.32,215588.12
1526,2026-06-03 09:54:15,425,7,7,Completed,168217.59,0.0,30279.17,198496.76
1527,2026-05-10 15:13:41,235,5,5,Completed,263651.57,13566.38,45015.33,295100.52
1528,2026-03-29 18:26:32,155,4,79,Returned,158777.21,18320.63,25282.18,165738.76
1529,2026-06-26 17:53:01,346,13,58,Returned,207639.93,0.0,37375.19,245015.12
1530,2026-06-22 20:57:09,406,15,45,Completed,333072.31,0.0,59953.02,393025.33
1531,2026-05-29 11:56:51,144,7,67,Completed,212784.64,0.0,38301.24,251085.88
1532,2026-02-18 13:04:29,332,11,26,Completed,458281.76,0.0,82490.72,540772.48
1533,2026-05-17 09:09:14,20,5,5,Completed,111617.48,0.0,20091.15,131708.63
1534,2026-03-30 11:10:52,406,14,59,Returned,52164.76,0.0,9389.66,61554.42
1535,2026-05-27 14:11:28,484,5,35,Completed,207880.0,0.0,37418.4,245298.4
1536,2026-06-21 12:08:33,374,14,14,Returned,809801.71,116453.39,124802.7,818151.02
1537,2026-05-06 11:01:08,320,13,28,Completed,233856.19,0.0,42094.11,275950.3
1538,2026-06-20 09:14:01,294,2,32,Completed,817377.32,0.0,147127.92,964505.24
1539,2026-06-23 10:46:44,130,7,52,Completed,365123.17,0.0,65722.17,430845.34
1540,2026-06-18 09:28:54,462,7,52,Completed,10936.69,112.39,1948.37,12772.67
1541,2026-05-25 14:48:52,398,8,68,Completed,433838.2,0.0,78090.88,511929.08
1542,2025-10-03 13:41:23,461,12,12,Completed,639559.99,90099.05,98902.97,648363.91
1543,2024-11-27 20:37:35,41,15,30,Completed,276520.45,0.0,49773.68,326294.13
1544,2025-11-14 09:13:17,418,8,8,Completed,51894.4,0.0,9340.99,61235.39
1545,2026-05-08 11:34:18,487,13,28,Completed,62073.17,0.0,11173.17,73246.34
1546,2026-06-26 20:51:58,485,13,73,Completed,678172.45,62411.82,110836.91,726597.54
1547,2025-10-08 11:42:51,47,8,68,Completed,34141.55,0.0,6145.48,40287.03
1548,2025-02-25 16:52:56,27,15,45,Completed,218287.61,20632.32,35577.95,233233.24
1549,2026-06-21 17:29:46,470,14,59,Completed,129474.94,15863.35,20450.09,134061.68
1550,2026-05-11 14:52:16,53,14,59,Completed,419711.72,0.0,75548.11,495259.83
1551,2026-06-30 11:59:16,319,13,73,Completed,14029.76,0.0,2525.36,16555.12
1552,2026-04-17 17:55:58,185,11,41,Completed,86732.81,0.0,15611.91,102344.72
1553,2026-05-31 11:21:32,404,11,26,Returned,301057.57,0.0,54190.36,355247.93
1554,2026-04-15 18:02:51,33,3,18,Cancelled,256021.12,0.0,46083.8,302104.92
1555,2026-01-29 15:48:34,401,12,42,Completed,171839.67,0.0,30931.14,202770.81
1556,2026-01-22 16:15:40,131,15,30,Completed,78108.84,0.0,14059.59,92168.43
1557,2026-06-25 11:06:08,294,13,13,Completed,305067.39,0.0,54912.13,359979.52
1558,2026-06-28 17:02:15,25,2,77,Returned,581674.51,0.0,104701.41,686375.92
1559,2026-02-21 09:42:58,353,9,54,Completed,353313.18,0.0,63596.37,416909.55
1560,2026-06-15 16:18:44,461,2,62,Pending,183754.7,27062.07,28204.67,184897.3
1561,2026-03-16 11:22:06,323,15,30,Completed,85467.76,0.0,15384.2,100851.96
1562,2026-02-01 14:11:38,318,10,55,Completed,226135.12,0.0,40704.32,266839.44
1563,2026-06-02 10:11:11,454,15,15,Completed,416245.4,9249.12,73259.33,480255.61
1564,2026-06-11 12:14:35,253,7,67,Completed,251920.37,0.0,45345.67,297266.04
1565,2025-07-09 11:09:07,84,1,31,Completed,90791.98,0.0,16342.56,107134.54
1566,2026-06-27 21:16:37,193,11,26,Completed,249629.47,0.0,44933.3,294562.77
1567,2024-11-29 20:47:00,196,14,14,Completed,181187.78,16058.72,29723.23,194852.29
1568,2025-08-24 13:19:28,419,4,19,Completed,219921.11,0.0,39585.8,259506.91
1569,2026-02-08 17:31:32,427,1,31,Completed,394944.92,0.0,71090.09,466035.01
1570,2026-06-09 16:01:51,473,6,6,Returned,89710.05,0.0,16147.81,105857.86
1571,2026-06-25 17:43:22,441,6,66,Completed,188818.05,0.0,33987.25,222805.3
1572,2026-06-06 21:43:28,393,14,59,Completed,517530.57,0.0,93155.5,610686.07
1573,2026-03-08 15:40:42,320,12,27,Completed,530609.72,20572.26,91806.74,601844.2
1574,2026-06-27 12:17:11,486,15,45,Completed,420869.1,0.0,75756.44,496625.54
1575,2025-10-12 11:58:22,255,8,23,Completed,878393.9,100467.01,140026.84,917953.73
1576,2026-06-20 14:34:05,9,7,7,Completed,188010.47,0.0,33841.88,221852.35
1577,2026-04-07 14:36:46,310,3,3,Completed,75421.89,5188.43,12642.02,82875.48
1578,2025-03-27 10:20:59,78,10,55,Completed,385549.3,51269.52,60170.36,394450.14
1579,2026-05-19 09:09:37,476,13,58,Completed,250354.68,0.0,45063.84,295418.52
1580,2026-03-26 15:14:27,388,11,41,Completed,63006.63,0.0,11341.19,74347.82
1581,2026-06-07 11:52:39,343,12,27,Completed,33881.8,0.0,6098.72,39980.52
1582,2026-05-08 15:24:04,341,13,28,Completed,383475.93,19501.33,65515.43,429490.03
1583,2026-06-15 14:06:12,133,10,10,Completed,151200.6,0.0,27216.11,178416.71
1584,2025-04-20 13:36:34,55,4,4,Completed,157498.54,0.0,28349.74,185848.28
1585,2025-08-08 19:05:11,115,12,27,Completed,215089.53,0.0,38716.12,253805.65
1586,2025-08-16 14:47:18,49,14,14,Returned,286707.18,0.0,51607.29,338314.47
1587,2025-12-25 17:09:55,467,15,15,Completed,581265.48,0.0,104627.79,685893.27
1588,2026-05-27 13:57:00,214,9,54,Completed,66591.0,0.0,11986.38,78577.38
1589,2026-06-24 13:35:34,299,2,77,Completed,85725.0,0.0,15430.5,101155.5
1590,2026-04-07 09:50:24,159,5,5,Completed,39432.66,0.0,7097.88,46530.54
1591,2026-02-22 19:33:30,476,9,54,Completed,126063.14,0.0,22691.37,148754.51
1592,2026-06-24 15:40:25,161,9,39,Completed,446602.85,0.0,80388.51,526991.36
1593,2026-06-14 21:47:07,446,7,67,Completed,107009.94,0.0,19261.79,126271.73
1594,2025-07-27 19:11:07,371,3,18,Completed,482693.67,0.0,86884.86,569578.53
1595,2025-11-27 11:04:12,367,15,75,Completed,351254.76,0.0,63225.86,414480.62
1596,2025-07-30 13:10:39,157,12,12,Completed,31796.72,2444.54,5283.39,34635.57
1597,2026-05-24 20:31:32,112,13,13,Completed,66102.43,0.0,11898.44,78000.87
1598,2026-05-11 16:55:39,291,13,13,Completed,179166.34,0.0,32249.94,211416.28
1599,2026-06-12 18:38:39,423,13,58,Completed,619775.14,0.0,111559.53,731334.67
1600,2026-06-21 11:32:44,354,9,9,Completed,208081.58,0.0,37454.68,245536.26
1601,2024-12-26 12:56:27,377,9,9,Completed,444334.56,0.0,79980.22,524314.78
1602,2025-07-08 09:00:22,11,12,27,Cancelled,923035.17,112435.17,145908.0,956508.0
1603,2025-10-28 12:34:25,383,3,78,Completed,93910.17,0.0,16903.83,110814.0
1604,2026-04-17 09:20:51,50,1,31,Completed,695262.27,0.0,125147.21,820409.48
1605,2026-06-01 20:00:59,126,15,30,Completed,368593.41,0.0,66346.81,434940.22
1606,2026-02-23 11:42:49,353,3,63,Completed,210333.82,15403.34,35087.49,230017.97
1607,2025-12-17 15:34:44,314,1,1,Completed,127841.16,7702.74,21624.92,141763.34
1608,2025-11-18 12:11:54,422,8,23,Completed,158701.46,0.0,28566.26,187267.72
1609,2025-11-15 12:52:30,456,4,79,Completed,422165.44,0.0,75989.78,498155.22
1610,2026-06-24 19:07:56,383,2,77,Completed,82871.08,0.0,14916.79,97787.87
1611,2025-02-23 15:29:06,278,15,75,Completed,162428.2,0.0,29237.08,191665.28
1612,2026-04-07 10:12:09,283,5,5,Completed,114731.45,0.0,20651.66,135383.11
1613,2026-04-21 20:38:09,406,3,18,Completed,313094.0,36341.76,49815.4,326567.64
1614,2026-01-29 14:57:11,277,14,74,Completed,200462.49,30055.28,30673.3,201080.51
1615,2026-04-03 16:20:45,308,12,12,Cancelled,270626.82,4051.62,47983.54,314558.74
1616,2026-01-30 16:31:24,377,12,12,Completed,302162.67,39847.04,47216.81,309532.44
1617,2026-06-18 18:10:00,23,7,67,Completed,337045.2,0.0,60668.14,397713.34
1618,2026-06-15 13:15:49,479,9,9,Completed,197882.24,6489.9,34450.62,225842.96
1619,2026-03-01 15:07:29,66,8,68,Completed,162428.2,10430.98,27359.5,179356.72
1620,2026-06-27 18:54:34,356,2,47,Completed,110865.93,0.0,19955.87,130821.8
1621,2026-01-02 19:31:11,278,12,42,Completed,72932.54,0.0,13127.86,86060.4
1622,2026-01-23 15:23:44,9,12,27,Returned,132581.75,0.0,23864.72,156446.47
1623,2025-04-27 18:55:22,205,9,54,Returned,67924.56,0.0,12226.42,80150.98
1624,2026-02-22 12:19:39,49,3,33,Returned,293280.55,0.0,52790.5,346071.05
1625,2026-03-25 14:14:38,290,15,30,Completed,276772.19,0.0,49818.99,326591.18
1626,2025-10-31 21:28:47,223,11,41,Completed,51117.56,0.0,9201.16,60318.72
1627,2026-01-21 13:40:30,70,10,10,Completed,258227.48,0.0,46480.95,304708.43
1628,2026-06-14 10:48:28,317,7,52,Completed,451600.2,0.0,81288.04,532888.24
1629,2025-10-05 17:50:38,203,8,8,Completed,583597.9,0.0,105047.62,688645.52
1630,2026-01-02 17:22:43,352,11,26,Completed,281556.85,0.0,50680.23,332237.08
1631,2026-06-02 10:32:12,293,5,35,Completed,107996.8,8259.52,17952.71,117689.99
1632,2024-12-27 15:29:15,411,9,39,Completed,133448.81,0.0,24020.79,157469.6
1633,2025-10-13 15:46:37,235,9,39,Completed,508709.5,0.0,91567.71,600277.21
1634,2026-06-23 21:37:34,274,2,62,Pending,114006.68,0.0,20521.2,134527.88
1635,2026-06-26 18:10:42,149,6,6,Returned,69962.01,0.0,12593.16,82555.17
1636,2026-06-15 11:07:53,413,7,7,Completed,273786.98,0.0,49281.66,323068.64
1637,2025-12-18 16:02:25,17,3,63,Completed,79838.53,0.0,14370.94,94209.47
1638,2024-04-19 17:11:17,284,10,10,Completed,209133.95,14963.2,34950.74,229121.49
1639,2026-06-25 12:00:35,130,6,6,Returned,135683.68,0.0,24423.06,160106.74
1640,2024-12-09 14:30:19,294,9,24,Completed,414031.92,0.0,74525.75,488557.67
1641,2026-06-06 13:53:54,277,9,24,Completed,409036.17,0.0,73626.51,482662.68
1642,2025-07-09 12:00:09,55,9,39,Completed,85615.36,0.0,15410.76,101026.12
1643,2026-05-06 09:00:13,229,13,43,Pending,187530.25,6421.72,32599.54,213708.07
1644,2026-05-12 10:37:56,177,12,57,Completed,147137.57,0.0,26484.76,173622.33
1645,2026-06-01 14:24:18,306,6,21,Completed,183072.69,8772.43,31374.05,205674.31
1646,2026-05-18 16:34:42,134,13,73,Completed,506808.74,0.0,91225.57,598034.31
1647,2026-05-29 17:48:30,151,7,52,Completed,304506.5,0.0,54811.17,359317.67
1648,2025-06-28 17:30:10,468,1,76,Completed,777616.56,0.0,139970.98,917587.54
1649,2026-05-07 10:40:48,330,13,13,Completed,175238.55,0.0,31542.94,206781.49
1650,2025-04-26 12:17:58,191,15,15,Completed,42471.61,0.0,7644.89,50116.5
1651,2026-06-22 18:02:25,487,5,5,Completed,165561.9,11974.44,27645.74,181233.2
1652,2026-06-18 15:52:58,341,6,66,Completed,176620.45,0.0,31791.68,208412.13
1653,2025-02-04 21:49:08,155,1,46,Returned,855257.21,0.0,153946.3,1009203.51
1654,2026-06-28 16:08:20,467,6,66,Cancelled,325496.48,0.0,58589.37,384085.85
1655,2025-05-26 10:38:00,394,3,18,Completed,35669.98,0.0,6420.6,42090.58
1656,2026-05-10 21:01:16,111,15,45,Completed,456531.27,9243.13,80511.87,527800.01
1657,2025-03-18 17:18:43,246,15,75,Completed,203962.02,0.0,36713.16,240675.18
1658,2026-02-03 15:20:10,191,10,40,Completed,106065.4,13112.06,16731.6,109684.94
1659,2026-06-08 12:20:00,422,14,14,Completed,498207.39,48298.97,80983.52,530891.94
1660,2025-02-22 20:22:13,42,3,33,Completed,51739.76,0.0,9313.16,61052.92
1661,2025-07-06 09:47:15,360,14,74,Returned,310670.43,0.0,55920.68,366591.11
1662,2024-05-26 20:49:30,338,3,3,Completed,176675.32,22636.13,27727.05,181766.24
1663,2026-04-09 16:31:10,399,11,11,Completed,569046.19,0.0,102428.31,671474.5
1664,2026-06-25 14:35:20,139,9,24,Returned,253649.36,0.0,45656.88,299306.24
1665,2025-06-02 11:37:42,165,9,39,Completed,74883.62,5244.29,12535.08,82174.41
1666,2025-12-08 20:54:20,349,14,59,Completed,141105.96,6402.95,24246.54,158949.55
1667,2026-05-22 14:39:05,60,9,39,Completed,332542.75,0.0,59857.69,392400.44
1668,2026-06-17 19:03:23,29,6,6,Completed,322784.35,41134.09,50697.05,332347.31
1669,2026-06-04 13:17:30,48,5,35,Completed,533013.2,41761.4,88425.32,579677.12
1670,2026-01-28 21:09:19,188,11,11,Completed,261189.92,0.0,47014.19,308204.11
1671,2026-02-01 21:54:29,271,12,42,Completed,365120.79,26526.43,60946.98,399541.34
1672,2026-06-19 16:12:16,298,5,50,Completed,357043.63,0.0,64267.85,421311.48
1673,2025-08-13 14:14:31,462,10,40,Completed,110841.02,5767.39,18913.25,123986.88
1674,2025-08-16 17:13:26,16,4,19,Completed,643977.99,0.0,115916.04,759894.03
1675,2026-06-21 19:33:58,404,2,32,Completed,124768.47,0.0,22458.32,147226.79
1676,2026-06-27 16:32:34,94,7,7,Completed,343560.43,4266.5,61072.91,400366.84
1677,2026-02-10 21:11:30,416,15,15,Completed,517545.04,58530.6,82622.6,541637.04
1678,2026-04-03 15:11:20,101,1,31,Completed,359981.69,0.0,64796.7,424778.39
1679,2025-08-29 20:19:26,161,3,3,Completed,554912.81,0.0,99884.31,654797.12
1680,2026-06-22 12:30:51,339,4,34,Completed,463604.87,5455.91,82466.81,540615.77
1681,2026-03-20 18:55:06,263,1,1,Completed,8291.14,0.0,1492.41,9783.55
1682,2025-12-13 13:55:24,352,8,8,Completed,509841.27,0.0,91771.43,601612.7
1683,2026-01-26 11:37:51,377,8,23,Completed,259022.88,0.0,46624.12,305647.0
1684,2026-06-21 12:52:25,478,2,47,Completed,154176.06,0.0,27751.69,181927.75
1685,2025-11-16 19:50:27,310,10,55,Completed,39836.86,0.0,7170.63,47007.49
1686,2026-06-20 18:36:37,464,6,6,Completed,635056.32,68687.44,101946.4,668315.28
1687,2024-10-31 17:38:35,354,1,1,Completed,189372.66,0.0,34087.08,223459.74
1688,2026-06-15 12:53:59,117,10,10,Completed,146797.86,0.0,26423.61,173221.47
1689,2025-01-28 17:38:26,175,3,3,Completed,85599.58,0.0,15407.92,101007.5
1690,2026-01-24 19:18:24,149,15,45,Completed,372032.93,0.0,66965.93,438998.86
1691,2026-06-20 21:57:53,481,9,39,Completed,155614.7,22165.4,24020.87,157470.17
1692,2026-01-22 16:10:35,371,8,68,Returned,378777.22,0.0,68179.9,446957.12
1693,2025-11-30 19:45:36,190,14,59,Completed,745715.63,0.0,134228.81,879944.44
1694,2026-06-06 10:53:37,267,3,78,Completed,296244.88,0.0,53324.08,349568.96
1695,2026-06-28 20:34:38,74,2,62,Completed,338311.8,0.0,60896.12,399207.92
1696,2026-06-09 11:19:33,340,14,74,Completed,41881.59,2514.66,7086.05,46452.98
1697,2026-06-26 10:29:00,328,10,70,Completed,292794.69,0.0,52703.04,345497.73
1698,2026-04-01 14:51:06,385,10,55,Returned,410607.22,60661.91,62990.16,412935.47
1699,2026-04-03 16:48:55,407,15,30,Completed,17503.4,0.0,3150.61,20654.01
1700,2024-12-10 11:46:13,201,9,9,Completed,414963.44,32703.02,68806.88,451067.3
1701,2026-04-17 15:54:34,108,9,39,Completed,254152.63,0.0,45747.47,299900.1
1702,2025-11-06 16:53:34,42,10,40,Completed,46972.25,0.0,8455.0,55427.25
1703,2026-01-28 09:56:52,484,15,45,Pending,564634.72,0.0,101634.25,666268.97
1704,2025-06-25 16:29:36,408,10,40,Returned,403149.64,0.0,72566.94,475716.58
1705,2026-06-07 15:37:13,162,3,78,Completed,1285.72,0.0,231.43,1517.15
1706,2026-06-21 19:20:47,405,6,6,Completed,310879.97,16865.63,52922.58,346936.92
1707,2026-05-22 20:00:49,385,1,76,Completed,207536.75,23243.6,33172.77,217465.92
1708,2026-03-08 15:01:47,164,4,19,Completed,36134.77,0.0,6504.26,42639.03
1709,2026-06-27 18:05:00,63,10,40,Completed,236291.35,0.0,42532.44,278823.79
1710,2026-06-05 16:19:08,440,9,24,Completed,87831.91,0.0,15809.74,103641.65
1711,2026-06-08 20:27:02,162,6,6,Completed,306443.57,0.0,55159.84,361603.41
1712,2026-02-21 21:06:54,354,9,39,Completed,364911.28,10547.32,63785.51,418149.47
1713,2026-06-12 09:56:08,63,1,31,Completed,389181.97,0.0,70052.75,459234.72
1714,2026-02-07 10:57:21,366,8,8,Cancelled,158907.95,0.0,28603.43,187511.38
1715,2026-06-06 12:24:48,408,13,73,Completed,74171.86,0.0,13350.93,87522.79
1716,2025-11-05 20:22:32,469,8,8,Completed,50914.14,0.0,9164.55,60078.69
1717,2024-11-28 14:15:51,206,10,40,Completed,171211.75,0.0,30818.11,202029.86
1718,2026-02-17 17:20:55,361,1,76,Cancelled,84435.16,0.0,15198.33,99633.49
1719,2026-06-18 19:18:28,431,7,7,Completed,243625.6,0.0,43852.61,287478.21
1720,2026-06-30 15:52:24,45,11,26,Returned,92112.92,0.0,16580.33,108693.25
1721,2025-12-31 14:50:56,250,10,40,Completed,182284.84,0.0,32811.27,215096.11
1722,2026-05-27 19:39:02,195,5,5,Returned,602580.92,0.0,108464.57,711045.49
1723,2026-01-19 16:11:29,430,9,24,Pending,622518.39,0.0,112053.31,734571.7
1724,2026-04-23 15:26:00,82,9,54,Completed,409906.19,0.0,73783.11,483689.3
1725,2026-06-12 10:24:51,128,5,5,Completed,259322.26,0.0,46678.01,306000.27
1726,2026-06-12 15:04:02,36,14,74,Returned,493892.75,57097.2,78623.2,515418.75
1727,2026-02-17 19:57:13,320,12,57,Completed,219847.01,0.0,39572.46,259419.47
1728,2025-08-18 15:53:16,447,14,74,Pending,220781.52,0.0,39740.67,260522.19
1729,2026-06-20 19:35:34,192,2,2,Pending,84677.64,8676.51,13680.2,89681.33
1730,2026-06-10 11:31:26,252,4,4,Completed,357508.98,0.0,64351.62,421860.6
1731,2026-04-18 19:16:43,69,15,15,Completed,271376.75,0.0,48847.81,320224.56
1732,2026-06-04 14:50:13,60,9,24,Completed,30967.16,1446.04,5313.8,34834.92
1733,2026-05-28 15:31:25,295,7,67,Completed,13157.0,503.91,2277.56,14930.65
1734,2026-06-04 18:40:44,388,14,74,Completed,719197.66,0.0,129455.58,848653.24
1735,2025-12-19 17:48:54,292,3,18,Completed,97101.54,0.0,17478.28,114579.82
1736,2026-06-20 13:55:20,315,9,54,Completed,794341.12,0.0,142981.4,937322.52
1737,2026-06-24 17:47:57,180,2,32,Completed,382949.6,0.0,68930.93,451880.53
1738,2026-03-06 13:56:12,434,8,8,Pending,180683.15,0.0,32522.97,213206.12
1739,2026-06-30 10:50:06,496,7,67,Completed,35494.65,0.0,6389.04,41883.69
1740,2024-10-29 12:19:13,430,14,59,Completed,238289.19,0.0,42892.05,281181.24
1741,2026-03-25 16:13:35,390,9,9,Completed,41515.52,0.0,7472.79,48988.31
1742,2026-03-26 12:46:14,334,12,42,Completed,265689.04,0.0,47824.03,313513.07
1743,2026-06-03 09:53:16,146,13,58,Completed,66693.24,0.0,12004.78,78698.02
1744,2024-09-24 18:58:07,368,1,61,Cancelled,16724.76,0.0,3010.46,19735.22
1745,2025-06-29 11:34:08,179,4,79,Completed,108660.04,0.0,19558.81,128218.85
1746,2026-04-12 13:04:41,179,5,5,Completed,203321.62,0.0,36597.89,239919.51
1747,2026-01-10 18:02:46,442,14,14,Completed,274880.92,0.0,49478.57,324359.49
1748,2025-07-20 13:48:17,231,8,8,Completed,114963.87,0.0,20693.5,135657.37
1749,2026-04-17 18:53:45,29,12,57,Completed,73719.95,0.0,13269.59,86989.54
1750,2026-03-07 14:49:15,290,4,19,Completed,80350.58,0.0,14463.1,94813.68
1751,2026-06-29 20:39:19,330,2,2,Completed,269854.95,14612.96,45943.56,301185.55
1752,2025-10-25 21:17:34,325,15,30,Cancelled,28629.2,0.0,5153.26,33782.46
1753,2025-07-29 20:24:16,15,10,70,Completed,452253.07,0.0,81405.55,533658.62
1754,2026-06-06 11:23:05,295,7,7,Returned,317429.44,34651.46,50900.04,333678.02
1755,2026-04-30 13:00:16,432,5,5,Completed,168758.97,0.0,30376.61,199135.58
1756,2025-12-22 11:26:06,356,11,41,Completed,190072.62,0.0,34213.07,224285.69
1757,2025-11-23 12:19:24,425,10,10,Completed,669174.69,0.0,120451.44,789626.13
1758,2026-05-09 09:30:00,51,12,57,Completed,148200.2,0.0,26676.04,174876.24
1759,2026-06-16 11:03:59,205,8,68,Completed,476367.58,0.0,85746.16,562113.74
1760,2026-04-26 14:49:50,399,1,1,Completed,618624.32,0.0,111352.38,729976.7
1761,2026-06-21 11:04:36,458,13,58,Completed,247889.01,13018.52,42276.69,277147.18
1762,2025-04-07 14:29:30,210,9,9,Completed,322254.71,47510.32,49453.99,324198.38
1763,2026-02-22 12:08:21,16,1,1,Cancelled,10754.95,0.0,1935.89,12690.84
1764,2026-06-21 12:39:29,289,1,1,Completed,188265.15,0.0,33887.73,222152.88
1765,2026-06-21 16:10:10,386,13,13,Completed,2939.46,0.0,529.1,3468.56
1766,2026-06-02 09:47:32,105,9,54,Completed,94469.02,9636.83,15269.79,100101.98
1767,2026-03-04 11:11:07,39,11,26,Pending,159131.82,0.0,28643.73,187775.55
1768,2026-05-12 20:26:50,422,5,35,Returned,372158.9,32614.05,61118.07,400662.92
1769,2026-06-19 17:51:04,254,2,77,Completed,71362.04,5000.72,11945.04,78306.36
1770,2025-12-20 12:26:03,4,8,23,Returned,120016.5,0.0,21602.97,141619.47
1771,2026-03-07 13:54:50,75,14,14,Cancelled,214070.56,0.0,38532.7,252603.26
1772,2025-12-03 10:41:25,68,3,33,Pending,497513.95,0.0,89552.51,587066.46
1773,2026-05-01 13:48:05,176,3,18,Completed,419659.43,0.0,75538.7,495198.13
1774,2026-05-28 13:47:52,376,15,15,Completed,33732.0,0.0,6071.76,39803.76
1775,2026-01-25 18:01:13,432,8,8,Completed,600337.11,0.0,108060.68,708397.79
1776,2026-06-12 14:06:14,216,11,41,Completed,190950.52,0.0,34371.09,225321.61
1777,2026-06-24 18:52:19,241,7,7,Completed,63589.5,0.0,11446.11,75035.61
1778,2026-01-06 14:52:44,13,11,11,Completed,492759.67,16767.61,85678.57,561670.63
1779,2026-06-13 09:08:06,277,6,6,Completed,12802.99,705.86,2177.48,14274.61
1780,2026-06-16 11:51:27,342,2,47,Completed,402754.11,0.0,72495.74,475249.85
1781,2026-06-30 18:51:34,208,13,43,Completed,409374.71,0.0,73687.45,483062.16
1782,2026-04-25 21:56:58,131,8,68,Returned,285590.06,0.0,51406.21,336996.27
1783,2026-06-07 16:24:03,346,7,7,Completed,29201.8,4195.3,4501.17,29507.67
1784,2025-02-23 16:16:01,257,9,39,Completed,862795.19,0.0,155303.13,1018098.32
1785,2026-04-28 10:36:07,119,8,68,Completed,347574.01,11181.15,60550.71,396943.57
1786,2026-06-30 11:05:27,252,5,50,Completed,44480.29,0.0,8006.45,52486.74
1787,2026-06-28 21:57:12,26,7,67,Returned,206229.14,0.0,37121.25,243350.39
1788,2026-05-04 21:20:14,493,12,27,Completed,263774.96,0.0,47479.49,311254.45
1789,2025-06-26 16:02:32,138,9,54,Completed,21982.88,0.0,3956.92,25939.8
1790,2025-12-04 13:27:11,115,10,70,Completed,332606.72,0.0,59869.21,392475.93
1791,2025-07-05 11:12:47,439,1,16,Completed,480123.01,65361.75,74657.03,489418.29
1792,2025-07-14 14:57:21,352,12,27,Pending,108299.6,0.0,19493.93,127793.53
1793,2026-05-06 09:01:01,107,13,28,Completed,196284.72,0.0,35331.25,231615.97
1794,2026-04-16 16:15:37,193,4,34,Completed,274586.44,0.0,49425.56,324012.0
1795,2026-06-25 18:49:49,3,1,61,Completed,757197.4,0.0,136295.53,893492.93
1796,2026-06-17 15:51:00,47,2,47,Pending,825089.39,0.0,148516.09,973605.48
1797,2026-03-21 18:48:47,489,14,14,Completed,86097.26,0.0,15497.51,101594.77
1798,2026-03-14 16:12:59,421,4,19,Completed,601258.69,0.0,108226.56,709485.25
1799,2026-06-07 20:39:02,426,10,70,Returned,8362.38,0.0,1505.23,9867.61
1800,2026-05-25 17:53:05,278,13,43,Cancelled,76639.46,2313.96,13378.59,87704.09
1801,2026-03-28 13:24:15,444,15,75,Pending,631852.68,0.0,113733.48,745586.16
1802,2025-11-21 12:27:07,12,15,45,Completed,498401.48,0.0,89712.27,588113.75
1803,2026-06-28 16:05:59,371,14,14,Completed,84135.93,0.0,15144.47,99280.4
1804,2026-06-16 19:38:35,452,2,47,Completed,65911.95,3688.47,11200.23,73423.71
1805,2026-06-10 11:48:36,356,5,35,Cancelled,112472.43,0.0,20245.04,132717.47
1806,2024-11-12 19:16:51,159,3,3,Completed,298799.68,0.0,53783.94,352583.62
1807,2026-06-20 14:48:15,7,2,47,Completed,150220.31,0.0,27039.66,177259.97
1808,2025-08-07 15:36:38,211,1,46,Completed,393.33,0.0,70.8,464.13
1809,2025-08-29 15:28:09,146,10,55,Completed,201495.72,16817.89,33242.01,217919.84
1810,2025-09-16 13:56:41,49,1,61,Completed,118473.36,0.0,21325.2,139798.56
1811,2024-06-19 20:32:09,415,3,78,Completed,128905.35,0.0,23202.96,152108.31
1812,2026-01-28 21:18:00,335,4,79,Completed,199580.53,22265.79,31916.65,209231.39
1813,2026-05-28 17:22:32,457,7,7,Completed,287957.29,0.0,51832.31,339789.6
1814,2026-05-18 11:29:14,255,5,50,Completed,254697.65,0.0,45845.58,300543.23
1815,2026-05-11 13:10:59,184,11,11,Completed,115884.64,0.0,20859.24,136743.88
1816,2025-08-08 10:10:39,233,1,1,Completed,15434.56,1787.57,2456.46,16103.45
1817,2025-11-22 20:21:06,396,9,24,Completed,180534.7,0.0,32496.25,213030.95
1818,2026-06-06 21:40:20,352,7,7,Completed,103039.84,0.0,18547.17,121587.01
1819,2026-05-27 10:56:02,10,5,50,Completed,427962.36,0.0,77033.22,504995.58
1820,2026-06-08 13:27:26,309,3,18,Pending,192534.64,0.0,34656.24,227190.88
1821,2025-11-12 17:09:29,44,3,78,Completed,255328.15,0.0,45959.07,301287.22
1822,2025-10-17 11:36:47,46,12,27,Returned,341031.09,0.0,61385.6,402416.69
1823,2026-06-17 10:08:01,322,7,7,Completed,310296.49,0.0,55853.37,366149.86
1824,2025-02-25 16:47:27,136,9,39,Completed,277591.31,0.0,49966.44,327557.75
1825,2026-04-29 15:46:02,167,4,34,Cancelled,188194.07,0.0,33874.93,222069.0
1826,2026-06-14 11:28:26,157,11,11,Returned,255035.06,30256.54,40460.13,265238.65
1827,2026-02-04 09:06:39,437,11,26,Completed,655863.39,34488.72,111847.44,733222.11
1828,2026-06-06 20:47:51,122,1,31,Completed,230874.16,0.0,41557.35,272431.51
1829,2026-04-25 11:16:15,105,12,42,Completed,70656.76,0.0,12718.22,83374.98
1830,2026-06-26 15:34:10,493,7,7,Completed,535452.98,0.0,96381.54,631834.52
1831,2026-06-22 19:08:52,163,13,13,Completed,87517.0,0.0,15753.06,103270.06
1832,2026-01-20 09:32:25,488,3,63,Completed,306468.52,0.0,55164.33,361632.85
1833,2026-05-28 20:50:25,361,13,58,Cancelled,344865.68,17096.93,58998.38,386767.13
1834,2025-07-11 18:56:28,439,3,33,Completed,250768.22,15351.57,42375.0,277791.65
1835,2025-11-14 17:54:54,210,14,74,Completed,184909.98,0.0,33283.8,218193.78
1836,2026-06-05 10:42:10,320,5,35,Completed,61882.6,9274.71,9469.42,62077.31
1837,2026-03-04 09:26:59,328,4,34,Completed,367365.94,0.0,66125.87,433491.81
1838,2026-06-30 16:19:09,262,5,50,Completed,428752.89,0.0,77175.52,505928.41
1839,2024-12-31 13:03:19,161,14,59,Completed,158240.02,15773.46,25643.98,168110.54
1840,2026-05-03 11:07:09,450,12,57,Completed,276403.44,0.0,49752.62,326156.06
1841,2026-06-01 13:38:47,405,11,26,Completed,358565.22,37784.62,57740.51,378521.11
1842,2026-06-19 21:11:01,84,6,51,Cancelled,421104.27,0.0,75798.77,496903.04
1843,2025-11-28 19:52:05,338,12,42,Completed,171793.48,0.0,30922.83,202716.31
1844,2026-04-03 16:49:12,52,11,41,Completed,138477.27,0.0,24925.91,163403.18
1845,2025-07-28 12:00:54,42,9,24,Completed,569941.78,0.0,102589.52,672531.3
1846,2026-05-20 19:37:50,120,5,5,Completed,285510.44,0.0,51391.88,336902.32
1847,2025-05-22 20:04:33,448,14,74,Completed,1928.58,0.0,347.14,2275.72
1848,2026-06-14 15:25:16,301,13,58,Completed,20223.14,851.59,3486.88,22858.43
1849,2026-06-27 10:02:11,10,6,6,Completed,65561.44,0.0,11801.06,77362.5
1850,2025-06-24 12:42:47,418,15,45,Completed,198043.82,0.0,35647.89,233691.71
1851,2025-11-10 09:07:45,411,12,27,Completed,187141.72,0.0,33685.51,220827.23
1852,2025-05-24 12:31:09,160,10,70,Completed,22878.63,0.0,4118.15,26996.78
1853,2026-06-24 09:03:12,374,11,41,Completed,206751.55,0.0,37215.28,243966.83
1854,2026-03-20 16:35:52,358,4,4,Completed,160584.42,0.0,28905.2,189489.62
1855,2025-06-18 10:51:17,310,15,15,Pending,161667.42,8452.38,27578.71,180793.75
1856,2026-04-12 10:15:06,7,4,34,Completed,251718.52,0.0,45309.33,297027.85
1857,2026-05-04 16:48:41,255,12,12,Completed,305107.37,29121.94,49677.38,325662.81
1858,2026-06-15 21:24:56,24,13,13,Completed,66807.42,0.0,12025.34,78832.76
1859,2026-06-24 17:16:06,390,6,6,Completed,253539.04,0.0,45637.03,299176.07
1860,2025-10-31 17:21:55,146,14,74,Completed,90645.65,0.0,16316.22,106961.87
1861,2025-11-17 12:28:21,5,11,11,Completed,188286.97,0.0,33891.65,222178.62
1862,2026-06-09 16:59:10,272,3,3,Returned,378996.12,0.0,68219.3,447215.42
1863,2025-08-24 20:00:30,347,14,59,Returned,183866.26,0.0,33095.93,216962.19
1864,2025-09-11 16:07:26,240,10,10,Completed,78695.21,0.0,14165.14,92860.35
1865,2026-06-15 18:30:53,15,9,9,Completed,122683.11,0.0,22082.96,144766.07
1866,2025-12-31 16:31:49,458,4,79,Completed,76039.18,0.0,13687.05,89726.23
1867,2025-11-10 09:28:56,102,8,23,Completed,341722.9,0.0,61510.12,403233.02
1868,2026-06-19 21:18:35,443,2,2,Pending,86733.5,0.0,15612.03,102345.53
1869,2026-01-10 21:22:29,371,12,72,Completed,89710.05,0.0,16147.81,105857.86
1870,2025-03-04 19:16:42,257,1,1,Completed,238037.28,25041.25,38339.29,251335.32
1871,2026-05-19 15:11:10,100,13,28,Cancelled,51562.14,0.0,9281.19,60843.33
1872,2026-06-03 21:24:38,63,7,67,Completed,224557.59,0.0,40420.37,264977.96
1873,2025-08-23 13:25:42,196,9,39,Completed,283426.19,0.0,51016.71,334442.9
1874,2026-06-18 19:22:04,200,13,58,Completed,40602.49,0.0,7308.45,47910.94
1875,2026-06-25 20:47:56,354,2,32,Cancelled,111451.37,3824.6,19372.82,126999.59
1876,2026-06-24 10:53:26,46,6,6,Completed,338065.85,0.0,60851.85,398917.7
1877,2025-02-20 09:30:59,422,3,63,Pending,413045.33,0.0,74348.16,487393.49
1878,2026-06-27 19:33:49,102,6,6,Completed,625707.09,28214.24,107548.71,705041.56
1879,2026-05-28 12:44:47,401,3,33,Completed,42268.52,0.0,7608.33,49876.85
1880,2025-11-22 11:18:34,318,9,24,Completed,107101.28,0.0,19278.23,126379.51
1881,2026-06-14 09:19:58,258,2,32,Completed,477737.52,30664.17,80473.2,527546.55
1882,2025-02-12 14:54:14,218,10,10,Pending,3395.09,0.0,611.12,4006.21
1883,2026-06-13 16:46:23,52,6,6,Completed,51435.96,6961.69,8005.37,52479.64
1884,2026-05-12 13:25:45,366,9,54,Completed,344846.91,5222.8,61132.34,400756.45
1885,2026-06-06 14:14:19,119,11,41,Completed,201780.73,27893.0,31299.79,205187.52
1886,2024-09-29 10:56:48,48,1,31,Completed,244017.97,27453.16,38981.67,255546.48
1887,2026-06-04 16:32:52,256,7,52,Completed,322031.68,0.0,57965.7,379997.38
1888,2026-06-15 16:15:35,404,7,7,Completed,115967.8,0.0,20874.2,136842.0
1889,2026-05-14 17:49:04,382,13,13,Completed,382193.55,0.0,68794.84,450988.39
1890,2025-11-22 11:14:37,465,8,23,Completed,42093.86,0.0,7576.89,49670.75
1891,2026-06-10 14:23:16,289,8,68,Completed,147247.26,0.0,26504.51,173751.77
1892,2026-05-12 19:51:38,438,11,11,Completed,171845.22,6146.11,29825.84,195524.95
1893,2026-05-13 11:18:50,117,12,57,Returned,428135.65,17341.82,73942.89,484736.72
1894,2026-05-23 13:27:49,389,12,42,Completed,38503.82,833.64,6780.63,44450.81
1895,2025-03-21 16:06:01,73,1,31,Completed,216032.94,23485.09,34658.61,227206.46
1896,2025-11-13 10:23:24,32,14,74,Completed,322734.28,38734.34,51119.99,335119.93
1897,2026-03-14 19:48:14,387,11,26,Completed,268340.68,0.0,48301.32,316642.0
1898,2025-04-17 16:20:19,371,1,16,Cancelled,10185.27,0.0,1833.35,12018.62
1899,2026-06-23 13:52:04,272,1,16,Completed,54318.36,0.0,9777.3,64095.66
1900,2026-03-10 19:11:24,258,14,59,Pending,121959.16,3519.97,21319.05,139758.24
1901,2026-06-15 21:48:25,289,3,33,Completed,229654.3,0.0,41337.77,270992.07
1902,2024-09-24 17:33:53,207,3,63,Completed,167114.28,21866.17,26144.66,171392.77
1903,2026-02-21 13:08:00,24,8,23,Returned,389656.85,0.0,70138.23,459795.08
1904,2026-06-08 11:30:04,457,7,67,Completed,200240.94,0.0,36043.37,236284.31
1905,2025-07-13 20:35:58,362,4,34,Completed,428252.74,0.0,77085.49,505338.23
1906,2026-05-24 18:08:13,214,12,27,Completed,385385.58,34156.53,63221.23,414450.28
1907,2026-04-22 18:03:26,221,12,72,Completed,525826.2,0.0,94648.72,620474.92
1908,2026-02-23 17:25:37,356,1,31,Completed,180230.91,0.0,32441.56,212672.47
1909,2026-02-15 21:23:49,91,1,76,Completed,243401.7,0.0,43812.31,287214.01
1910,2026-06-22 17:53:38,4,6,6,Returned,254459.62,0.0,45802.73,300262.35
1911,2026-06-12 10:57:20,243,4,79,Completed,181019.67,0.0,32583.54,213603.21
1912,2026-05-26 14:12:43,231,7,52,Completed,228914.88,0.0,41204.68,270119.56
1913,2026-05-29 20:30:32,165,7,52,Completed,190126.59,5953.97,33151.07,217323.69
1914,2026-01-06 14:16:10,238,8,68,Completed,823928.15,0.0,148307.07,972235.22
1915,2026-05-19 21:33:16,40,10,10,Completed,361131.25,0.0,65003.62,426134.87
1916,2026-04-19 20:53:08,93,8,8,Returned,245481.88,31114.62,38586.11,252953.37
1917,2026-03-18 11:11:41,106,3,3,Completed,89807.67,0.0,16165.38,105973.05
1918,2026-06-28 14:41:56,53,2,2,Completed,300537.83,0.0,54096.81,354634.64
1919,2026-06-17 15:10:03,311,2,62,Completed,494747.52,29796.73,83691.14,548641.93
1920,2025-07-21 13:17:53,81,10,55,Completed,473006.22,29617.81,79809.91,523198.32
1921,2024-08-10 14:11:06,296,9,24,Returned,476956.66,61742.31,74738.58,489952.93
1922,2025-06-24 18:54:51,490,10,10,Completed,554188.02,0.0,99753.84,653941.86
1923,2026-01-11 18:50:35,16,15,30,Pending,12085.31,0.0,2175.36,14260.67
1924,2026-05-27 13:31:53,456,5,5,Completed,69990.13,0.0,12598.22,82588.35
1925,2025-04-10 16:29:56,217,9,9,Completed,276232.59,0.0,49721.87,325954.46
1926,2026-06-22 10:25:59,10,15,30,Completed,117514.8,0.0,21152.66,138667.46
1927,2026-05-27 19:00:02,455,13,13,Completed,386265.72,0.0,69527.83,455793.55
1928,2026-02-08 16:11:16,102,4,19,Completed,474871.31,0.0,85476.84,560348.15
1929,2026-01-31 21:28:10,193,10,40,Completed,241006.8,0.0,43381.22,284388.02
1930,2026-06-30 12:58:35,401,8,23,Pending,491401.75,8477.32,86926.4,569850.83
1931,2026-04-17 15:48:59,114,10,10,Completed,716491.58,0.0,128968.48,845460.06
1932,2026-04-18 20:39:52,32,3,33,Returned,182377.14,15137.7,30103.1,197342.54
1933,2026-06-21 20:38:14,167,2,77,Completed,213813.6,0.0,38486.45,252300.05
1934,2025-07-08 17:55:05,359,3,63,Completed,133778.36,0.0,24080.1,157858.46
1935,2026-06-21 14:41:03,294,2,62,Completed,220829.9,0.0,39749.38,260579.28
1936,2025-03-15 11:53:27,396,10,70,Completed,383098.55,0.0,68957.74,452056.29
1937,2026-06-16 11:29:55,232,7,67,Completed,46318.2,6615.34,7146.51,46849.37
1938,2026-05-03 18:31:16,330,5,35,Completed,78123.63,0.0,14062.25,92185.88
1939,2025-12-08 16:46:00,321,10,55,Completed,100823.91,0.0,18148.3,118972.21
1940,2026-05-26 15:47:31,280,7,52,Returned,86762.84,0.0,15617.31,102380.15
1941,2026-06-05 09:34:00,386,7,7,Completed,249553.06,0.0,44919.55,294472.61
1942,2026-06-19 18:02:10,473,2,77,Completed,46456.23,0.0,8362.12,54818.35
1943,2026-05-27 12:39:02,40,15,45,Completed,515732.84,0.0,92831.91,608564.75
1944,2026-04-16 12:11:57,278,10,10,Completed,180291.12,0.0,32452.4,212743.52
1945,2026-05-13 11:00:10,491,4,19,Completed,275936.5,0.0,49668.57,325605.07
1946,2026-06-21 14:57:41,35,1,16,Completed,198676.19,0.0,35761.71,234437.9
1947,2026-02-27 18:56:46,177,14,14,Completed,230865.46,0.0,41555.78,272421.24
1948,2026-04-11 12:54:25,173,5,35,Completed,473178.48,0.0,85172.13,558350.61
1949,2026-04-23 21:13:39,417,9,39,Completed,45400.81,0.0,8172.15,53572.96
1950,2025-09-07 13:54:15,398,4,19,Completed,213917.85,0.0,38505.21,252423.06
1951,2025-01-29 09:51:34,84,10,70,Pending,118473.36,0.0,21325.2,139798.56
1952,2026-06-27 12:07:08,289,12,72,Completed,88488.74,0.0,15927.97,104416.71
1953,2026-04-18 11:56:37,404,5,35,Completed,54176.7,0.0,9751.81,63928.51
1954,2026-06-11 18:38:39,400,6,66,Completed,10863.1,0.0,1955.36,12818.46
1955,2026-06-21 16:25:12,29,2,32,Completed,174183.4,0.0,31353.01,205536.41
1956,2026-05-24 13:10:04,236,5,50,Completed,70304.27,0.0,12654.77,82959.04
1957,2026-04-22 13:41:05,197,3,78,Completed,381899.68,12773.31,66442.75,435569.12
1958,2026-06-09 21:06:37,462,8,23,Completed,34956.09,1632.4,5998.26,39321.95
1959,2026-01-29 10:30:23,203,8,8,Completed,155029.4,0.0,27905.29,182934.69
1960,2025-02-02 16:20:09,206,3,63,Completed,456350.13,0.0,82143.02,538493.15
1961,2026-01-01 15:06:57,261,11,26,Completed,413993.22,0.0,74518.78,488512.0
1962,2026-01-11 10:28:51,360,1,61,Completed,346778.64,0.0,62420.16,409198.8
1963,2026-03-27 19:47:56,14,1,61,Completed,241500.94,13153.96,41102.46,269449.44
1964,2026-06-09 09:12:10,138,6,21,Completed,361090.83,0.0,64996.35,426087.18
1965,2026-06-28 14:22:00,33,6,21,Completed,279183.58,0.0,50253.04,329436.62
1966,2025-10-03 18:40:06,139,4,19,Completed,266279.89,0.0,47930.38,314210.27
1967,2025-07-29 16:31:58,342,14,14,Completed,170834.59,0.0,30750.23,201584.82
1968,2026-04-14 18:08:23,327,3,33,Completed,301908.99,0.0,54343.62,356252.61
1969,2026-02-07 10:32:34,129,14,14,Completed,795929.88,0.0,143267.38,939197.26
1970,2026-05-18 20:59:34,420,5,50,Completed,275594.27,0.0,49606.97,325201.24
1971,2025-02-16 21:34:30,303,3,3,Completed,87160.01,0.0,15688.8,102848.81
1972,2026-03-29 18:12:13,221,8,68,Completed,113194.96,0.0,20375.09,133570.05
1973,2026-03-26 17:27:22,388,3,78,Completed,73301.03,0.0,13194.19,86495.22
1974,2025-06-10 14:29:45,447,10,10,Completed,390292.46,0.0,70252.64,460545.1
1975,2026-05-29 17:21:40,149,7,52,Completed,60846.23,0.0,10952.32,71798.55
1976,2026-06-27 20:34:10,402,6,21,Cancelled,270727.8,0.0,48731.0,319458.8
1977,2026-03-08 11:25:50,165,12,57,Completed,33045.28,0.0,5948.15,38993.43
1978,2025-05-22 16:08:42,379,9,39,Returned,73328.22,0.0,13199.08,86527.3
1979,2026-06-30 12:55:49,87,6,51,Completed,110075.19,0.0,19813.53,129888.72
1980,2025-08-17 21:37:25,164,12,42,Completed,310910.98,0.0,55963.98,366874.96
1981,2025-06-20 09:48:06,82,3,18,Completed,212584.05,22950.32,34134.07,223767.8
1982,2025-10-05 21:56:19,181,12,57,Completed,268111.1,0.0,48260.0,316371.1
1983,2026-06-11 11:41:00,283,7,7,Completed,310688.23,0.0,55923.88,366612.11
1984,2025-09-21 13:05:18,485,3,18,Completed,322786.54,0.0,58101.58,380888.12
1985,2026-06-06 09:38:44,90,10,10,Completed,355506.2,0.0,63991.12,419497.32
1986,2024-06-16 11:26:25,202,3,63,Pending,540848.89,0.0,97352.8,638201.69
1987,2026-06-06 09:37:23,471,14,59,Completed,524.44,73.65,81.14,531.93
1988,2026-06-23 19:02:01,95,2,62,Completed,293983.33,0.0,52917.0,346900.33
1989,2026-06-16 18:14:15,315,2,2,Completed,266904.07,0.0,48042.73,314946.8
1990,2024-10-15 11:19:53,103,9,24,Completed,275117.63,0.0,49521.17,324638.8
1991,2026-06-15 09:44:02,45,10,40,Completed,219626.05,0.0,39532.69,259158.74
1992,2025-12-08 16:42:02,11,15,30,Completed,295614.55,0.0,53210.62,348825.17
1993,2026-06-21 09:30:27,144,7,7,Completed,69801.05,0.0,12564.19,82365.24
1994,2026-06-13 20:22:00,201,5,5,Pending,94558.28,0.0,17020.49,111578.77
1995,2026-03-25 12:17:27,167,4,79,Completed,103124.28,11483.82,16495.28,108135.74
1996,2026-06-04 12:43:07,423,7,67,Completed,702258.83,0.0,126406.59,828665.42
1997,2026-05-17 10:00:41,445,15,30,Cancelled,172687.54,0.0,31083.76,203771.3
1998,2026-04-18 15:19:08,317,5,35,Cancelled,155327.28,0.0,27958.91,183286.19
1999,2026-06-25 13:57:52,367,2,62,Completed,321587.24,20419.56,54210.18,355377.86
2000,2026-02-27 11:29:30,469,12,27,Completed,296347.17,0.0,53342.49,349689.66
2001,2025-11-11 15:57:58,199,9,39,Completed,351902.76,47991.62,54704.01,358615.15
2002,2025-08-28 21:16:38,217,14,74,Completed,236067.8,18742.57,39118.54,256443.77
2003,2026-03-16 21:04:30,320,1,31,Completed,234545.2,0.0,42218.14,276763.34
2004,2026-06-28 09:05:53,175,2,77,Completed,25961.42,0.0,4673.06,30634.48
2005,2024-08-15 13:44:11,318,10,40,Returned,693484.27,0.0,124827.17,818311.44
2006,2026-05-05 16:19:17,87,5,50,Returned,400527.46,12424.65,69858.51,457961.32
2007,2026-05-16 12:17:22,40,13,58,Completed,190867.12,13115.79,31995.24,209746.57
2008,2026-06-07 15:36:16,172,13,28,Completed,233941.97,0.0,42109.55,276051.52
2009,2025-10-24 13:49:34,390,1,16,Returned,367227.98,0.0,66101.04,433329.02
2010,2026-06-21 17:36:02,116,7,7,Completed,92871.84,0.0,16716.93,109588.77
2011,2026-04-11 20:45:17,240,3,18,Completed,622733.57,68680.54,99729.55,653782.58
2012,2026-03-08 12:32:55,7,1,61,Returned,101712.44,0.0,18308.24,120020.68
2013,2026-06-24 13:11:05,454,6,66,Completed,344147.28,0.0,61946.51,406093.79
2014,2026-05-02 18:38:01,143,4,34,Completed,598566.76,0.0,107742.02,706308.78
2015,2026-03-15 17:04:16,17,10,40,Returned,266567.67,16179.47,45069.88,295458.08
2016,2026-06-28 19:26:47,26,5,35,Completed,28709.44,0.0,5167.7,33877.14
2017,2026-04-10 13:17:13,114,8,68,Completed,735.6,0.0,132.41,868.01
2018,2025-11-15 17:48:28,203,12,57,Completed,359794.39,0.0,64762.99,424557.38
2019,2026-05-01 13:57:26,494,14,59,Completed,167484.77,17708.11,26959.8,176736.46
2020,2026-05-10 12:25:35,68,11,26,Completed,277270.02,0.0,49908.6,327178.62
2021,2026-05-29 19:19:56,462,13,13,Completed,228445.12,0.0,41120.12,269565.24
2022,2026-06-02 11:28:30,266,6,6,Completed,475347.89,0.0,85562.62,560910.51
2023,2025-10-17 21:33:19,86,10,10,Completed,161835.9,0.0,29130.46,190966.36
2024,2026-04-30 15:01:18,358,8,68,Cancelled,133156.89,0.0,23968.24,157125.13
2025,2026-05-28 14:57:02,187,7,52,Completed,187636.16,0.0,33774.51,221410.67
2026,2026-03-18 18:32:15,127,8,23,Completed,796901.04,0.0,143442.19,940343.23
2027,2026-05-17 19:13:01,203,8,68,Completed,169776.56,0.0,30559.78,200336.34
2028,2026-04-13 11:11:47,242,12,12,Completed,49320.76,0.0,8877.74,58198.5
2029,2025-12-02 19:17:49,211,15,75,Completed,149421.58,0.0,26895.88,176317.46
2030,2026-06-03 17:41:32,9,13,73,Completed,304086.61,0.0,54735.59,358822.2
2031,2026-06-13 21:52:02,112,9,39,Completed,263782.45,0.0,47480.84,311263.29
2032,2026-03-17 13:43:52,385,4,79,Completed,130763.34,0.0,23537.4,154300.74
2033,2026-06-08 21:30:25,264,12,72,Pending,162440.73,0.0,29239.33,191680.06
2034,2026-06-28 09:54:42,433,6,51,Completed,156661.64,17499.26,25049.23,164211.61
2035,2026-05-23 20:29:03,293,3,18,Completed,329166.88,0.0,59250.04,388416.92
2036,2026-06-28 20:48:04,439,9,54,Completed,107756.32,5797.43,18352.6,120311.49
2037,2026-02-19 09:26:25,206,11,41,Completed,45617.29,0.0,8211.11,53828.4
2038,2025-11-09 21:10:36,430,1,1,Returned,184292.43,0.0,33172.64,217465.07
2039,2025-08-03 12:51:37,347,15,15,Completed,33277.85,0.0,5990.01,39267.86
2040,2026-05-30 19:36:52,393,14,74,Returned,677994.19,27206.67,117141.75,767929.27
2041,2026-04-30 11:26:44,82,8,8,Completed,192232.75,24523.71,30187.63,197896.67
2042,2026-06-24 21:14:29,453,13,28,Completed,200259.06,0.0,36046.63,236305.69
2043,2026-02-12 15:52:53,378,15,15,Completed,48601.9,0.0,8748.34,57350.24
2044,2026-02-24 13:10:01,135,3,63,Completed,360321.28,38632.37,57904.0,379592.91
2045,2025-09-29 19:49:15,357,10,40,Cancelled,203748.99,0.0,36674.82,240423.81
2046,2026-03-31 20:01:07,155,11,41,Completed,46755.22,1102.49,8217.49,53870.22
2047,2026-02-28 09:24:38,397,10,70,Completed,87010.76,0.0,15661.94,102672.7
2048,2026-06-07 09:23:16,316,6,66,Returned,994059.69,75089.77,165414.59,1084384.51
2049,2026-06-16 17:58:32,272,3,33,Completed,227435.17,9499.21,39228.47,257164.43
2050,2026-05-24 09:44:09,143,11,11,Completed,29524.33,0.0,5314.38,34838.71
2051,2025-11-17 16:46:34,356,11,41,Completed,544451.81,36717.87,91392.11,599126.05
2052,2025-11-24 19:24:41,242,9,9,Completed,597259.06,0.0,107506.63,704765.69
2053,2026-01-24 19:33:37,114,11,11,Completed,126615.3,0.0,22790.75,149406.05
2054,2025-12-03 15:41:54,389,15,15,Completed,278138.5,0.0,50064.93,328203.43
2055,2026-05-20 19:32:05,396,10,40,Completed,250503.14,0.0,45090.57,295593.71
2056,2025-09-13 16:03:59,103,8,8,Completed,145789.97,0.0,26242.19,172032.16
2057,2026-06-14 09:28:56,80,7,67,Pending,538313.87,0.0,96896.5,635210.37
2058,2026-03-06 19:57:55,16,9,9,Cancelled,433370.01,0.0,78006.6,511376.61
2059,2026-05-20 11:33:10,34,8,8,Completed,32942.98,4661.92,5090.59,33371.65
2060,2026-02-14 21:18:53,213,9,24,Completed,346952.83,28142.86,57385.79,376195.76
2061,2026-06-30 09:29:09,270,6,6,Returned,351894.42,0.0,63341.0,415235.42
2062,2025-10-14 11:41:41,338,10,55,Completed,31794.75,0.0,5723.05,37517.8
2063,2026-06-27 17:00:27,142,2,2,Cancelled,146568.31,0.0,26382.3,172950.61
2064,2026-06-26 10:10:51,351,2,77,Completed,234535.66,23877.31,37918.5,248576.85
2065,2026-04-10 09:33:08,201,3,3,Completed,150339.58,0.0,27061.12,177400.7
2066,2025-11-03 09:40:48,123,10,10,Completed,358790.91,0.0,64582.36,423373.27
2067,2026-06-11 13:17:13,473,7,7,Completed,230986.97,0.0,41577.65,272564.62
2068,2026-06-06 19:16:21,305,7,67,Returned,107711.2,5356.33,18423.88,120778.75
2069,2025-10-01 10:11:00,349,14,59,Completed,277846.04,0.0,50012.29,327858.33
2070,2026-05-27 11:42:56,152,13,28,Completed,22524.02,0.0,4054.32,26578.34
2071,2026-01-08 10:59:09,209,10,10,Cancelled,190960.18,24478.66,29966.67,196448.19
2072,2026-06-01 11:35:58,235,6,21,Completed,104869.55,0.0,18876.52,123746.07
2073,2026-05-29 12:39:24,232,7,67,Completed,52650.81,0.0,9477.15,62127.96
2074,2025-07-09 12:24:20,230,1,16,Completed,495338.95,0.0,89161.01,584499.96
2075,2025-02-08 14:22:14,392,15,45,Completed,451183.59,0.0,81213.05,532396.64
2076,2026-04-17 20:34:52,218,5,50,Completed,25759.96,0.0,4636.79,30396.75
2077,2026-06-18 09:15:55,189,13,43,Completed,294711.62,36246.04,46523.8,304989.38
2078,2026-06-15 11:07:22,360,5,50,Completed,193664.77,3293.59,34266.81,224637.99
2079,2025-11-21 17:23:17,292,8,23,Cancelled,455807.02,44549.48,74026.36,485283.9
2080,2026-06-07 11:14:27,205,7,7,Returned,283550.33,0.0,51039.06,334589.39
2081,2026-06-13 21:39:33,207,13,58,Completed,250447.13,0.0,45080.48,295527.61
2082,2026-06-25 18:19:36,300,2,32,Completed,222507.94,0.0,40051.43,262559.37
2083,2026-01-01 20:03:16,496,15,30,Completed,664805.02,0.0,119664.9,784469.92
2084,2026-06-05 15:36:39,269,7,7,Completed,450391.02,0.0,81070.38,531461.4
2085,2026-05-30 16:59:36,197,7,52,Completed,274553.66,0.0,49419.66,323973.32
2086,2026-02-26 18:37:58,91,4,34,Completed,56119.04,0.0,10101.43,66220.47
2087,2026-03-28 20:38:50,308,11,11,Cancelled,216461.55,0.0,38963.08,255424.63
2088,2026-03-24 21:35:47,281,4,19,Completed,391479.55,0.0,70466.32,461945.87
2089,2026-06-27 16:45:31,498,7,67,Returned,640506.47,0.0,115291.16,755797.63
2090,2026-06-01 13:07:15,96,6,66,Completed,214231.35,0.0,38561.64,252792.99
2091,2026-06-11 18:52:15,89,1,61,Completed,430338.02,0.0,77460.84,507798.86
2092,2026-02-03 10:09:08,103,10,40,Completed,229301.49,0.0,41274.27,270575.76
2093,2025-11-09 13:03:41,16,1,1,Cancelled,218797.32,0.0,39383.52,258180.84
2094,2025-09-30 18:46:47,358,8,23,Cancelled,279569.67,0.0,50322.54,329892.21
2095,2026-06-22 19:42:14,490,13,43,Returned,441385.72,0.0,79449.43,520835.15
2096,2026-06-18 10:13:19,446,5,50,Completed,434413.52,0.0,78194.43,512607.95
2097,2026-01-28 11:57:40,105,9,54,Completed,71640.31,0.0,12895.26,84535.57
2098,2026-03-26 18:34:27,241,3,3,Completed,487453.77,0.0,87741.68,575195.45
2099,2026-01-13 11:47:50,427,11,26,Completed,495324.89,0.0,89158.48,584483.37
2100,2025-05-25 14:39:45,358,3,33,Returned,351948.34,0.0,63350.7,415299.04
2101,2025-12-21 14:53:14,29,9,24,Pending,378713.73,24941.04,63679.08,417451.77
2102,2026-05-19 18:51:06,478,8,23,Completed,315250.65,44414.3,48750.54,319586.89
2103,2024-08-16 18:52:49,134,9,54,Completed,342272.9,0.0,61609.12,403882.02
2104,2026-01-09 15:34:08,499,14,14,Completed,425025.69,0.0,76504.62,501530.31
2105,2026-01-19 12:40:59,44,8,68,Pending,540570.95,79772.84,82943.66,543741.77
2106,2026-06-01 17:27:36,316,7,52,Returned,414987.86,7857.81,73283.41,480413.46
2107,2024-05-18 13:15:50,246,3,33,Cancelled,178575.02,0.0,32143.5,210718.52
2108,2026-06-04 14:14:04,252,5,5,Completed,1273017.19,0.0,229143.09,1502160.28
2109,2026-01-17 15:06:00,247,11,41,Completed,111483.42,0.0,20067.02,131550.44
2110,2026-04-06 10:31:22,251,8,8,Completed,531768.17,35044.44,89410.27,586134.0
2111,2026-06-19 09:09:44,215,2,77,Completed,86083.4,0.0,15495.01,101578.41
2112,2026-05-20 20:04:37,319,12,72,Completed,149803.2,0.0,26964.58,176767.78
2113,2026-03-12 09:12:19,248,4,19,Completed,190003.79,0.0,34200.68,224204.47
2114,2026-05-12 16:18:35,415,5,35,Completed,249840.27,10453.54,43089.61,282476.34
2115,2026-06-01 09:28:47,400,5,35,Cancelled,295590.5,0.0,53206.29,348796.79
2116,2026-06-21 12:20:04,213,14,14,Completed,302719.86,0.0,54489.57,357209.43
2117,2026-05-21 15:20:04,454,1,76,Completed,22394.16,2494.62,3581.92,23481.46
2118,2026-06-15 20:35:54,312,2,62,Completed,310466.2,0.0,55883.92,366350.12
2119,2026-06-21 19:10:55,183,2,62,Completed,441693.96,0.0,79504.91,521198.87
2120,2026-06-25 15:12:16,178,2,47,Pending,290213.22,0.0,52238.38,342451.6
2121,2026-06-25 17:00:22,417,2,77,Completed,184633.39,23945.06,28923.9,189612.23
2122,2026-06-24 16:16:17,380,2,2,Completed,433311.7,0.0,77996.11,511307.81
2123,2026-06-18 12:38:42,318,7,67,Completed,89791.48,0.0,16162.47,105953.95
2124,2026-05-06 16:00:03,204,1,76,Completed,585271.89,0.0,105348.94,690620.83
2125,2026-06-23 14:57:19,301,4,4,Completed,199209.64,0.0,35857.74,235067.38
2126,2026-06-10 21:45:34,142,1,16,Completed,127767.7,0.0,22998.19,150765.89
2127,2026-05-07 19:13:37,42,13,73,Returned,307933.12,30007.2,50026.67,327952.59
2128,2025-07-24 17:23:58,394,3,3,Completed,107002.73,9777.86,17500.48,114725.35
2129,2026-06-12 19:44:47,284,7,67,Pending,54041.65,0.0,9727.5,63769.15
2130,2024-09-17 15:20:10,228,9,9,Completed,394283.72,0.0,70971.07,465254.79
2131,2026-06-23 20:27:45,174,2,62,Completed,66102.43,8632.16,10344.65,67814.92
2132,2025-09-20 20:26:08,444,4,19,Returned,57631.54,4401.96,9581.32,62810.9
2133,2026-03-14 13:54:01,478,4,79,Completed,216858.73,12854.25,36720.81,240725.29
2134,2026-06-06 21:53:27,260,15,15,Completed,141341.6,20001.47,21841.22,143181.35
2135,2026-04-18 16:02:38,259,12,72,Completed,167910.26,18315.28,26927.1,176522.08
2136,2026-06-10 20:39:05,348,12,12,Returned,345336.32,0.0,62160.54,407496.86
2137,2026-01-14 13:55:14,371,14,74,Completed,216608.02,0.0,38989.44,255597.46
2138,2026-05-24 15:24:06,103,11,11,Completed,149157.79,0.0,26848.4,176006.19
2139,2026-05-20 17:03:21,276,5,50,Completed,75537.25,2153.44,13209.09,86592.9
2140,2026-02-28 10:07:38,205,4,19,Completed,313120.06,0.0,56361.61,369481.67
2141,2026-04-27 11:01:20,17,5,35,Completed,606957.32,0.0,109252.32,716209.64
2142,2025-07-20 16:30:17,464,8,68,Completed,12980.71,0.0,2336.53,15317.24
2143,2026-04-14 17:43:57,143,5,35,Completed,244873.27,0.0,44077.19,288950.46
2144,2025-05-19 16:48:04,71,15,30,Completed,152107.08,0.0,27379.27,179486.35
2145,2026-06-24 20:15:36,382,2,77,Completed,409387.69,0.0,73689.78,483077.47
2146,2026-06-26 15:26:08,449,13,58,Completed,133346.66,0.0,24002.4,157349.06
2147,2026-04-05 09:23:14,93,4,34,Cancelled,305574.71,0.0,55003.45,360578.16
2148,2025-08-13 20:34:19,71,12,57,Pending,364830.81,0.0,65669.55,430500.36
2149,2026-03-03 09:13:58,192,8,68,Completed,155031.5,0.0,27905.67,182937.17
2150,2024-11-04 15:15:02,206,1,31,Completed,150213.2,0.0,27038.38,177251.58
2151,2026-06-18 09:08:46,123,7,7,Completed,426111.45,0.0,76700.06,502811.51
2152,2026-06-22 09:39:34,329,2,62,Completed,75179.11,0.0,13532.24,88711.35
2153,2026-06-27 09:37:07,6,14,14,Returned,350539.75,0.0,63097.15,413636.9
2154,2026-06-15 09:09:23,31,13,28,Completed,593917.64,7894.9,105484.09,691506.83
2155,2026-04-27 20:12:49,312,5,35,Cancelled,208437.78,26869.72,32682.25,214250.31
2156,2026-06-23 18:23:14,388,6,66,Completed,312161.11,0.0,56189.0,368350.11
2157,2026-06-14 09:03:39,295,11,11,Completed,59580.97,0.0,10724.57,70305.54
2158,2026-04-19 14:58:52,221,1,16,Cancelled,254377.43,0.0,45787.94,300165.37
2159,2026-05-18 13:51:17,479,5,50,Returned,65481.96,0.0,11786.75,77268.71
2160,2025-03-05 13:47:35,303,3,3,Cancelled,209225.96,19522.88,34146.55,223849.63
2161,2025-12-22 12:32:05,145,12,42,Completed,163637.96,6796.32,28231.5,185073.14
2162,2025-11-28 20:35:38,9,11,41,Completed,521117.52,0.0,93801.15,614918.67
2163,2026-06-10 13:48:21,323,6,21,Returned,680180.19,0.0,122432.43,802612.62
2164,2026-06-29 21:43:23,208,3,18,Returned,407165.08,0.0,73289.71,480454.79
2165,2024-04-14 14:44:26,253,10,70,Completed,85056.22,0.0,15310.12,100366.34
2166,2026-05-12 21:26:53,121,13,58,Completed,75914.57,0.0,13664.62,89579.19
2167,2026-06-23 09:18:28,278,7,7,Returned,203928.13,29116.37,31466.12,206277.88
2168,2026-05-31 09:08:12,79,13,58,Completed,297640.07,0.0,53575.21,351215.28
2169,2026-06-01 10:23:12,33,6,51,Completed,522544.83,0.0,94058.07,616602.9
2170,2026-06-29 20:40:05,35,8,8,Completed,486023.68,0.0,87484.26,573507.94
2171,2026-06-27 09:22:33,415,2,47,Completed,140689.66,8638.55,23769.2,155820.31
2172,2026-06-06 13:19:04,32,6,21,Completed,334495.7,39668.29,53068.93,347896.34
2173,2026-06-15 18:16:03,303,6,51,Completed,232414.16,3253.13,41248.99,270410.02
2174,2026-05-23 12:06:43,496,5,50,Completed,296678.82,9378.19,51714.11,339014.74
2175,2025-11-23 09:20:46,356,15,75,Completed,123411.83,0.0,22214.13,145625.96
2176,2026-04-18 19:36:34,294,15,15,Completed,21916.18,0.0,3944.91,25861.09
2177,2026-04-26 18:13:27,494,12,42,Completed,13656.62,0.0,2458.19,16114.81
2178,2026-06-21 12:56:20,454,2,77,Completed,212792.6,7842.89,36890.95,241840.66
2179,2026-06-17 16:25:35,254,5,50,Cancelled,125167.98,0.0,22530.24,147698.22
2180,2025-11-10 21:11:15,192,11,26,Returned,163086.22,0.0,29355.52,192441.74
2181,2025-08-31 17:16:15,356,8,23,Completed,589435.24,0.0,106098.34,695533.58
2182,2026-03-22 11:10:01,413,11,11,Completed,214548.69,6290.78,37486.42,245744.33
2183,2025-11-05 12:54:52,222,8,8,Completed,541297.9,0.0,97433.62,638731.52
2184,2024-10-19 21:43:08,362,10,70,Completed,580019.48,26496.77,99634.09,653156.8
2185,2026-06-11 09:11:55,441,7,52,Completed,205968.56,0.0,37074.34,243042.9
2186,2026-06-25 11:52:25,69,6,21,Cancelled,137512.0,8494.24,23223.2,152240.96
2187,2026-05-29 18:41:11,459,8,23,Completed,642783.15,18704.68,112334.12,736412.59
2188,2026-05-31 20:10:14,225,8,8,Completed,84725.16,8245.38,13766.36,90246.14
2189,2026-06-02 11:15:43,445,6,21,Completed,413240.47,0.0,74383.28,487623.75
2190,2026-06-14 10:27:39,295,2,47,Completed,334879.34,17537.25,57121.58,374463.67
2191,2026-06-08 13:18:08,390,13,28,Completed,15107.45,374.3,2651.97,17385.12
2192,2025-10-29 18:37:33,153,8,68,Completed,562232.79,0.0,101201.9,663434.69
2193,2026-04-28 14:52:20,312,1,76,Completed,103698.66,0.0,18665.76,122364.42
2194,2026-01-02 11:57:24,169,14,59,Completed,642.86,0.0,115.71,758.57
2195,2026-02-25 18:44:38,475,8,23,Completed,800578.42,0.0,144104.12,944682.54
2196,2024-11-30 09:00:45,104,9,24,Completed,287171.03,0.0,51690.79,338861.82
2197,2026-05-04 19:09:11,404,5,5,Completed,403529.03,0.0,72635.23,476164.26
2198,2026-05-16 11:58:08,222,11,41,Completed,133899.45,0.0,24101.9,158001.35
2199,2025-10-29 10:26:56,240,8,8,Completed,272035.43,0.0,48966.38,321001.81
2200,2026-02-20 13:46:30,359,1,46,Pending,5111.18,0.0,920.01,6031.19
2201,2025-10-31 17:23:03,411,8,8,Completed,363536.89,0.0,65436.64,428973.53
2202,2026-06-03 14:10:39,409,1,31,Completed,395028.69,0.0,71105.16,466133.85
2203,2025-07-08 20:52:02,156,3,33,Returned,167615.9,0.0,30170.86,197786.76
2204,2026-06-25 09:08:57,406,12,42,Completed,130281.88,0.0,23450.74,153732.62
2205,2026-03-19 16:50:48,10,11,41,Completed,603573.34,0.0,108643.2,712216.54
2206,2026-06-21 11:23:36,86,7,52,Completed,482954.23,0.0,86931.76,569885.99
2207,2026-04-21 11:00:53,432,15,75,Pending,258107.47,0.0,46459.34,304566.81
2208,2026-06-27 19:22:40,362,7,7,Completed,261093.98,0.0,46996.92,308090.9
2209,2026-06-21 20:04:18,415,7,52,Completed,333188.76,0.0,59973.98,393162.74
2210,2026-06-21 18:13:06,137,6,66,Completed,305805.44,0.0,55044.98,360850.42
2211,2026-05-20 17:45:17,112,10,70,Completed,97737.84,0.0,17592.81,115330.65
2212,2026-05-22 18:58:45,307,13,13,Completed,450712.66,0.0,81128.28,531840.94
2213,2026-06-03 14:00:55,18,10,55,Returned,331282.59,0.0,59630.87,390913.46
2214,2026-05-15 15:49:55,360,13,28,Completed,646.95,58.96,105.84,693.83
2215,2026-01-18 18:16:57,111,3,18,Returned,484266.66,0.0,87168.0,571434.66
2216,2026-06-16 19:55:58,67,2,32,Completed,384491.0,26612.19,64418.19,422297.0
2217,2026-05-20 12:16:01,316,5,50,Pending,332726.13,0.0,59890.7,392616.83
2218,2026-01-23 20:44:58,38,3,63,Returned,103474.08,7844.35,17213.35,112843.08
2219,2026-06-01 18:33:45,71,15,30,Completed,36917.84,2269.04,6236.78,40885.58
2220,2026-05-23 19:10:21,481,8,23,Completed,486847.48,63582.86,76187.63,499452.25
2221,2026-06-28 16:04:54,237,12,72,Completed,401644.64,0.0,72296.04,473940.68
2222,2024-08-19 12:28:33,257,9,24,Completed,198975.64,0.0,35815.62,234791.26
2223,2026-01-01 19:34:54,333,8,8,Completed,93473.57,0.0,16825.24,110298.81
2224,2025-09-24 20:04:46,199,9,9,Completed,79549.05,0.0,14318.83,93867.88
2225,2026-06-28 14:25:19,371,5,50,Completed,376983.44,0.0,67857.02,444840.46
2226,2026-06-14 09:48:43,295,10,55,Completed,233357.48,0.0,42004.35,275361.83
2227,2026-06-07 13:36:49,220,11,26,Completed,356295.03,19412.17,60638.91,397521.77
2228,2024-12-26 18:54:58,99,15,30,Completed,99114.06,0.0,17840.53,116954.59
2229,2026-05-29 17:03:36,104,7,7,Completed,181074.8,4095.7,31856.24,208835.34
2230,2026-06-26 11:00:06,214,2,62,Completed,357192.74,0.0,64294.69,421487.43
2231,2026-04-28 19:32:26,183,15,45,Cancelled,40125.14,1318.91,6985.12,45791.35
2232,2026-04-10 15:20:20,170,8,68,Completed,104079.05,0.0,18734.23,122813.28
2233,2026-04-26 10:11:16,184,15,75,Completed,15304.28,0.0,2754.77,18059.05
2234,2025-08-29 15:33:28,141,1,1,Completed,273623.24,0.0,49252.18,322875.42
2235,2026-06-27 11:18:43,403,13,58,Completed,620325.9,44611.23,103628.64,679343.31
2236,2026-06-17 13:20:06,37,7,52,Completed,658653.66,0.0,118557.66,777211.32
2237,2026-05-10 10:49:32,457,5,35,Completed,338218.91,0.0,60879.4,399098.31
2238,2025-05-13 11:51:54,242,15,45,Completed,244245.86,0.0,43964.25,288210.11
2239,2026-01-24 15:01:32,104,9,54,Returned,24885.4,0.0,4479.37,29364.77
2240,2026-06-28 09:46:04,429,6,66,Completed,313246.27,0.0,56384.33,369630.6
2241,2026-05-12 09:56:39,491,4,79,Completed,59509.32,0.0,10711.68,70221.0
2242,2026-05-31 17:41:26,480,5,5,Completed,168968.55,15362.74,27649.05,181254.86
2243,2026-06-21 09:34:39,24,13,43,Returned,525265.83,40648.62,87231.1,571848.31
2244,2025-10-23 20:04:13,115,1,61,Completed,540361.93,0.0,97265.15,637627.08
2245,2026-05-01 19:04:52,297,1,61,Completed,90847.24,0.0,16352.5,107199.74
2246,2026-03-23 11:53:17,306,8,68,Completed,224496.03,0.0,40409.29,264905.32
2247,2025-01-19 12:23:24,79,9,39,Completed,93510.44,12700.22,14545.84,95356.06
2248,2026-06-27 09:29:13,270,1,31,Completed,13917.05,761.0,2368.09,15524.14
2249,2026-06-26 13:32:00,395,7,67,Completed,161239.96,0.0,29023.19,190263.15
2250,2026-06-30 12:36:16,256,11,41,Completed,354659.11,0.0,63838.64,418497.75
2251,2026-06-05 19:27:00,455,6,6,Completed,632957.67,0.0,113932.38,746890.05
2252,2026-04-25 19:55:51,316,5,35,Completed,390343.36,38906.01,63258.72,414696.07
2253,2025-09-26 17:38:48,411,4,4,Completed,174211.05,0.0,31357.99,205569.04
2254,2026-04-09 16:12:54,267,5,50,Completed,38832.03,1953.37,6638.16,43516.82
2255,2026-01-11 20:28:42,21,4,4,Completed,247095.6,0.0,44477.21,291572.81
2256,2026-01-07 14:39:23,147,9,54,Cancelled,378580.47,0.0,68144.48,446724.95
2257,2026-03-13 17:57:27,59,11,26,Completed,527707.28,31826.84,89258.48,585138.92
2258,2026-05-01 11:12:00,466,11,41,Completed,64135.1,0.0,11544.32,75679.42
2259,2026-05-13 14:50:41,387,12,27,Returned,319734.13,0.0,57552.14,377286.27
2260,2026-02-22 10:36:26,203,12,72,Completed,10955.12,170.85,1941.17,12725.44
2261,2026-05-16 15:01:47,332,13,28,Completed,153155.17,0.0,27567.93,180723.1
2262,2026-06-28 18:48:17,370,9,54,Completed,163605.48,0.0,29448.99,193054.47
2263,2026-06-04 17:13:06,216,14,59,Completed,251414.91,0.0,45254.68,296669.59
2264,2025-10-11 15:11:53,228,4,4,Completed,60846.23,0.0,10952.32,71798.55
2265,2026-01-18 14:05:51,337,11,41,Completed,96912.66,0.0,17444.28,114356.94
2266,2026-06-04 17:32:09,458,13,13,Completed,365380.3,0.0,65768.45,431148.75
2267,2026-06-29 14:52:21,76,15,75,Completed,146327.0,0.0,26338.86,172665.86
2268,2025-06-23 11:15:08,213,10,10,Completed,189588.96,25830.7,29476.49,193234.75
2269,2026-06-14 16:39:32,74,4,79,Cancelled,49141.91,0.0,8845.54,57987.45
2270,2026-04-14 16:43:52,14,3,18,Completed,69636.2,0.0,12534.52,82170.72
2271,2026-06-22 13:55:51,19,12,57,Completed,318308.92,0.0,57295.61,375604.53
2272,2026-03-15 19:56:35,322,11,26,Completed,499224.51,23708.85,85592.82,561108.48
2273,2025-12-29 20:16:04,239,8,68,Completed,273908.0,0.0,49303.44,323211.44
2274,2026-06-15 14:12:37,228,7,52,Completed,55420.51,0.0,9975.69,65396.2
2275,2026-05-22 20:13:29,420,15,15,Completed,211834.56,0.0,38130.22,249964.78
2276,2025-12-22 16:38:03,181,10,10,Completed,363318.61,0.0,65397.35,428715.96
2277,2026-06-06 15:52:35,155,6,66,Returned,163373.17,0.0,29407.17,192780.34
2278,2025-08-27 12:33:01,135,9,54,Completed,663667.61,0.0,119460.17,783127.78
2279,2026-03-23 15:05:09,492,1,76,Completed,233958.39,0.0,42112.51,276070.9
2280,2025-12-14 10:59:40,205,11,11,Completed,47725.24,4537.4,7773.81,50961.65
2281,2026-06-17 20:05:35,309,1,76,Completed,73032.49,0.0,13145.85,86178.34
2282,2026-06-30 19:24:54,280,2,32,Completed,140034.58,16170.92,22295.46,146159.12
2283,2026-06-18 21:01:41,391,2,77,Completed,191054.4,0.0,34389.79,225444.19
2284,2026-02-07 20:48:54,4,15,75,Cancelled,385603.55,51177.28,60196.73,394623.0
2285,2026-06-13 16:37:08,19,14,14,Completed,333770.39,0.0,60078.67,393849.06
2286,2026-03-22 11:24:35,400,3,78,Completed,38131.05,0.0,6863.59,44994.64
2287,2026-03-25 17:42:59,119,4,34,Completed,216023.82,27446.12,33943.99,222521.69
2288,2026-06-04 09:15:45,339,5,50,Completed,123950.46,4473.28,21505.89,140983.07
2289,2026-06-25 17:39:26,216,8,23,Returned,409491.05,0.0,73708.39,483199.44
2290,2026-06-29 12:21:22,401,12,27,Completed,51211.96,0.0,9218.15,60430.11
2291,2026-06-03 12:47:06,7,13,58,Completed,31794.75,4405.89,4929.99,32318.85
2292,2026-05-12 14:21:21,431,13,28,Completed,200600.26,0.0,36108.05,236708.31
2293,2026-05-11 19:57:02,349,14,59,Completed,723091.22,0.0,130156.42,853247.64
2294,2026-06-29 18:38:43,330,2,77,Returned,427498.4,0.0,76949.71,504448.11
2295,2026-04-01 13:16:02,114,9,39,Completed,202429.39,0.0,36437.29,238866.68
2296,2025-11-05 10:19:04,261,9,24,Completed,752714.61,0.0,135488.63,888203.24
2297,2026-05-13 10:48:09,248,1,76,Cancelled,67666.8,8166.8,10710.0,70210.0
2298,2026-06-29 09:12:25,332,13,43,Completed,175531.89,0.0,31595.74,207127.63
2299,2026-06-26 21:34:38,228,2,47,Completed,34243.05,0.0,6163.75,40406.8
2300,2026-05-25 16:39:28,20,10,70,Returned,269497.34,3831.21,47819.9,313486.03
2301,2025-07-15 19:19:51,448,15,30,Completed,237211.96,0.0,42698.15,279910.11
2302,2026-06-17 13:16:26,137,6,66,Cancelled,425449.23,0.0,76580.86,502030.09
2303,2026-05-21 21:14:52,295,13,43,Completed,75592.68,0.0,13606.68,89199.36
2304,2026-05-27 09:04:27,372,14,59,Completed,210542.29,0.0,37897.61,248439.9
2305,2026-06-12 12:48:31,69,10,55,Completed,244701.37,5674.83,43024.78,282051.32
2306,2026-04-23 18:31:23,107,14,14,Completed,206345.74,0.0,37142.23,243487.97
2307,2026-06-30 11:42:28,470,3,78,Completed,436801.34,0.0,78624.24,515425.58
2308,2026-06-08 20:02:08,261,7,67,Completed,280598.71,22471.53,46462.89,304590.07
2309,2026-06-30 20:42:19,46,6,51,Completed,375817.95,6664.52,66447.62,435601.05
2310,2025-06-26 13:05:24,421,4,19,Completed,240256.18,0.0,43246.11,283502.29
2311,2026-06-18 14:40:47,378,6,6,Completed,389432.25,0.0,70097.8,459530.05
2312,2026-02-28 09:29:58,127,10,70,Completed,390912.93,0.0,70364.33,461277.26
2313,2026-06-29 16:45:16,150,13,58,Completed,292111.29,0.0,52580.03,344691.32
2314,2026-06-25 17:18:41,373,2,47,Completed,252804.33,0.0,45504.78,298309.11
2315,2026-06-10 18:07:27,322,8,23,Completed,440374.34,0.0,79267.38,519641.72
2316,2026-06-06 11:04:32,2,6,6,Completed,218094.92,0.0,39257.09,257352.01
2317,2026-06-30 13:57:06,208,10,10,Completed,292749.14,0.0,52694.85,345443.99
2318,2026-06-07 15:44:56,391,5,35,Completed,270305.47,0.0,48654.98,318960.45
2319,2026-05-03 20:31:51,303,5,50,Completed,205378.77,0.0,36968.18,242346.95
2320,2026-03-19 17:25:18,14,12,27,Completed,436497.54,52231.71,69167.85,453433.68
2321,2026-05-18 11:27:54,124,4,4,Completed,440543.29,0.0,79297.79,519841.08
2322,2026-02-07 20:52:11,497,15,15,Completed,84633.85,0.0,15234.09,99867.94
2323,2026-05-22 16:29:07,457,4,79,Completed,227708.36,0.0,40987.5,268695.86
2324,2026-06-22 10:00:08,194,7,52,Returned,100114.55,14069.83,15488.05,101532.77
2325,2026-06-12 11:51:58,383,7,7,Pending,156554.14,0.0,28179.75,184733.89
2326,2025-11-05 19:44:14,407,14,14,Completed,356422.3,0.0,64156.01,420578.31
2327,2025-01-07 12:46:28,302,9,9,Cancelled,43019.8,0.0,7743.56,50763.36
2328,2025-12-03 14:39:47,284,4,79,Pending,296132.93,38131.12,46440.33,304442.14
2329,2026-05-26 10:20:09,243,14,59,Returned,260452.78,0.0,46881.5,307334.28
2330,2025-10-05 13:18:01,142,14,59,Completed,192076.52,0.0,34573.77,226650.29
2331,2025-06-08 16:19:54,109,4,34,Completed,273968.88,0.0,49314.4,323283.28
2332,2026-06-03 21:24:52,185,7,52,Completed,43319.84,5745.29,6763.42,44337.97
2333,2026-06-26 21:08:24,282,7,7,Completed,215545.4,0.0,38798.17,254343.57
2334,2026-04-21 19:24:57,291,10,55,Completed,232995.49,0.0,41939.19,274934.68
2335,2026-06-21 11:31:43,172,6,21,Returned,243697.01,0.0,43865.46,287562.47
2336,2025-02-04 13:38:02,436,15,45,Pending,549150.89,0.0,98847.16,647998.05
2337,2025-11-20 09:11:47,475,14,74,Completed,401871.22,0.0,72336.82,474208.04
2338,2026-06-22 21:18:59,176,2,32,Completed,179871.7,0.0,32376.91,212248.61
2339,2026-04-17 11:11:34,449,9,54,Completed,649464.19,0.0,116903.55,766367.74
2340,2025-09-28 16:48:15,118,10,10,Cancelled,439232.36,0.0,79061.82,518294.18
2341,2026-05-12 15:46:47,34,5,35,Completed,44528.67,0.0,8015.16,52543.83
2342,2026-01-11 18:53:12,192,11,26,Completed,738536.45,0.0,132936.56,871473.01
2343,2026-06-28 17:33:29,48,2,47,Completed,91970.88,0.0,16554.76,108525.64
2344,2025-06-05 20:00:18,163,4,4,Pending,24283.96,0.0,4371.11,28655.07
2345,2026-06-02 16:41:27,165,5,5,Completed,189372.66,0.0,34087.08,223459.74
2346,2026-06-21 21:23:32,264,4,4,Completed,127437.55,6637.35,21744.04,142544.24
2347,2026-03-09 12:05:19,52,12,72,Completed,142679.92,0.0,25682.39,168362.31
2348,2026-06-03 13:14:27,44,6,6,Completed,385956.11,0.0,69472.1,455428.21
2349,2025-10-23 16:51:35,212,3,3,Completed,62832.38,0.0,11309.83,74142.21
2350,2026-06-26 19:33:20,234,2,2,Completed,40909.49,2517.99,6910.47,45301.97
2351,2026-06-27 09:26:41,66,6,66,Completed,321348.74,0.0,57842.77,379191.51
2352,2026-02-13 18:42:12,429,1,16,Completed,316707.63,0.0,57007.37,373715.0
2353,2026-01-13 13:11:45,415,12,12,Returned,233890.13,0.0,42100.22,275990.35
2354,2026-05-29 11:12:03,7,7,7,Completed,372404.87,0.0,67032.88,439437.75
2355,2026-06-16 20:01:43,258,7,52,Completed,60429.8,4672.82,10036.26,65793.24
2356,2025-10-19 20:06:06,426,3,18,Completed,65150.31,0.0,11727.06,76877.37
2357,2025-11-21 16:02:06,79,1,46,Completed,187530.25,0.0,33755.44,221285.69
2358,2026-06-01 10:55:25,132,6,21,Completed,422008.79,15233.43,73219.56,479994.92
2359,2025-12-13 11:54:08,128,4,19,Completed,73442.73,0.0,13219.69,86662.42
2360,2026-06-28 18:08:11,17,6,21,Completed,92625.45,8876.12,15074.88,98824.21
2361,2026-06-05 19:01:06,25,6,66,Cancelled,171427.92,0.0,30857.03,202284.95
2362,2024-05-08 10:48:13,379,10,10,Completed,219626.05,32458.97,33690.07,220857.15
2363,2026-01-17 10:12:14,158,4,19,Completed,11652.43,0.0,2097.44,13749.87
2364,2025-10-04 10:50:13,187,3,78,Completed,637990.18,0.0,114838.23,752828.41
2365,2026-06-05 15:43:18,376,10,55,Completed,297898.35,3449.23,53000.84,347449.96
2366,2026-06-10 15:19:49,111,5,5,Completed,293818.2,4470.53,52082.58,341430.25
2367,2025-07-19 11:16:37,313,8,23,Completed,242636.26,0.0,43674.53,286310.79
2368,2026-04-11 20:03:46,220,4,34,Completed,301978.48,0.0,54356.13,356334.61
2369,2026-06-14 21:29:40,487,6,21,Completed,375021.72,0.0,67503.91,442525.63
2370,2026-02-11 19:36:35,321,15,30,Completed,117917.5,0.0,21225.15,139142.65
2371,2026-05-18 12:22:25,185,3,78,Completed,157476.57,0.0,28345.78,185822.35
2372,2026-06-13 15:23:52,48,6,21,Completed,305763.2,9296.15,53364.07,349831.12
2373,2026-06-29 21:57:24,434,2,47,Cancelled,334080.4,17951.59,56903.19,373032.0
2374,2026-06-30 19:32:03,190,13,28,Completed,623047.12,0.0,112148.48,735195.6
2375,2026-06-01 13:30:50,214,7,52,Returned,263245.09,0.0,47384.12,310629.21
2376,2026-06-25 11:18:56,113,4,79,Completed,541018.3,0.0,97383.29,638401.59
2377,2026-06-27 20:20:42,486,5,35,Returned,220002.14,0.0,39600.39,259602.53
2378,2026-02-24 21:40:56,107,9,54,Completed,228854.78,0.0,41193.86,270048.64
2379,2026-05-24 12:09:18,283,15,45,Completed,60076.97,0.0,10813.85,70890.82
2380,2026-03-16 18:09:19,467,12,57,Completed,263123.41,0.0,47362.21,310485.62
2381,2026-06-28 19:44:59,244,2,32,Completed,374745.88,0.0,67454.26,442200.14
2382,2025-10-29 14:17:13,101,12,72,Cancelled,258462.67,0.0,46523.28,304985.95
2383,2026-06-16 17:47:27,147,7,67,Completed,277265.75,0.0,49907.83,327173.58
2384,2024-12-24 15:46:34,296,1,46,Completed,136810.74,0.0,24625.93,161436.67
2385,2026-06-09 12:39:38,290,8,68,Completed,296965.46,19430.77,49956.24,327490.93
2386,2026-02-21 10:22:55,389,9,9,Completed,122950.56,0.0,22131.1,145081.66
2387,2025-07-09 15:57:50,485,9,9,Completed,365914.62,0.0,65864.63,431779.25
2388,2025-08-21 09:15:01,101,12,57,Completed,359482.62,0.0,64706.87,424189.49
2389,2026-04-30 09:30:44,107,8,8,Completed,302415.12,0.0,54434.72,356849.84
2390,2026-05-12 13:34:39,426,13,13,Returned,72928.4,0.0,13127.11,86055.51
2391,2026-04-05 11:24:46,247,9,9,Completed,363022.92,0.0,65344.13,428367.05
2392,2026-06-17 13:25:50,107,2,32,Completed,376485.96,0.0,67767.47,444253.43
2393,2026-05-27 11:20:41,394,5,35,Completed,172612.71,0.0,31070.29,203683.0
2394,2026-06-16 15:53:44,74,12,72,Completed,170098.41,0.0,30617.71,200716.12
2395,2026-06-07 18:06:29,385,7,7,Completed,377952.8,0.0,68031.5,445984.3
2396,2024-08-07 12:25:52,477,10,55,Completed,56498.12,0.0,10169.66,66667.78
2397,2025-07-22 19:07:11,259,14,74,Completed,150131.76,0.0,27023.72,177155.48
2398,2026-06-10 13:36:29,360,15,75,Completed,142939.44,0.0,25729.1,168668.54
2399,2025-07-30 15:43:56,210,8,68,Completed,218227.41,14670.46,36640.25,240197.2
2400,2026-06-20 10:02:06,112,6,21,Cancelled,174438.28,0.0,31398.89,205837.17
2401,2026-04-23 10:25:49,56,3,33,Completed,167009.14,0.0,30061.65,197070.79
2402,2026-04-19 18:02:48,291,10,55,Completed,72173.69,0.0,12991.26,85164.95
2403,2026-05-25 13:13:30,100,4,19,Completed,302928.76,0.0,54527.18,357455.94
2404,2026-06-07 21:13:43,215,14,59,Returned,438871.1,0.0,78996.8,517867.9
2405,2026-06-15 18:34:51,407,2,47,Completed,308806.45,0.0,55585.16,364391.61
2406,2025-08-12 15:31:38,46,12,12,Completed,441833.33,0.0,79530.0,521363.33
2407,2026-04-18 10:25:00,38,5,50,Cancelled,276936.09,9992.46,48049.85,314993.48
2408,2026-06-11 19:42:05,297,11,41,Completed,335435.41,0.0,60378.37,395813.78
2409,2026-04-13 11:57:58,25,14,59,Pending,519791.12,0.0,93562.4,613353.52
2410,2026-06-22 10:25:58,272,9,54,Completed,188072.18,6471.57,32688.11,214288.72
2411,2026-06-25 18:38:02,17,12,12,Completed,367683.27,0.0,66182.99,433866.26
2412,2026-06-22 17:57:47,74,2,32,Cancelled,233944.29,0.0,42109.97,276054.26
2413,2025-01-14 09:13:20,155,9,39,Completed,245076.01,0.0,44113.68,289189.69
2414,2026-06-01 18:42:06,218,1,76,Returned,150862.24,0.0,27155.2,178017.44
2415,2026-05-25 17:24:03,481,15,15,Completed,94966.8,0.0,17094.02,112060.82
2416,2026-06-29 20:56:05,404,8,8,Completed,602165.0,0.0,108389.7,710554.7
2417,2026-06-29 20:06:37,60,4,19,Completed,1003245.47,16876.27,177546.46,1163915.66
2418,2025-05-11 13:57:29,475,14,14,Completed,217882.33,6472.82,38053.71,249463.22
2419,2026-06-25 21:41:05,3,3,78,Returned,114614.22,0.0,20630.56,135244.78
2420,2026-04-13 19:19:20,62,3,78,Completed,157371.02,8457.21,26804.49,175718.3
2421,2025-07-05 15:30:54,249,15,15,Completed,183263.59,15656.45,30169.29,197776.43
2422,2026-06-22 12:38:04,252,7,52,Completed,202893.81,0.0,36520.89,239414.7
2423,2026-06-29 13:39:07,404,2,2,Completed,311227.64,0.0,56020.98,367248.62
2424,2026-06-23 11:15:41,195,2,77,Completed,418452.43,0.0,75321.44,493773.87
2425,2026-04-16 20:15:05,179,5,5,Completed,287241.75,0.0,51703.51,338945.26
2426,2026-06-14 18:42:27,112,6,6,Cancelled,304025.1,0.0,54724.52,358749.62
2427,2026-06-21 17:16:52,95,7,7,Completed,107909.36,0.0,19423.68,127333.04
2428,2026-06-25 19:31:47,86,6,21,Completed,28059.52,2387.14,4621.03,30293.41
2429,2026-06-22 14:18:31,39,1,16,Completed,278753.12,0.0,50175.56,328928.68
2430,2026-06-25 18:45:39,34,15,75,Completed,268111.1,0.0,48260.0,316371.1
2431,2026-06-28 15:38:18,270,15,45,Completed,77615.34,7079.77,12696.4,83231.97
2432,2024-08-06 09:23:06,487,10,40,Returned,294976.55,0.0,53095.78,348072.33
2433,2026-05-02 16:22:42,322,12,42,Completed,455205.4,0.0,81936.97,537142.37
2434,2026-06-25 17:18:56,107,6,51,Completed,352661.97,0.0,63479.15,416141.12
2435,2025-08-30 16:09:24,95,8,68,Completed,154390.1,0.0,27790.22,182180.32
2436,2026-02-09 14:01:16,390,11,26,Completed,364746.75,0.0,65654.41,430401.16
2437,2026-06-21 09:05:18,5,8,8,Completed,125769.59,1604.79,22349.66,146514.46
2438,2025-05-14 12:00:52,335,15,45,Completed,295973.53,0.0,53275.24,349248.77
2439,2026-06-11 09:50:44,332,7,7,Completed,146836.7,0.0,26430.61,173267.31
2440,2026-05-06 09:40:52,399,13,13,Completed,233048.84,0.0,41948.79,274997.63
2441,2025-05-31 21:48:06,278,10,10,Completed,510414.08,0.0,91874.53,602288.61
2442,2026-06-28 15:10:12,275,3,3,Completed,296397.8,37464.55,46607.99,305541.24
2443,2026-06-19 11:14:09,57,2,47,Completed,273201.22,0.0,49176.22,322377.44
2444,2025-12-13 13:00:34,93,3,78,Completed,312014.31,0.0,56162.58,368176.89
2445,2026-04-13 12:22:38,168,14,14,Returned,319639.82,18216.4,54256.22,355679.64
2446,2026-02-09 10:02:46,153,1,1,Completed,224946.52,0.0,40490.37,265436.89
2447,2025-09-14 12:23:56,138,8,68,Completed,392635.84,0.0,70674.45,463310.29
2448,2026-06-25 19:01:52,361,2,32,Completed,267132.66,9495.81,46374.63,304011.48
2449,2026-06-11 21:28:59,397,6,21,Completed,627446.35,0.0,112940.34,740386.69
2450,2026-06-02 09:50:59,393,11,41,Completed,90516.3,0.0,16292.93,106809.23
2451,2026-06-01 14:31:35,61,11,41,Returned,48884.84,2685.43,8315.89,54515.3
2452,2026-06-08 12:01:08,307,13,58,Completed,313007.97,0.0,56341.43,369349.4
2453,2024-12-15 13:06:39,9,14,14,Completed,842057.31,0.0,151570.32,993627.63
2454,2025-11-08 13:04:39,444,12,42,Completed,173891.85,14984.81,28603.27,187510.31
2455,2026-05-20 10:59:41,389,3,78,Completed,573786.28,0.0,103281.53,677067.81
2456,2026-01-15 13:46:56,241,9,54,Completed,228319.13,0.0,41097.44,269416.57
2457,2026-04-25 19:32:43,282,1,16,Completed,11001.76,1239.59,1757.19,11519.36
2458,2025-10-12 12:48:22,313,4,4,Completed,348548.83,0.0,62738.79,411287.62
2459,2026-04-08 12:29:35,468,9,9,Completed,526668.1,18131.21,91536.64,600073.53
2460,2026-04-02 12:52:42,60,11,11,Completed,542976.16,0.0,97735.71,640711.87
2461,2025-11-12 12:52:46,464,12,57,Completed,68181.67,0.0,12272.7,80454.37
2462,2026-06-10 17:20:22,295,1,31,Completed,382571.0,0.0,68862.78,451433.78
2463,2026-06-23 21:01:34,402,6,51,Completed,344184.12,0.0,61953.14,406137.26
2464,2026-04-10 18:27:36,96,10,10,Completed,596899.68,79787.27,93080.23,610192.64
2465,2026-04-26 17:38:51,354,5,35,Completed,352264.18,35284.46,57056.35,374036.07
2466,2026-05-29 15:21:26,8,7,7,Completed,82268.04,0.0,14808.25,97076.29
2467,2026-02-01 16:57:02,120,8,23,Completed,356015.41,0.0,64082.77,420098.18
2468,2025-08-28 10:59:14,163,3,63,Returned,2750.44,183.14,462.11,3029.41
2469,2026-06-15 11:22:14,287,2,47,Returned,430091.85,46838.04,68985.69,452239.5
2470,2026-06-07 20:25:39,263,5,5,Completed,51117.56,0.0,9201.16,60318.72
2471,2026-04-09 13:19:29,328,10,70,Returned,400750.1,0.0,72135.02,472885.12
2472,2025-03-08 21:56:51,256,14,14,Pending,415311.11,0.0,74756.0,490067.11
2473,2025-12-29 20:09:57,145,11,11,Completed,65072.13,0.0,11712.98,76785.11
2474,2026-04-07 21:02:17,109,5,50,Completed,398214.29,0.0,71678.57,469892.86
2475,2026-02-12 20:21:21,364,3,33,Completed,272667.47,0.0,49080.14,321747.61
2476,2026-06-01 14:34:21,448,7,67,Completed,69690.3,6835.76,11313.82,74168.36
2477,2024-07-01 15:11:53,145,14,74,Completed,466291.16,37555.18,77172.48,505908.46
2478,2026-06-05 13:10:23,415,7,7,Completed,307990.1,0.0,55438.22,363428.32
2479,2026-05-20 19:09:39,123,13,28,Completed,212552.74,0.0,38259.49,250812.23
2480,2026-06-12 11:59:14,346,10,55,Completed,260855.88,7627.72,45581.07,298809.23
2481,2026-06-21 21:08:33,165,11,41,Completed,220153.48,0.0,39627.63,259781.11
2482,2026-04-24 18:27:25,24,5,5,Completed,147378.54,0.0,26528.14,173906.68
2483,2026-06-06 10:28:10,452,12,72,Completed,157982.94,0.0,28436.93,186419.87
2484,2026-05-16 11:01:19,152,3,78,Completed,241219.05,0.0,43419.43,284638.48
2485,2025-01-16 14:43:15,238,9,24,Completed,207560.87,0.0,37360.96,244921.83
2486,2026-06-08 16:54:53,461,7,52,Pending,151951.81,21443.9,23491.42,153999.33
2487,2026-04-22 09:13:07,114,3,33,Completed,331570.81,30722.51,54152.69,355000.99
2488,2026-06-15 13:34:49,301,3,78,Returned,379771.45,0.0,68358.86,448130.31
2489,2026-03-05 09:26:06,184,1,16,Completed,195367.08,0.0,35166.07,230533.15
2490,2026-06-21 19:15:13,25,2,77,Returned,112093.12,0.0,20176.76,132269.88
2491,2026-03-23 10:38:03,116,8,68,Pending,230845.04,0.0,41552.11,272397.15
2492,2026-06-24 18:41:21,331,1,16,Returned,548619.9,0.0,98751.58,647371.48
2493,2026-03-31 15:45:45,193,3,18,Completed,125008.5,12951.74,20170.22,132226.98
2494,2026-04-06 20:23:22,359,8,8,Cancelled,126133.82,0.0,22704.09,148837.91
2495,2025-12-16 18:39:51,159,1,76,Completed,21105.88,0.0,3799.06,24904.94
2496,2026-06-30 14:46:51,117,1,31,Returned,243984.97,0.0,43917.29,287902.26
2497,2025-08-18 15:41:40,70,12,27,Returned,316598.47,0.0,56987.72,373586.19
2498,2026-06-24 10:18:21,470,13,73,Completed,288561.8,26535.69,47164.7,309190.81
2499,2025-11-09 16:00:50,226,12,42,Completed,227708.36,0.0,40987.5,268695.86
2500,2026-05-15 19:39:44,315,5,35,Completed,336648.95,0.0,60596.81,397245.76
2501,2026-06-29 15:26:45,472,2,62,Completed,400878.26,0.0,72158.09,473036.35
2502,2026-06-30 19:57:48,30,6,21,Completed,159401.2,0.0,28692.22,188093.42
2503,2025-12-14 17:05:52,65,1,61,Completed,19236.44,234.41,3420.37,22422.4
2504,2025-08-14 15:42:04,165,8,68,Completed,580947.76,0.0,104570.6,685518.36
2505,2025-12-30 12:04:43,320,1,16,Completed,284286.69,0.0,51171.6,335458.29
2506,2026-04-21 16:01:24,245,11,41,Completed,281213.74,0.0,50618.47,331832.21
2507,2025-12-20 14:15:08,245,11,26,Completed,318406.77,0.0,57313.22,375719.99
2508,2026-04-19 14:37:09,351,8,8,Completed,174699.99,25585.74,26840.56,175954.81
2509,2026-06-28 20:18:41,71,7,67,Completed,66563.53,0.0,11981.44,78544.97
2510,2025-05-10 10:18:54,213,4,79,Completed,19739.64,0.0,3553.14,23292.78
2511,2025-06-11 09:47:15,160,4,4,Completed,177500.55,25884.25,27290.93,178907.23
2512,2026-06-11 21:34:36,173,13,28,Completed,151922.86,0.0,27346.11,179268.97
2513,2026-03-13 20:04:13,77,14,14,Completed,391492.32,0.0,70468.62,461960.94
2514,2026-06-13 18:13:08,224,6,66,Returned,17521.08,1282.65,2922.92,19161.35
2515,2025-06-10 16:42:35,387,9,39,Completed,400277.63,0.0,72049.97,472327.6
2516,2026-01-08 18:04:56,350,8,23,Returned,93789.0,0.0,16882.02,110671.02
2517,2025-04-19 10:06:49,459,4,19,Completed,142679.92,9907.45,23899.04,156671.51
2518,2025-09-08 11:44:27,446,1,46,Completed,262559.85,0.0,47260.77,309820.62
2519,2026-06-09 14:04:51,95,7,52,Completed,412851.23,0.0,74313.22,487164.45
2520,2026-05-21 12:51:58,94,5,35,Completed,381590.76,0.0,68686.34,450277.1
2521,2026-04-27 15:20:59,487,14,59,Completed,373963.44,0.0,67313.42,441276.86
2522,2026-05-19 17:28:32,315,8,23,Completed,318373.47,0.0,57307.22,375680.69
2523,2024-12-28 21:36:18,219,3,18,Returned,399021.47,37478.97,65077.65,426620.15
2524,2026-06-23 15:40:08,426,2,2,Completed,119470.6,0.0,21504.71,140975.31
2525,2026-06-03 18:26:20,491,7,67,Completed,227131.91,3364.52,40278.13,264045.52
2526,2026-06-05 19:03:55,476,6,6,Completed,718700.85,0.0,129366.15,848067.0
2527,2026-06-01 20:31:11,65,13,58,Completed,476581.53,0.0,85784.68,562366.21
2528,2025-07-18 18:28:37,119,12,42,Completed,544006.83,0.0,97921.23,641928.06
2529,2026-06-07 11:04:08,132,11,26,Completed,276041.05,0.0,49687.39,325728.44
2530,2026-06-18 09:11:09,155,7,67,Completed,166883.72,0.0,30039.07,196922.79
2531,2026-02-19 17:54:44,150,15,75,Cancelled,141331.93,0.0,25439.75,166771.68
2532,2026-04-25 09:18:58,359,11,41,Completed,281139.85,0.0,50605.17,331745.02
2533,2026-03-01 11:23:07,253,12,72,Completed,463943.22,63274.62,72120.35,472788.95
2534,2026-02-26 09:13:14,150,12,12,Completed,132540.32,0.0,23857.26,156397.58
2535,2026-06-18 16:35:43,272,3,3,Completed,369546.84,0.0,66518.43,436065.27
2536,2025-07-15 16:41:46,484,3,18,Returned,161497.88,10689.95,27145.43,177953.36
2537,2025-06-15 14:04:45,356,1,61,Completed,220717.05,3655.88,39071.01,256132.18
2538,2026-06-23 09:25:12,250,7,67,Completed,353254.83,10482.28,61699.06,404471.61
2539,2026-06-30 15:12:00,113,11,11,Returned,318294.0,0.0,57292.92,375586.92
2540,2025-04-22 09:57:56,71,15,30,Completed,226563.81,0.0,40781.49,267345.3
2541,2026-05-11 11:24:52,266,5,50,Completed,223017.51,0.0,40143.15,263160.66
2542,2026-01-13 12:48:13,494,14,74,Completed,657187.33,67481.76,106147.0,695852.57
2543,2026-02-03 09:50:32,232,11,41,Completed,138399.15,0.0,24911.85,163311.0
2544,2026-01-15 20:47:40,354,9,54,Completed,263367.47,25178.46,42874.02,281063.03
2545,2026-06-16 19:43:16,106,7,7,Completed,133809.07,0.0,24085.63,157894.7
2546,2026-03-19 11:01:35,147,15,75,Returned,274785.88,4763.8,48603.97,318626.05
2547,2026-05-29 10:55:12,470,7,52,Completed,80556.64,0.0,14500.2,95056.84
2548,2026-06-30 18:59:13,319,6,6,Returned,58124.57,0.0,10462.42,68586.99
2549,2026-01-28 10:57:21,423,11,11,Completed,190224.07,0.0,34240.33,224464.4
2550,2026-06-28 17:45:44,57,8,23,Completed,131796.96,1466.18,23459.54,153790.32
2551,2025-02-05 12:33:46,329,1,61,Completed,201103.98,0.0,36198.72,237302.7
2552,2026-05-24 13:40:04,328,13,13,Completed,268277.2,0.0,48289.9,316567.1
2553,2026-04-15 14:25:24,32,5,5,Completed,418241.68,0.0,75283.5,493525.18
2554,2026-06-24 12:33:40,175,2,32,Completed,373984.64,0.0,67317.24,441301.88
2555,2026-04-04 13:29:20,141,9,24,Completed,186883.07,0.0,33638.95,220522.02
2556,2026-05-18 19:00:06,26,4,4,Completed,373655.81,0.0,67258.05,440913.86
2557,2026-01-23 13:28:07,265,15,45,Completed,227319.49,0.0,40917.51,268237.0
2558,2025-11-28 09:05:59,418,8,68,Completed,538407.01,0.0,96913.26,635320.27
2559,2026-05-03 10:25:57,80,15,75,Completed,72960.99,7695.87,11747.72,77012.84
2560,2025-08-18 20:06:27,356,9,24,Completed,358800.23,0.0,64584.04,423384.27
2561,2026-01-10 21:33:27,188,9,54,Completed,112966.88,4958.87,19441.44,127449.45
2562,2026-06-02 15:28:22,292,10,70,Completed,16487.16,0.0,2967.69,19454.85
2563,2025-07-11 11:26:04,365,9,24,Completed,295236.31,0.0,53142.54,348378.85
2564,2026-06-25 14:34:13,22,12,42,Completed,90541.26,7201.26,15001.2,98341.2
2565,2026-06-19 14:27:20,131,6,6,Completed,363639.23,0.0,65455.06,429094.29
2566,2025-07-23 14:15:15,77,9,39,Completed,196830.33,15663.18,32610.09,213777.24
2567,2026-05-16 13:10:24,304,13,73,Completed,259246.65,0.0,46664.4,305911.05
2568,2026-06-29 14:35:02,73,2,62,Completed,49685.8,0.0,8943.44,58629.24
2569,2025-09-11 15:35:31,170,9,39,Completed,283709.02,0.0,51067.62,334776.64
2570,2026-01-24 11:50:32,107,1,16,Completed,4529.81,0.0,815.37,5345.18
2571,2025-08-23 16:48:24,81,15,75,Completed,22553.1,0.0,4059.56,26612.66
2572,2026-05-22 14:04:40,287,13,28,Completed,268233.22,0.0,48281.98,316515.2
2573,2025-09-29 14:08:55,379,12,12,Completed,536340.38,52724.12,87050.93,570667.19
2574,2026-04-20 12:00:51,484,5,35,Completed,127182.36,0.0,22892.82,150075.18
2575,2025-12-28 18:59:30,419,4,4,Returned,478890.16,0.0,86200.23,565090.39
2576,2026-06-18 16:48:53,370,14,14,Completed,146871.92,0.0,26436.95,173308.87
2577,2026-03-11 21:30:30,443,12,27,Completed,648888.97,0.0,116800.01,765688.98
2578,2026-05-13 21:32:18,383,13,13,Completed,218483.72,0.0,39327.07,257810.79
2579,2026-06-06 17:58:24,66,12,57,Completed,136270.86,0.0,24528.75,160799.61
2580,2024-09-08 16:58:05,400,10,10,Completed,142555.49,5215.22,24721.25,162061.52
2581,2026-05-14 13:09:12,25,14,14,Completed,151357.4,0.0,27244.33,178601.73
2582,2026-06-03 09:22:47,149,8,8,Completed,666618.16,0.0,119991.27,786609.43
2583,2026-03-27 16:30:06,435,14,74,Returned,413111.65,0.0,74360.1,487471.75
2584,2026-06-19 10:43:37,428,15,75,Completed,140425.8,0.0,25276.64,165702.44
2585,2026-06-25 20:39:27,244,2,62,Completed,378485.79,41565.01,60645.74,397566.52
2586,2026-06-21 13:02:38,205,7,52,Completed,214558.48,0.0,38620.53,253179.01
2587,2026-06-10 12:18:49,349,7,67,Completed,221928.15,0.0,39947.07,261875.22
2588,2025-04-25 11:59:52,9,10,55,Completed,357508.86,0.0,64351.59,421860.45
2589,2026-03-23 20:23:12,484,3,63,Completed,375954.8,0.0,67671.86,443626.66
2590,2025-12-29 10:37:04,320,4,19,Completed,170279.42,0.0,30650.3,200929.72
2591,2026-06-20 09:23:44,125,10,10,Completed,297803.3,6621.11,52412.79,343594.98
2592,2025-12-17 21:07:21,344,4,79,Completed,4899.1,0.0,881.84,5780.94
2593,2026-03-13 14:02:47,328,10,10,Completed,484981.6,0.0,87296.69,572278.29
2594,2026-06-18 15:00:01,23,2,62,Completed,154557.05,0.0,27820.27,182377.32
2595,2026-06-30 18:45:13,69,7,52,Completed,295338.84,0.0,53160.99,348499.83
2596,2026-05-19 16:55:35,433,8,23,Completed,130231.44,0.0,23441.66,153673.1
2597,2026-01-11 17:32:45,105,4,34,Completed,207840.62,0.0,37411.31,245251.93
2598,2026-06-05 10:18:36,252,15,15,Completed,163571.4,0.0,29442.85,193014.25
2599,2026-06-26 12:57:45,292,2,47,Completed,66184.62,0.0,11913.23,78097.85
2600,2026-06-04 13:43:53,212,11,26,Completed,533275.51,39600.21,88861.55,582536.85
2601,2025-07-17 16:44:08,80,1,16,Completed,71473.67,0.0,12865.26,84338.93
2602,2026-06-04 21:33:09,209,7,52,Completed,40125.14,0.0,7222.53,47347.67
2603,2026-06-28 18:57:10,276,6,51,Returned,103729.32,0.0,18671.28,122400.6
2604,2026-01-11 09:02:51,256,11,11,Returned,430686.29,0.0,77523.53,508209.82
2605,2025-07-17 17:25:42,451,12,27,Returned,173258.33,18491.73,27857.99,182624.59
2606,2026-02-02 21:01:20,156,11,41,Completed,177991.88,0.0,32038.54,210030.42
2607,2025-12-09 12:52:09,13,9,39,Completed,150014.23,4273.96,26233.25,171973.52
2608,2026-06-07 20:03:56,59,7,67,Completed,411737.41,0.0,74112.73,485850.14
2609,2026-05-28 15:54:41,372,4,19,Completed,705247.16,0.0,126944.49,832191.65
2610,2024-05-27 10:58:03,196,10,40,Returned,110555.12,3364.5,19294.31,126484.93
2611,2025-11-26 18:37:15,20,10,10,Completed,164508.03,0.0,29611.45,194119.48
2612,2026-04-29 09:51:19,228,9,9,Completed,362373.0,0.0,65227.14,427600.14
2613,2026-06-29 19:14:21,273,1,16,Completed,98145.48,7541.97,16308.63,106912.14
2614,2026-06-19 18:43:03,143,2,47,Completed,115663.16,0.0,20819.37,136482.53
2615,2025-07-08 19:28:26,118,1,31,Completed,318594.18,20505.22,53656.01,351744.97
2616,2026-06-16 11:34:58,125,13,58,Completed,2783.41,0.0,501.01,3284.42
2617,2026-05-14 11:43:40,263,13,13,Completed,353313.23,0.0,63596.38,416909.61
2618,2026-06-25 16:57:44,35,6,51,Returned,305686.7,0.0,55023.61,360710.31
2619,2026-01-10 20:14:04,394,8,8,Returned,88965.67,0.0,16013.82,104979.49
2620,2026-06-25 19:35:13,442,2,2,Returned,343051.63,0.0,61749.29,404800.92
2621,2026-05-22 15:31:59,380,4,4,Completed,40728.62,0.0,7331.15,48059.77
2622,2024-07-12 10:35:37,230,10,55,Returned,176307.69,0.0,31735.38,208043.07
2623,2026-05-31 18:14:30,383,5,5,Returned,586804.21,40710.6,98296.85,644390.46
2624,2026-04-27 21:46:06,376,14,59,Completed,565092.86,25784.52,97075.5,636383.84
2625,2026-06-01 17:31:30,249,7,52,Completed,456416.18,18530.76,78819.38,516704.8
2626,2026-05-10 21:13:26,460,3,78,Completed,569413.47,0.0,102494.42,671907.89
2627,2024-07-06 10:46:41,222,9,39,Completed,81703.51,0.0,14706.63,96410.14
2628,2026-06-04 15:11:37,398,13,28,Completed,614212.05,22244.29,106554.2,698521.96
2629,2026-06-23 17:53:44,218,7,52,Completed,380085.45,0.0,68415.38,448500.83
2630,2026-02-21 19:25:05,292,12,27,Cancelled,86989.7,0.0,15658.15,102647.85
2631,2026-06-06 17:58:41,419,6,21,Completed,149365.88,19315.18,23409.13,153459.83
2632,2026-02-15 16:18:37,457,12,72,Completed,490467.5,0.0,88284.15,578751.65
2633,2026-06-05 14:21:39,414,6,6,Completed,168392.68,0.0,30310.68,198703.36
2634,2025-12-07 18:53:31,239,3,63,Completed,179170.13,0.0,32250.62,211420.75
2635,2026-04-30 14:47:34,13,9,24,Pending,509524.62,0.0,91714.43,601239.05
2636,2026-06-12 13:07:49,16,15,15,Completed,25781.07,0.0,4640.59,30421.66
2637,2026-05-27 16:35:37,457,13,58,Completed,130330.16,0.0,23459.43,153789.59
2638,2026-04-26 14:55:25,36,14,14,Completed,198239.26,0.0,35683.07,233922.33
2639,2024-07-01 19:07:53,48,9,54,Cancelled,324750.38,34295.89,52281.81,342736.3
2640,2026-06-25 19:23:49,270,7,7,Pending,746406.72,0.0,134353.21,880759.93
2641,2024-12-12 13:38:45,368,10,40,Completed,256906.61,7140.28,44957.94,294724.27
2642,2026-03-25 14:40:29,268,8,68,Returned,258976.6,0.0,46615.79,305592.39
2643,2026-06-19 11:37:12,321,4,4,Pending,319544.15,0.0,57517.95,377062.1
2644,2025-12-28 19:00:04,53,12,27,Completed,183205.57,0.0,32977.0,216182.57
2645,2024-10-23 16:17:10,201,14,74,Completed,27365.93,0.0,4925.87,32291.8
2646,2025-12-28 11:11:10,497,1,46,Completed,305343.64,0.0,54961.86,360305.5
2647,2026-06-08 10:40:35,97,7,67,Pending,178700.6,0.0,32166.11,210866.71
2648,2026-03-17 21:31:40,87,15,15,Completed,10792.75,810.12,1796.87,11779.5
2649,2026-05-17 15:41:45,482,3,33,Completed,324300.16,0.0,58374.03,382674.19
2650,2026-04-25 14:15:30,133,12,72,Returned,366922.15,29948.95,60655.18,397628.38
2651,2025-11-04 20:51:20,377,11,26,Returned,525231.59,0.0,94541.69,619773.28
2652,2026-05-17 19:48:17,401,12,12,Completed,300346.74,0.0,54062.41,354409.15
2653,2026-01-31 15:43:49,485,11,41,Completed,365585.64,0.0,65805.42,431391.06
2654,2026-03-31 17:57:31,131,1,76,Completed,277185.95,0.0,49893.47,327079.42
2655,2026-04-18 14:14:16,186,11,26,Completed,136438.26,5624.31,23546.51,154360.46
2656,2026-06-29 15:57:35,34,5,35,Cancelled,121554.5,0.0,21879.81,143434.31
2657,2026-06-18 17:12:42,340,14,59,Returned,194019.05,0.0,34923.43,228942.48
2658,2025-07-23 17:47:54,138,9,24,Completed,623008.55,0.0,112141.54,735150.09
2659,2026-06-18 19:10:54,482,15,45,Completed,165561.9,0.0,29801.14,195363.04
2660,2026-03-28 13:33:20,254,4,79,Completed,283952.45,0.0,51111.44,335063.89
2661,2026-02-04 16:23:33,16,14,74,Completed,81945.33,7143.71,13464.29,88265.91
2662,2026-06-11 11:49:56,474,9,39,Completed,406958.95,0.0,73252.61,480211.56
2663,2026-06-10 12:42:53,395,13,73,Completed,125163.15,6476.1,21363.67,140050.72
2664,2026-05-06 20:21:55,154,4,79,Completed,333078.57,35656.96,53535.89,350957.5
2665,2025-12-01 14:51:03,183,1,76,Completed,618338.31,11378.21,109252.82,716212.92
2666,2026-04-20 17:17:25,370,1,61,Completed,272271.11,29707.26,43661.49,286225.34
2667,2026-04-30 16:12:17,376,14,14,Completed,280336.18,0.0,50460.51,330796.69
2668,2026-04-01 09:44:29,389,10,40,Completed,720399.17,0.0,129671.85,850071.02
2669,2025-09-17 18:20:17,469,12,57,Returned,553049.73,0.0,99548.95,652598.68
2670,2026-06-08 17:59:01,473,6,6,Completed,190261.31,11868.55,32110.7,210503.46
2671,2026-06-04 14:02:43,71,6,51,Completed,309888.2,0.0,55779.88,365668.08
2672,2026-01-13 14:01:42,357,11,11,Completed,252655.5,0.0,45477.99,298133.49
2673,2026-06-20 14:14:56,288,2,47,Completed,631717.18,55772.54,103670.04,679614.68
2674,2025-11-29 21:43:43,466,8,68,Completed,348032.49,0.0,62645.85,410678.34
2675,2026-05-09 16:39:54,120,14,14,Completed,428818.06,0.0,77187.25,506005.31
2676,2026-05-11 20:46:57,170,4,4,Completed,599234.12,0.0,107862.14,707096.26
2677,2026-01-17 09:17:55,73,4,34,Completed,261340.16,0.0,47041.23,308381.39
2678,2026-04-03 11:35:27,184,3,63,Returned,171428.49,2029.43,30491.83,199890.89
2679,2026-02-28 10:44:03,195,15,30,Completed,427139.79,9755.71,75129.13,492513.21
2680,2026-06-19 20:43:22,254,4,19,Completed,3234.75,0.0,582.25,3817.0
2681,2026-06-27 09:51:38,176,2,47,Returned,61914.56,0.0,11144.62,73059.18
2682,2026-06-21 14:06:05,321,2,77,Completed,567619.05,0.0,102171.43,669790.48
2683,2026-01-18 14:20:48,462,15,45,Completed,87148.34,0.0,15686.7,102835.04
2684,2025-08-02 21:26:08,353,8,68,Returned,225261.93,0.0,40547.15,265809.08
2685,2025-08-10 16:12:15,279,14,14,Returned,144428.22,21637.98,22102.24,144892.48
2686,2026-06-16 19:20:53,198,2,32,Completed,286799.24,0.0,51623.86,338423.1
2687,2026-06-05 21:27:16,494,7,67,Completed,116706.62,3299.42,20413.3,133820.5
2688,2026-05-27 17:16:33,89,13,58,Completed,128564.17,11909.59,20997.82,137652.4
2689,2026-05-31 11:00:37,500,13,58,Returned,376394.59,0.0,67751.03,444145.62
2690,2026-06-09 10:38:53,31,7,67,Completed,13093.28,1395.35,2105.63,13803.56
2691,2026-06-14 18:21:04,11,13,28,Completed,92780.48,11155.38,14692.52,96317.62
2692,2025-08-21 09:45:21,253,1,31,Completed,281457.68,0.0,50662.38,332120.06
2693,2024-08-27 19:45:46,421,10,40,Completed,246372.18,0.0,44346.99,290719.17
2694,2026-05-23 21:13:17,117,11,11,Completed,176720.47,0.0,31809.68,208530.15
2695,2026-06-10 17:02:19,424,13,73,Completed,45400.81,0.0,8172.15,53572.96
2696,2025-08-27 19:09:03,436,15,15,Completed,258424.92,0.0,46516.49,304941.41
2697,2026-04-18 13:23:02,312,14,14,Completed,15107.45,0.0,2719.34,17826.79
2698,2026-02-02 10:15:16,75,9,24,Completed,211519.94,0.0,38073.59,249593.53
2699,2026-06-03 15:29:11,186,13,43,Completed,187676.56,0.0,33781.78,221458.34
2700,2026-06-23 18:01:47,33,2,47,Completed,167045.12,15032.9,27362.2,179374.42
2701,2026-05-30 20:12:41,133,4,4,Completed,3858.64,273.99,645.24,4229.89
2702,2025-09-04 21:05:56,224,15,45,Pending,314191.37,29268.78,51286.07,336208.66
2703,2026-02-22 18:30:30,335,14,14,Returned,61968.67,7899.72,9732.41,63801.36
2704,2026-06-14 15:09:43,329,2,47,Completed,20183.86,0.0,3633.09,23816.95
2705,2026-06-28 11:24:57,486,11,26,Completed,196786.82,0.0,35421.63,232208.45
2706,2026-06-03 12:54:10,174,13,13,Completed,86639.68,0.0,15595.14,102234.82
2707,2026-05-31 20:03:46,432,7,7,Completed,369586.84,0.0,66525.63,436112.47
2708,2025-05-03 11:06:37,118,14,74,Completed,167365.88,0.0,30125.86,197491.74
2709,2026-03-24 16:13:43,204,10,10,Completed,307125.46,0.0,55282.58,362408.04
2710,2025-07-30 14:08:36,399,8,8,Completed,388689.01,0.0,69964.02,458653.03
2711,2026-02-28 19:18:22,232,8,8,Completed,27970.24,0.0,5034.64,33004.88
2712,2026-01-20 12:03:16,380,10,10,Completed,80864.92,0.0,14555.69,95420.61
2713,2025-01-03 11:49:41,27,1,16,Completed,56483.44,3208.83,9589.43,62864.04
2714,2026-06-25 16:35:39,414,9,24,Pending,130095.81,0.0,23417.25,153513.06
2715,2026-05-29 14:56:03,110,12,42,Completed,326892.31,0.0,58840.62,385732.93
2716,2026-06-10 21:25:03,162,9,54,Completed,31745.27,0.0,5714.15,37459.42
2717,2025-06-30 18:49:46,399,1,31,Completed,278895.43,8687.22,48637.48,318845.69
2718,2026-06-25 16:43:22,140,7,67,Completed,245736.71,0.0,44232.61,289969.32
2719,2025-10-28 21:27:34,36,9,24,Completed,85363.99,0.0,15365.52,100729.51
2720,2026-06-18 16:11:04,23,2,32,Pending,136008.37,0.0,24481.51,160489.88
2721,2026-06-08 12:17:24,385,6,6,Completed,283307.89,24019.46,46671.92,305960.35
2722,2026-04-26 09:06:15,280,5,5,Completed,693219.97,0.0,124779.59,817999.56
2723,2026-03-02 11:02:49,281,3,33,Completed,345355.69,0.0,62164.02,407519.71
2724,2025-11-17 21:43:24,101,11,41,Completed,220426.2,0.0,39676.72,260102.92
2725,2026-05-20 15:53:00,371,13,58,Returned,493841.41,0.0,88891.45,582732.86
2726,2026-06-20 10:41:44,290,11,41,Completed,118333.7,11397.33,19248.55,126184.92
2727,2026-06-14 09:29:47,126,12,57,Returned,832453.81,0.0,149841.69,982295.5
2728,2026-06-08 15:30:11,362,5,50,Pending,411669.7,0.0,74100.55,485770.25
2729,2026-06-03 13:44:45,12,6,21,Completed,168942.76,6471.98,29244.74,191715.52
2730,2026-04-05 10:27:15,26,8,8,Completed,219564.8,20611.22,35811.64,234765.22
2731,2026-05-05 19:42:34,187,14,14,Completed,281372.1,0.0,50646.98,332019.08
2732,2026-06-20 16:00:33,165,2,32,Completed,417627.09,20710.95,71444.91,468361.05
2733,2026-06-16 18:16:51,392,2,77,Completed,247394.43,3165.6,43961.19,288190.02
2734,2026-05-30 18:30:09,186,5,35,Completed,271815.03,0.0,48926.71,320741.74
2735,2026-06-27 10:38:11,177,6,66,Completed,277688.56,0.0,49983.94,327672.5
2736,2026-06-28 16:46:43,256,2,32,Completed,106220.25,12470.25,16875.0,110625.0
2737,2026-06-07 15:48:09,353,13,73,Completed,205027.75,0.0,36904.99,241932.74
2738,2026-02-09 10:08:47,124,10,55,Completed,158486.52,16200.06,25611.56,167898.02
2739,2026-06-29 12:01:23,425,7,52,Completed,131544.5,0.0,23678.01,155222.51
2740,2026-03-14 17:54:54,107,8,8,Returned,494627.33,0.0,89032.92,583660.25
2741,2026-04-28 20:08:13,383,5,5,Completed,113492.09,4403.31,19635.98,128724.76
2742,2026-06-13 15:04:19,475,12,42,Completed,97869.98,0.0,17616.6,115486.58
2743,2025-03-16 16:27:13,201,15,75,Returned,212114.03,0.0,38180.53,250294.56
2744,2026-05-03 10:51:29,1,5,50,Completed,223605.78,0.0,40249.04,263854.82
2745,2025-12-12 19:42:06,50,11,26,Returned,329107.52,0.0,59239.35,388346.87
2746,2026-05-15 18:25:34,152,9,24,Returned,536273.91,47186.21,88035.79,577123.49
2747,2026-03-31 16:01:53,107,15,75,Completed,307925.53,0.0,55426.6,363352.13
2748,2026-06-19 18:32:57,161,7,67,Completed,763970.73,0.0,137514.73,901485.46
2749,2026-05-10 17:49:14,12,4,79,Pending,334674.92,0.0,60241.49,394916.41
2750,2026-03-21 19:38:58,143,9,24,Completed,97101.54,0.0,17478.28,114579.82
2751,2026-06-25 10:48:22,206,12,27,Completed,400233.5,0.0,72042.03,472275.53
2752,2025-11-22 19:41:10,93,12,27,Completed,74227.5,0.0,13360.95,87588.45
2753,2026-06-29 13:04:02,30,7,52,Returned,227480.7,0.0,40946.53,268427.23
2754,2026-06-04 18:06:05,26,7,67,Completed,337375.62,0.0,60727.61,398103.23
2755,2025-11-13 13:30:07,88,3,78,Completed,360619.37,0.0,64911.49,425530.86
2756,2026-06-17 16:44:37,11,2,77,Completed,187961.69,21751.51,29917.83,196128.01
2757,2026-05-29 16:21:43,485,7,67,Completed,131471.89,0.0,23664.94,155136.83
2758,2026-06-07 13:53:36,314,12,72,Completed,538961.58,0.0,97013.08,635974.66
2759,2026-04-11 18:03:20,146,10,70,Completed,74733.06,0.0,13451.95,88185.01
2760,2026-05-27 10:07:17,445,3,3,Completed,64979.76,5557.36,10696.03,70118.43
2761,2026-06-01 14:33:47,210,13,43,Completed,64034.46,0.0,11526.2,75560.66
2762,2024-04-19 15:04:31,318,9,9,Completed,129776.23,0.0,23359.72,153135.95
2763,2026-01-17 15:55:15,411,11,41,Completed,429144.62,0.0,77246.03,506390.65
2764,2025-06-23 18:29:23,209,4,4,Completed,271000.64,0.0,48780.12,319780.76
2765,2026-03-22 21:26:06,230,14,14,Completed,319375.95,0.0,57487.67,376863.62
2766,2024-10-01 16:58:35,157,10,70,Completed,56494.42,0.0,10169.0,66663.42
2767,2025-11-16 20:45:37,46,10,40,Completed,52650.81,0.0,9477.15,62127.96
2768,2025-03-28 17:10:44,455,10,10,Pending,336785.29,4330.72,59841.82,392296.39
2769,2025-12-09 10:27:31,391,4,4,Completed,404657.96,0.0,72838.43,477496.39
2770,2025-12-11 10:24:14,408,11,41,Completed,233527.12,0.0,42034.88,275562.0
2771,2025-05-29 21:53:15,354,4,79,Completed,94888.67,0.0,17079.96,111968.63
2772,2026-05-24 13:37:02,315,14,74,Completed,256312.59,0.0,46136.27,302448.86
2773,2026-06-23 09:15:30,24,5,50,Completed,160557.7,10472.89,27015.27,177100.08
2774,2026-06-12 17:49:21,308,6,51,Completed,149407.23,0.0,26893.3,176300.53
2775,2025-11-04 19:38:58,175,12,57,Completed,357403.63,0.0,64332.65,421736.28
2776,2025-12-16 16:54:17,389,14,14,Returned,246364.4,0.0,44345.59,290709.99
2777,2025-03-06 14:49:57,112,10,40,Completed,14828.76,0.0,2669.18,17497.94
2778,2026-05-10 18:44:47,225,13,43,Completed,173628.22,0.0,31253.08,204881.3
2779,2026-06-30 20:53:57,286,15,15,Cancelled,312156.49,0.0,56188.17,368344.66
2780,2026-04-21 11:57:59,131,14,59,Completed,364745.89,0.0,65654.26,430400.15
2781,2026-03-07 21:02:07,361,3,18,Completed,505945.43,0.0,91070.18,597015.61
2782,2026-04-05 13:06:52,203,4,34,Returned,48623.3,0.0,8752.19,57375.49
2783,2025-07-25 12:06:20,396,9,39,Completed,94750.87,5321.41,16097.3,105526.76
2784,2025-10-18 09:57:49,398,1,61,Completed,68105.43,0.0,12258.98,80364.41
2785,2026-06-16 21:39:02,307,7,67,Completed,23787.57,0.0,4281.76,28069.33
2786,2026-05-05 21:37:34,220,12,42,Completed,176985.93,18261.91,28570.32,187294.34
2787,2026-04-11 17:47:39,323,5,50,Completed,177017.14,0.0,31863.09,208880.23
2788,2026-03-19 16:40:49,91,12,12,Completed,730612.17,0.0,131510.19,862122.36
2789,2026-02-13 15:32:04,169,11,11,Completed,148819.62,21492.36,22918.91,150246.17
2790,2025-07-05 15:28:01,106,4,79,Completed,181643.26,0.0,32695.79,214339.05
2791,2026-06-21 20:18:00,70,2,62,Completed,324243.66,0.0,58363.86,382607.52
2792,2026-06-29 11:41:10,93,5,5,Completed,359003.43,0.0,64620.62,423624.05
2793,2026-06-24 17:56:50,484,5,5,Completed,205557.34,0.0,37000.32,242557.66
2794,2026-06-01 19:58:15,118,13,13,Completed,631383.86,0.0,113649.09,745032.95
2795,2026-06-14 09:06:57,121,7,52,Completed,168521.32,22603.96,26265.12,172182.48
2796,2026-05-24 13:10:18,333,13,43,Completed,379596.79,0.0,68327.42,447924.21
2797,2024-09-07 19:42:01,284,14,59,Completed,220666.64,0.0,39720.0,260386.64
2798,2025-04-01 20:38:19,144,4,34,Completed,388774.32,0.0,69979.38,458753.7
2799,2025-09-05 19:47:32,180,12,12,Completed,337182.77,0.0,60692.9,397875.67
2800,2026-06-09 09:39:51,34,6,66,Completed,96766.08,0.0,17417.89,114183.97
2801,2026-05-21 12:39:34,53,5,35,Completed,151413.95,0.0,27254.51,178668.46
2802,2026-06-06 09:20:19,34,15,30,Completed,229771.64,0.0,41358.9,271130.54
2803,2026-04-18 19:40:39,69,5,35,Completed,156315.12,14174.04,25585.39,167726.47
2804,2026-02-11 10:42:57,466,14,14,Completed,297012.67,0.0,53462.28,350474.95
2805,2025-06-19 14:24:20,37,1,76,Completed,84218.55,0.0,15159.34,99377.89
2806,2025-12-23 09:40:11,93,12,72,Completed,205392.54,0.0,36970.66,242363.2
2807,2026-02-13 18:42:59,196,12,57,Returned,246143.38,0.0,44305.81,290449.19
2808,2025-12-25 14:14:14,308,3,18,Returned,285812.71,0.0,51446.29,337259.0
2809,2024-07-11 10:40:52,48,10,55,Completed,281850.48,6856.7,49498.88,324492.66
2810,2026-06-20 18:50:14,387,4,4,Completed,105168.99,0.0,18930.42,124099.41
2811,2026-01-16 19:54:09,157,3,33,Completed,28241.72,0.0,5083.51,33325.23
2812,2026-06-06 17:47:12,194,7,67,Completed,334761.52,0.0,60257.07,395018.59
2813,2026-03-09 17:34:38,98,4,34,Completed,322117.31,38625.98,51028.44,334519.77
2814,2026-06-06 14:06:47,122,5,5,Completed,317402.81,0.0,57132.51,374535.32
2815,2026-05-21 09:32:27,224,15,45,Completed,230934.47,0.0,41568.2,272502.67
2816,2026-05-17 13:15:46,186,13,43,Returned,347685.28,0.0,62583.35,410268.63
2817,2025-12-30 14:21:01,197,10,40,Completed,59016.95,1163.18,10413.68,68267.45
2818,2026-06-19 14:10:48,105,6,6,Completed,348329.04,3585.03,62053.92,406797.93
2819,2026-06-20 13:56:58,325,15,45,Completed,219089.77,0.0,39436.16,258525.93
2820,2025-12-19 18:27:51,324,14,14,Completed,148571.3,11753.97,24627.12,161444.45
2821,2026-06-15 12:20:38,448,7,52,Completed,28211.52,2038.13,4711.21,30884.6
2822,2026-03-14 09:16:29,442,8,23,Returned,257789.21,0.0,46402.06,304191.27
2823,2026-04-15 09:48:37,282,9,24,Completed,268947.15,0.0,48410.49,317357.64
2824,2026-06-16 17:29:13,175,5,5,Cancelled,658614.79,95653.45,101333.04,664294.38
2825,2026-06-02 15:42:24,146,12,72,Completed,636083.14,0.0,114494.97,750578.11
2826,2026-06-29 18:37:16,223,7,52,Completed,11931.31,0.0,2147.64,14078.95
2827,2026-02-26 20:54:54,210,12,12,Completed,244208.85,6715.86,42748.74,280241.73
2828,2026-01-11 09:05:54,447,14,59,Completed,26314.0,0.0,4736.52,31050.52
2829,2025-04-15 09:48:13,226,15,15,Completed,396905.36,0.0,71442.96,468348.32
2830,2026-05-12 14:25:30,134,13,58,Completed,321292.93,0.0,57832.73,379125.66
2831,2026-06-15 09:41:21,215,7,67,Returned,281730.97,0.0,50711.57,332442.54
2832,2024-09-01 19:06:24,373,9,54,Completed,453383.61,0.0,81609.05,534992.66
2833,2026-04-30 12:18:44,150,5,50,Completed,51117.56,0.0,9201.16,60318.72
2834,2026-06-19 17:20:01,495,6,66,Completed,224843.9,0.0,40471.9,265315.8
2835,2026-04-09 19:21:50,475,5,35,Completed,646.95,0.0,116.45,763.4
2836,2025-11-01 16:21:19,439,12,72,Pending,371841.49,7090.81,65655.12,430405.8
2837,2026-02-23 21:35:27,423,12,42,Returned,519360.55,48154.57,84817.08,556023.06
2838,2026-05-03 11:57:21,426,12,72,Completed,517245.53,0.0,93104.2,610349.73
2839,2026-04-23 14:03:55,64,5,5,Completed,138301.88,0.0,24894.34,163196.22
2840,2026-05-12 15:47:11,124,9,39,Completed,262147.87,0.0,47186.62,309334.49
2841,2026-04-30 21:04:40,448,14,59,Completed,137803.14,0.0,24804.57,162607.71
2842,2026-03-22 12:48:47,388,4,34,Completed,314616.15,0.0,56630.91,371247.06
2843,2026-06-02 15:12:20,287,14,14,Completed,426169.11,0.0,76710.44,502879.55
2844,2026-06-07 10:01:49,114,1,76,Completed,580777.71,0.0,104539.99,685317.7
2845,2026-01-17 18:21:05,392,3,63,Cancelled,226322.05,0.0,40737.97,267060.02
2846,2025-10-29 21:18:41,313,11,11,Completed,294684.72,0.0,53043.25,347727.97
2847,2026-06-30 20:31:29,441,6,21,Completed,595297.15,0.0,107153.49,702450.64
2848,2026-05-09 12:24:20,193,13,58,Completed,244722.36,0.0,44050.02,288772.38
2849,2025-07-17 13:19:43,27,4,79,Completed,367798.52,12055.32,64033.78,419776.98
2850,2026-04-28 17:49:38,322,10,55,Completed,41467.75,0.0,7464.19,48931.94
2851,2025-11-03 10:34:04,379,12,27,Completed,231453.83,30509.86,36169.91,237113.88
2852,2025-10-04 16:43:26,78,4,19,Completed,105811.65,0.0,19046.1,124857.75
2853,2025-06-13 16:56:14,366,14,74,Completed,331459.95,0.0,59662.79,391122.74
2854,2026-02-13 14:29:29,454,8,23,Completed,125892.03,0.0,22660.57,148552.6
2855,2026-06-03 15:15:25,89,11,26,Completed,203391.33,0.0,36610.44,240001.77
2856,2026-03-24 18:57:58,161,12,12,Completed,369313.63,38029.26,59631.19,390915.56
2857,2026-06-03 13:50:31,454,10,70,Returned,491437.37,59831.9,77688.98,509294.45
2858,2026-06-22 13:41:15,440,6,51,Cancelled,59016.95,0.0,10623.05,69640.0
2859,2025-02-12 18:22:54,430,9,39,Completed,221748.76,0.0,39914.78,261663.54
2860,2026-01-24 21:50:15,384,8,23,Completed,112620.1,0.0,20271.62,132891.72
2861,2026-06-25 13:01:16,239,7,67,Completed,319651.64,0.0,57537.3,377188.94
2862,2026-03-04 16:22:05,12,14,59,Completed,227913.0,23395.11,36813.22,241331.11
2863,2026-06-10 10:04:20,228,6,21,Completed,418629.55,0.0,75353.32,493982.87
2864,2026-05-28 18:37:03,393,4,19,Completed,338625.31,0.0,60952.56,399577.87
2865,2026-04-25 13:47:02,330,12,12,Completed,55755.86,0.0,10036.05,65791.91
2866,2026-06-27 11:15:47,191,7,52,Completed,243264.93,0.0,43787.69,287052.62
2867,2026-06-17 21:21:41,135,6,21,Completed,212047.31,12569.75,35905.96,235383.52
2868,2025-09-07 12:55:43,188,4,34,Returned,126047.05,0.0,22688.47,148735.52
2869,2026-05-26 09:16:29,211,7,7,Pending,491036.83,16406.15,85433.52,560064.2
2870,2026-05-20 09:47:15,293,12,12,Completed,466897.98,0.0,84041.64,550939.62
2871,2026-06-27 15:04:05,300,13,43,Completed,275711.29,0.0,49628.03,325339.32
2872,2025-11-13 10:05:35,392,10,70,Completed,234339.87,0.0,42181.18,276521.05
2873,2026-06-24 16:50:59,455,6,21,Completed,129488.3,13772.36,20828.87,136544.81
2874,2026-06-23 16:28:27,219,2,47,Completed,400900.21,0.0,72162.04,473062.25
2875,2026-06-27 17:31:42,262,11,41,Pending,569561.47,65012.87,90818.75,595367.35
2876,2026-06-20 15:42:41,369,8,68,Completed,142560.83,9339.76,23979.79,157200.86
2877,2026-06-04 20:39:01,427,7,67,Completed,229177.12,0.0,41251.88,270429.0
2878,2026-02-06 14:38:37,365,3,33,Completed,122250.94,0.0,22005.17,144256.11
2879,2026-06-25 13:45:10,270,11,41,Completed,89672.48,0.0,16141.05,105813.53
2880,2026-04-06 11:36:45,355,4,4,Completed,73032.22,0.0,13145.8,86178.02
2881,2025-02-13 14:17:53,217,15,45,Completed,613450.8,0.0,110421.14,723871.94
2882,2025-06-22 11:04:16,124,10,70,Completed,64971.28,0.0,11694.83,76666.11
2883,2026-01-30 15:24:02,35,4,4,Completed,309761.24,0.0,55757.02,365518.26
2884,2025-11-03 17:37:53,158,8,8,Completed,205946.94,8141.72,35604.94,233410.16
2885,2025-12-27 11:16:29,233,12,72,Completed,190386.43,0.0,34269.56,224655.99
2886,2024-08-10 12:20:38,155,14,14,Completed,110075.19,0.0,19813.53,129888.72
2887,2025-06-08 20:14:50,53,1,76,Completed,194851.48,0.0,35073.27,229924.75
2888,2026-06-04 17:58:47,331,4,34,Completed,271943.97,0.0,48949.91,320893.88
2889,2025-11-16 13:59:55,387,14,59,Completed,486613.47,47611.63,79020.33,518022.17
2890,2026-05-03 10:13:58,246,5,5,Completed,87598.75,0.0,15767.77,103366.52
2891,2025-10-31 11:22:32,259,11,11,Completed,79243.26,0.0,14263.79,93507.05
2892,2026-03-21 17:52:05,137,15,75,Completed,577099.2,0.0,103877.86,680977.06
2893,2026-03-23 11:44:07,487,10,55,Completed,151630.12,13376.15,24885.71,163139.68
2894,2026-06-26 21:39:03,309,6,51,Completed,359893.76,14589.88,62154.7,407458.58
2895,2026-04-16 11:35:24,268,5,50,Completed,158983.6,0.0,28617.05,187600.65
2896,2026-03-23 16:22:48,414,9,9,Completed,51492.2,0.0,9268.6,60760.8
2897,2025-11-15 18:14:19,111,9,24,Completed,102984.4,0.0,18537.19,121521.59
2898,2026-05-02 20:48:02,489,10,10,Completed,246557.44,0.0,44380.34,290937.78
2899,2024-12-30 15:12:16,101,9,9,Completed,543726.26,0.0,97870.73,641596.99
2900,2025-08-07 11:06:44,311,14,14,Completed,1182313.74,0.0,212816.47,1395130.21
2901,2025-10-16 21:54:03,190,10,70,Completed,191692.16,0.0,34504.59,226196.75
2902,2025-04-24 10:32:20,377,15,15,Completed,113588.9,0.0,20446.0,134034.9
2903,2025-05-14 10:18:46,464,4,34,Returned,95631.34,0.0,17213.64,112844.98
2904,2025-09-15 19:22:23,101,4,4,Completed,48441.95,1830.72,8390.02,55001.25
2905,2026-06-21 09:12:03,28,2,47,Completed,95509.1,9671.22,15450.82,101288.7
2906,2026-06-05 17:05:42,152,1,46,Completed,359880.1,15345.37,62016.25,406550.98
2907,2026-06-12 20:26:23,458,1,61,Completed,271994.2,6598.8,47771.17,313166.57
2908,2026-01-18 16:26:47,156,11,26,Completed,107996.8,0.0,19439.42,127436.22
2909,2025-09-11 13:07:50,222,4,34,Returned,364028.17,24754.61,61069.24,400342.8
2910,2025-04-06 11:26:39,499,3,78,Completed,270883.5,34613.74,42528.56,278798.32
2911,2026-04-26 09:26:19,307,5,35,Completed,545505.31,0.0,98190.96,643696.27
2912,2026-03-26 15:06:58,479,10,10,Completed,322195.91,19635.57,54460.86,357021.2
2913,2026-04-23 18:05:01,196,11,26,Completed,409201.9,0.0,73656.34,482858.24
2914,2026-05-21 19:16:08,386,15,30,Completed,31454.67,0.0,5661.84,37116.51
2915,2026-06-04 15:52:32,64,7,67,Completed,272572.84,0.0,49063.11,321635.95
2916,2026-04-09 21:31:22,78,11,11,Returned,447356.28,0.0,80524.13,527880.41
2917,2026-01-21 18:49:24,206,3,63,Returned,387205.03,0.0,69696.91,456901.94
2918,2026-05-03 13:31:36,16,9,24,Completed,480096.02,0.0,86417.28,566513.3
2919,2026-06-14 14:36:14,363,2,2,Returned,323978.16,0.0,58316.07,382294.23
2920,2026-06-22 19:22:31,410,11,41,Completed,254295.33,0.0,45773.16,300068.49
2921,2025-10-16 20:12:10,68,9,54,Completed,43109.08,6266.63,6631.64,43474.09
2922,2026-02-24 13:35:21,24,11,41,Completed,33509.49,3522.98,5397.57,35384.08
2923,2025-05-12 17:29:07,377,3,33,Completed,748929.65,0.0,134807.34,883736.99
2924,2026-06-24 11:57:45,180,2,47,Completed,243853.15,0.0,43893.57,287746.72
2925,2026-06-12 21:41:01,170,11,41,Completed,325022.56,37167.31,51813.94,339669.19
2926,2026-06-16 21:24:02,76,15,75,Completed,112505.98,14240.01,17687.87,115953.84
2927,2025-09-24 09:26:50,15,3,18,Completed,247356.51,0.0,44524.17,291880.68
2928,2025-11-16 16:51:25,154,15,75,Completed,560065.7,0.0,100811.83,660877.53
2929,2026-06-23 18:01:16,311,6,6,Completed,401688.07,0.0,72303.85,473991.92
2930,2026-03-24 15:44:16,325,9,39,Completed,322747.15,0.0,58094.49,380841.64
2931,2025-12-23 19:53:22,49,15,75,Completed,19342.46,0.0,3481.64,22824.1
2932,2026-06-25 17:59:32,69,4,79,Completed,25798.76,0.0,4643.78,30442.54
2933,2026-06-22 20:58:39,451,7,52,Completed,362437.87,0.0,65238.82,427676.69
2934,2026-06-26 19:03:26,122,2,32,Completed,459625.69,0.0,82732.62,542358.31
2935,2025-10-04 10:06:51,454,15,30,Completed,157330.31,0.0,28319.46,185649.77
2936,2026-04-22 13:30:53,100,9,54,Completed,85886.96,0.0,15459.65,101346.61
2937,2026-05-11 21:36:39,341,13,58,Pending,101440.6,14431.65,15661.61,102670.56
2938,2026-02-28 10:48:46,261,1,16,Completed,432123.12,0.0,77782.16,509905.28
2939,2026-06-10 12:35:10,439,9,39,Cancelled,74244.39,0.0,13363.99,87608.38
2940,2026-04-16 18:45:48,292,5,35,Completed,486743.14,0.0,87613.77,574356.91
2941,2026-06-21 09:23:14,236,13,73,Completed,149787.34,0.0,26961.72,176749.06
2942,2025-12-03 14:56:05,66,9,24,Cancelled,28395.72,0.0,5111.23,33506.95
2943,2026-06-09 09:52:36,210,8,8,Completed,165637.4,0.0,29814.73,195452.13
2944,2025-12-11 09:51:35,114,3,63,Completed,427872.9,0.0,77017.12,504890.02
2945,2026-06-27 19:33:47,262,13,73,Completed,702226.82,0.0,126400.83,828627.65
2946,2026-05-30 20:42:09,428,13,43,Returned,198728.36,13535.58,33334.7,218527.48
2947,2026-06-28 11:33:57,86,6,21,Completed,348159.5,0.0,62668.71,410828.21
2948,2026-06-16 17:13:09,275,15,15,Completed,120051.07,0.0,21609.19,141660.26
2949,2026-06-30 17:32:21,108,1,46,Completed,491302.51,0.0,88434.45,579736.96
2950,2026-05-31 16:58:26,373,5,50,Completed,390364.53,0.0,70265.62,460630.15
2951,2026-01-07 13:20:51,258,1,61,Completed,347021.16,44022.87,54539.69,357537.98
2952,2026-05-12 18:20:53,246,5,50,Completed,30676.08,0.0,5521.69,36197.77
2953,2025-03-24 14:40:12,172,3,3,Completed,190031.15,0.0,34205.61,224236.76
2954,2026-06-22 21:45:21,245,6,51,Completed,343533.9,0.0,61836.1,405370.0
2955,2025-04-04 17:45:29,82,15,75,Returned,227592.04,0.0,40966.57,268558.61
2956,2026-06-25 19:18:33,45,11,11,Completed,551340.8,0.0,99241.34,650582.14
2957,2025-06-17 16:20:48,455,15,30,Completed,30354.95,0.0,5463.89,35818.84
2958,2026-06-23 18:31:27,384,11,11,Completed,23361.44,694.45,4080.06,26747.05
2959,2026-05-29 14:50:20,115,5,50,Completed,291632.88,0.0,52493.92,344126.8
2960,2026-05-25 10:39:25,184,13,58,Completed,318940.73,0.0,57409.33,376350.06
2961,2026-05-26 21:03:36,307,7,7,Cancelled,262868.29,0.0,47316.29,310184.58
2962,2025-10-09 09:53:07,180,12,72,Completed,97101.54,9610.98,15748.3,103238.86
2963,2025-03-20 21:47:20,99,14,14,Completed,286878.97,0.0,51638.21,338517.18
2964,2025-12-12 13:09:08,334,11,11,Completed,49134.01,0.0,8844.12,57978.13
2965,2026-01-24 21:42:38,389,9,24,Returned,203997.12,0.0,36719.48,240716.6
2966,2026-05-29 18:40:33,196,7,67,Completed,499159.66,6315.01,88712.04,581556.69
2967,2025-11-10 10:51:40,224,11,41,Completed,556872.71,0.0,100237.09,657109.8
2968,2025-12-30 21:13:12,498,1,31,Completed,155254.71,0.0,27945.85,183200.56
2969,2025-08-19 12:28:47,284,1,1,Completed,448084.4,19770.97,77096.42,505409.85
2970,2026-03-21 20:31:06,407,15,75,Completed,445079.45,66146.78,68207.88,447140.55
2971,2026-05-30 09:22:15,168,5,35,Completed,653083.05,0.0,117554.95,770638.0
2972,2026-06-22 16:54:17,457,7,7,Cancelled,374830.61,17935.55,64241.11,421136.17
2973,2026-06-03 16:08:03,423,7,67,Completed,345902.67,46861.77,53827.36,352868.26
2974,2026-04-03 18:36:04,384,4,79,Completed,176608.0,0.0,31789.44,208397.44
2975,2025-08-15 15:28:47,354,3,78,Completed,85802.67,0.0,15444.48,101247.15
2976,2025-10-04 20:02:10,350,3,78,Returned,112966.88,0.0,20334.04,133300.92
2977,2025-11-02 20:56:54,451,15,45,Completed,247942.27,0.0,44629.61,292571.88
2978,2026-03-20 12:55:01,430,11,11,Completed,373836.62,0.0,67290.59,441127.21
2979,2026-06-18 11:05:58,233,6,51,Completed,169753.73,0.0,30555.67,200309.4
2980,2026-06-08 18:23:25,94,7,52,Completed,58446.06,0.0,10520.29,68966.35
2981,2026-05-27 09:28:35,263,5,35,Completed,493561.57,6349.09,87698.25,574910.73
2982,2025-08-29 10:42:50,427,1,46,Completed,307183.9,10524.54,53398.68,350058.04
2983,2026-06-22 17:04:29,357,10,10,Returned,318440.65,0.0,57319.32,375759.97
2984,2026-06-22 13:06:50,190,2,32,Completed,107633.56,0.0,19374.04,127007.6
2985,2025-03-29 19:06:27,400,3,33,Completed,166617.22,0.0,29991.1,196608.32
2986,2025-09-24 21:43:48,318,9,24,Completed,174201.53,22846.82,27243.85,178598.56
2987,2026-04-16 18:30:17,400,11,26,Completed,86536.88,0.0,15576.64,102113.52
2988,2026-06-25 14:37:57,223,6,66,Pending,303318.02,0.0,54597.24,357915.26
2989,2026-06-10 20:39:16,10,6,51,Completed,527869.19,0.0,95016.45,622885.64
2990,2025-07-20 21:27:34,363,4,34,Completed,93417.88,8308.56,15319.68,100429.0
2991,2026-06-27 21:36:11,253,2,47,Cancelled,193586.14,5414.91,33870.82,222042.05
2992,2026-05-25 21:39:54,372,1,61,Completed,196578.72,8032.68,33938.29,222484.33
2993,2026-06-10 13:55:07,250,7,67,Completed,207880.0,0.0,37418.4,245298.4
2994,2026-05-17 10:03:42,185,10,70,Pending,172148.94,0.0,30986.81,203135.75
2995,2026-06-15 16:54:14,64,6,51,Completed,94592.65,0.0,17026.68,111619.33
2996,2026-06-14 10:52:57,315,5,5,Completed,701284.53,0.0,126231.22,827515.75
2997,2024-08-24 11:22:23,356,9,54,Completed,517463.19,34501.63,86933.08,569894.64
2998,2026-06-09 10:14:21,257,6,66,Returned,458770.66,0.0,82578.72,541349.38
2999,2025-12-12 10:25:34,495,12,57,Completed,193818.69,0.0,34887.36,228706.05
3000,2026-06-07 18:42:20,333,6,66,Completed,128350.71,15564.8,20301.46,133087.37
3001,2025-09-21 14:22:35,441,3,78,Pending,475715.77,54948.44,75738.12,496505.45
3002,2026-03-27 21:53:22,397,11,41,Completed,230661.18,0.0,41519.01,272180.19
3003,2026-05-23 17:06:41,307,5,35,Completed,131390.11,0.0,23650.22,155040.33
3004,2026-04-18 13:40:40,23,3,78,Completed,37084.14,1683.06,6372.19,41773.27
3005,2026-06-10 12:47:47,100,7,7,Completed,105941.39,0.0,19069.45,125010.84
3006,2026-06-04 09:19:01,493,11,26,Completed,253644.96,0.0,45656.09,299301.05
3007,2026-06-23 19:45:06,129,7,67,Completed,59730.41,0.0,10751.47,70481.88
3008,2026-03-03 20:51:51,253,11,41,Completed,242237.72,0.0,43602.79,285840.51
3009,2026-06-17 14:45:20,126,5,5,Completed,142712.64,0.0,25688.28,168400.92
3010,2026-06-28 13:23:45,22,9,24,Completed,23472.93,0.0,4225.13,27698.06
3011,2026-06-14 12:38:52,19,2,62,Completed,199849.38,0.0,35972.89,235822.27
3012,2026-06-25 18:43:01,10,2,62,Completed,260858.76,0.0,46954.58,307813.34
3013,2026-06-03 20:02:24,21,13,13,Returned,449364.59,0.0,80885.63,530250.22
3014,2026-03-25 09:31:34,405,11,26,Completed,19130.35,0.0,3443.46,22573.81
3015,2025-09-18 14:43:06,306,3,78,Completed,154065.41,0.0,27731.77,181797.18
3016,2026-06-03 21:23:37,361,3,3,Completed,385093.13,0.0,69316.76,454409.89
3017,2026-06-28 15:28:25,122,11,41,Completed,97033.02,0.0,17465.94,114498.96
3018,2026-03-17 12:23:56,181,4,79,Completed,40901.77,0.0,7362.32,48264.09
3019,2026-05-07 15:02:31,183,12,72,Completed,319317.04,0.0,57477.07,376794.11
3020,2025-09-20 12:17:49,66,3,78,Completed,654010.81,0.0,117721.95,771732.76
3021,2026-05-22 10:48:12,110,4,34,Completed,89599.75,0.0,16127.95,105727.7
3022,2026-04-13 18:29:58,39,5,5,Completed,59636.06,0.0,10734.49,70370.55
3023,2026-01-29 18:14:27,85,8,68,Completed,837367.68,0.0,150726.18,988093.86
3024,2025-08-21 16:45:49,345,15,30,Completed,100996.59,0.0,18179.39,119175.98
3025,2026-03-02 17:01:12,212,8,8,Completed,599928.04,0.0,107987.05,707915.09
3026,2026-05-26 09:58:29,438,15,15,Completed,157781.43,0.0,28400.66,186182.09
3027,2026-06-30 19:27:53,117,13,43,Completed,1643.13,0.0,295.76,1938.89
3028,2026-05-27 09:32:11,417,3,63,Cancelled,482165.68,51209.03,77572.2,508528.85
3029,2025-05-07 20:30:51,176,3,63,Completed,627552.12,10685.68,111035.96,727902.4
3030,2025-09-17 17:55:48,136,12,12,Completed,567052.31,0.0,102069.42,669121.73
3031,2026-03-31 21:08:43,220,10,10,Completed,164117.63,0.0,29541.17,193658.8
3032,2026-05-10 13:40:42,101,13,28,Completed,270792.99,0.0,48742.74,319535.73
3033,2025-02-14 10:37:31,444,3,63,Completed,634740.21,37812.88,107446.92,704374.25
3034,2026-05-11 21:39:55,280,10,40,Completed,246392.08,0.0,44350.57,290742.65
3035,2026-06-03 13:40:40,389,13,43,Completed,893729.16,0.0,160871.25,1054600.41
3036,2026-06-06 14:43:52,469,6,21,Completed,148571.3,0.0,26742.83,175314.13
3037,2025-07-12 17:06:51,147,15,15,Completed,121876.14,9227.52,20276.75,132925.37
3038,2026-06-23 10:13:24,273,11,41,Completed,9491.24,0.0,1708.42,11199.66
3039,2025-12-07 11:03:13,97,9,9,Completed,88413.35,0.0,15914.4,104327.75
3040,2025-11-23 20:37:13,332,11,41,Completed,217273.44,0.0,39109.22,256382.66
3041,2026-03-26 13:49:06,488,12,57,Returned,278375.65,0.0,50107.62,328483.27
3042,2026-04-17 13:24:42,460,5,35,Completed,195257.73,0.0,35146.39,230404.12
3043,2026-06-30 12:12:15,15,2,47,Completed,34152.35,0.0,6147.42,40299.77
3044,2025-01-03 11:28:10,500,1,1,Completed,195389.46,0.0,35170.1,230559.56
3045,2026-06-07 09:32:30,467,7,7,Completed,243026.7,0.0,43744.81,286771.51
3046,2026-05-31 16:02:46,203,15,45,Completed,256258.37,28659.16,40967.86,268567.07
3047,2026-06-28 15:06:34,216,11,41,Completed,638650.32,0.0,114957.06,753607.38
3048,2026-06-18 09:30:26,239,7,7,Completed,532405.47,70260.04,83186.18,545331.61
3049,2026-03-16 15:11:06,353,14,14,Completed,490470.64,0.0,88284.72,578755.36
3050,2026-06-29 17:25:35,22,5,50,Pending,169549.41,0.0,30518.89,200068.3
3051,2026-06-26 18:14:02,154,2,77,Completed,148091.7,0.0,26656.51,174748.21
3052,2026-03-28 13:41:21,424,11,11,Completed,172468.33,0.0,31044.3,203512.63
3053,2025-10-11 13:06:37,132,10,70,Completed,98846.93,0.0,17792.45,116639.38
3054,2025-05-06 18:43:01,206,1,31,Completed,503379.38,0.0,90608.29,593987.67
3055,2026-04-11 18:46:45,467,5,50,Completed,30214.9,0.0,5438.68,35653.58
3056,2026-06-11 11:21:52,331,1,16,Completed,317159.16,0.0,57088.65,374247.81
3057,2026-05-01 19:03:07,59,12,72,Completed,523594.34,0.0,94246.98,617841.32
3058,2026-02-25 18:06:12,378,14,59,Completed,284324.91,8391.47,49668.02,325601.46
3059,2025-07-16 16:00:29,279,3,78,Completed,258150.4,0.0,46467.07,304617.47
3060,2026-06-03 18:15:40,61,6,21,Completed,265666.86,0.0,47820.03,313486.89
3061,2026-06-20 15:50:00,374,3,33,Completed,207046.75,0.0,37268.42,244315.17
3062,2026-05-27 17:45:32,58,7,67,Returned,383931.33,0.0,69107.64,453038.97
3063,2026-04-08 11:55:53,406,5,50,Completed,361668.74,54221.89,55340.43,362787.28
3064,2026-01-02 12:48:32,119,4,34,Completed,45423.62,4028.56,7451.11,48846.17
3065,2026-04-10 10:00:26,99,11,41,Completed,90176.02,13326.13,13832.98,90682.87
3066,2026-05-24 10:30:19,123,15,45,Completed,246878.04,0.0,44438.05,291316.09
3067,2026-06-08 21:44:45,130,7,67,Completed,251740.05,0.0,45313.21,297053.26
3068,2026-03-07 13:03:58,14,15,30,Completed,40128.64,3166.46,6653.19,43615.37
3069,2025-02-01 12:05:36,46,3,78,Completed,292905.37,34840.17,46451.74,304516.94
3070,2026-04-27 16:36:37,263,11,41,Pending,85108.5,8522.55,13785.47,90371.42
3071,2026-06-17 16:59:31,113,6,66,Completed,370653.07,0.0,66717.55,437370.62
3072,2025-10-13 09:22:26,249,12,12,Returned,122704.32,9020.04,20463.17,134147.45
3073,2026-03-07 10:08:16,465,1,61,Completed,302431.53,0.0,54437.68,356869.21
3074,2026-06-16 10:25:16,358,7,7,Completed,475623.76,25443.24,81032.49,531213.01
3075,2026-06-12 14:13:15,119,13,73,Completed,36691.73,965.24,6430.77,42157.26
3076,2026-06-17 16:48:53,287,5,5,Completed,251261.82,0.0,45227.13,296488.95
3077,2025-12-06 09:00:24,238,14,74,Completed,439205.08,63473.97,67631.6,443362.71
3078,2026-06-22 19:42:53,159,6,66,Completed,340519.2,0.0,61293.46,401812.66
3079,2026-05-11 12:02:14,41,11,26,Returned,265591.52,0.0,47806.47,313397.99
3080,2026-03-10 20:46:28,136,10,70,Completed,325361.16,0.0,58565.01,383926.17
3081,2026-01-07 10:49:00,387,8,23,Completed,140126.82,0.0,25222.83,165349.65
3082,2025-12-12 13:44:55,144,15,15,Returned,210913.25,0.0,37964.39,248877.64
3083,2026-06-30 10:34:05,372,13,28,Returned,605274.71,0.0,108949.45,714224.16
3084,2026-05-18 13:10:30,199,1,31,Completed,346097.13,19393.91,58806.58,385509.8
3085,2026-05-29 18:45:56,305,13,73,Completed,96720.33,0.0,17409.66,114129.99
3086,2026-06-01 10:03:30,245,7,7,Cancelled,224029.86,0.0,40325.37,264355.23
3087,2026-06-08 16:23:18,295,8,23,Completed,425547.04,0.0,76598.47,502145.51
3088,2026-06-24 11:32:36,180,7,52,Completed,242669.62,32381.04,37851.94,248140.52
3089,2025-07-01 13:32:21,78,3,63,Completed,429233.34,33453.46,71240.38,467020.26
3090,2025-10-03 18:32:16,349,1,16,Cancelled,419916.6,0.0,75584.99,495501.59
3091,2026-04-06 09:53:27,195,9,39,Completed,132030.18,1560.42,23484.56,153954.32
3092,2025-10-08 19:45:55,303,12,72,Returned,223404.15,0.0,40212.75,263616.9
3093,2025-12-02 21:35:30,112,9,24,Pending,375434.06,0.0,67578.13,443012.19
3094,2026-06-22 16:28:38,393,14,59,Completed,327901.8,0.0,59022.32,386924.12
3095,2026-06-11 18:57:52,21,13,28,Completed,151675.65,9362.7,25616.33,167929.28
3096,2026-05-02 18:11:56,193,4,79,Completed,491192.5,0.0,88414.65,579607.15
3097,2025-11-24 19:50:05,389,15,75,Completed,420252.45,42692.76,67960.74,445520.43
3098,2026-05-28 10:08:35,225,13,28,Completed,558336.57,0.0,100500.58,658837.15
3099,2026-06-21 17:57:41,89,3,3,Completed,53083.55,4524.13,8740.7,57300.12
3100,2026-01-15 12:43:49,148,4,19,Completed,91875.62,0.0,16537.61,108413.23
3101,2026-05-29 18:59:14,404,3,18,Returned,194352.24,0.0,34983.4,229335.64
3102,2025-09-19 15:36:16,195,1,46,Completed,96709.34,3085.65,16852.26,110475.95
3103,2026-04-20 18:22:41,349,15,15,Completed,339218.47,0.0,61059.32,400277.79
3104,2026-02-02 14:49:08,175,8,68,Completed,337534.55,0.0,60756.22,398290.77
3105,2025-03-04 12:30:45,47,3,78,Completed,136747.8,0.0,24614.6,161362.4
3106,2026-06-30 13:16:33,17,13,58,Completed,112008.66,15008.12,17460.1,114460.64
3107,2026-06-18 16:49:21,285,6,51,Completed,225011.96,0.0,40502.15,265514.11
3108,2026-04-22 11:23:22,60,10,10,Cancelled,265017.3,0.0,47703.11,312720.41
3109,2024-06-08 14:15:28,464,3,78,Completed,375398.52,0.0,67571.73,442970.25
3110,2025-07-15 21:01:30,155,3,33,Returned,527246.87,0.0,94904.44,622151.31
3111,2026-06-28 19:28:34,498,7,67,Returned,146443.15,0.0,26359.77,172802.92
3112,2026-03-07 20:37:08,348,3,3,Completed,116738.94,0.0,21013.01,137751.95
3113,2026-06-12 09:57:57,128,15,15,Completed,147288.65,0.0,26511.96,173800.61
3114,2026-04-19 15:26:59,497,12,42,Completed,394181.08,8098.14,69494.93,455577.87
3115,2026-06-17 11:34:51,304,13,73,Completed,45048.04,0.0,8108.65,53156.69
3116,2026-05-16 17:31:12,269,13,58,Completed,179738.19,10257.45,30506.53,199987.27
3117,2026-06-19 21:19:36,359,2,47,Completed,415544.03,0.0,74797.93,490341.96
3118,2026-05-25 10:30:58,210,3,78,Completed,139739.85,15526.42,22358.42,146571.85
3119,2026-04-21 15:00:15,201,5,35,Completed,301434.59,0.0,54258.23,355692.82
3120,2026-06-13 09:01:20,94,9,9,Completed,212309.69,0.0,38215.74,250525.43
3121,2026-06-28 13:21:43,22,3,78,Completed,273954.43,0.0,49311.8,323266.23
3122,2026-06-24 11:46:45,481,1,16,Returned,531612.44,0.0,95690.24,627302.68
3123,2026-06-25 13:23:17,2,2,62,Completed,227446.69,0.0,40940.4,268387.09
3124,2026-06-18 11:42:55,142,9,54,Completed,216879.55,0.0,39038.32,255917.87
3125,2026-02-03 15:08:55,29,14,59,Completed,212101.78,0.0,38178.32,250280.1
3126,2025-08-26 14:10:25,333,12,12,Completed,648312.61,58172.1,106225.29,696365.8
3127,2026-06-02 11:52:03,293,8,23,Completed,117259.12,11120.22,19105.0,125243.9
3128,2026-06-25 17:58:49,370,7,7,Completed,222182.47,0.0,39992.84,262175.31
3129,2025-05-23 09:36:23,377,9,24,Completed,645478.57,0.0,116186.14,761664.71
3130,2026-02-21 17:13:25,253,3,18,Completed,394847.99,5032.79,70166.74,459981.94
3131,2025-03-31 21:05:55,330,1,46,Completed,278166.16,0.0,50069.91,328236.07
3132,2025-09-02 11:25:31,229,10,40,Completed,152893.64,0.0,27520.86,180414.5
3133,2026-01-24 17:45:06,380,11,41,Completed,13580.36,0.0,2444.46,16024.82
3134,2026-04-17 09:46:06,236,1,1,Completed,718957.31,56447.22,119251.82,781761.91
3135,2025-05-05 09:39:08,255,10,70,Completed,195291.95,0.0,35152.55,230444.5
3136,2026-05-23 17:09:35,293,3,3,Completed,135507.32,0.0,24391.32,159898.64
3137,2025-11-04 20:09:36,181,3,18,Completed,447955.95,26989.5,75773.96,496740.41
3138,2026-04-13 19:54:12,2,14,59,Completed,185560.96,20091.48,29784.51,195253.99
3139,2026-06-19 10:21:34,300,6,21,Cancelled,472191.67,0.0,84994.5,557186.17
3140,2026-01-26 21:07:04,324,15,45,Completed,468961.53,0.0,84413.08,553374.61
3141,2026-06-16 16:05:18,109,13,73,Completed,162955.08,0.0,29331.91,192286.99
3142,2025-12-04 16:19:44,499,1,46,Completed,150509.27,0.0,27091.67,177600.94
3143,2026-05-15 17:51:29,406,5,5,Completed,523626.44,59521.05,83538.97,547644.36
3144,2026-06-19 11:22:38,299,7,7,Completed,160240.31,14587.27,26217.55,171870.59
3145,2026-05-31 11:19:41,474,9,24,Completed,94724.1,0.0,17050.34,111774.44
3146,2026-06-21 16:15:48,496,13,58,Completed,343043.95,30147.94,56321.28,369217.29
3147,2026-03-09 11:56:48,223,12,57,Completed,142277.29,6447.29,24449.4,160279.4
3148,2025-12-18 19:56:21,98,11,26,Returned,83493.65,3934.37,14320.67,93879.95
3149,2026-04-10 16:10:38,319,15,75,Cancelled,28241.72,0.0,5083.51,33325.23
3150,2026-06-04 14:57:25,193,6,66,Returned,316787.64,0.0,57021.78,373809.42
3151,2026-06-12 19:41:02,436,5,5,Completed,569229.8,33759.68,96384.62,631854.74
3152,2026-06-20 21:14:17,315,15,15,Completed,134912.98,10374.49,22416.93,146955.42
3153,2025-09-24 11:18:30,332,1,76,Completed,417957.27,0.0,75232.31,493189.58
3154,2025-07-21 20:03:36,215,1,76,Returned,278141.98,0.0,50065.56,328207.54
3155,2026-06-25 16:14:30,308,2,62,Returned,251948.68,25257.77,40804.36,267495.27
3156,2026-04-14 15:44:49,148,15,30,Cancelled,209615.62,0.0,37730.81,247346.43
3157,2025-03-27 13:38:09,427,3,18,Completed,2172.62,0.0,391.07,2563.69
3158,2026-06-09 09:38:48,114,7,67,Completed,175661.18,0.0,31619.01,207280.19
3159,2026-05-03 10:43:21,491,5,50,Completed,651400.96,0.0,117252.17,768653.13
3160,2026-06-28 11:52:11,124,2,2,Returned,226621.68,0.0,40791.9,267413.58
3161,2026-06-29 14:26:36,467,2,47,Cancelled,242982.65,0.0,43736.88,286719.53
3162,2026-05-23 10:33:17,7,15,15,Completed,99941.73,6993.52,16730.68,109678.89
3163,2026-05-19 14:39:33,313,13,28,Returned,413432.73,0.0,74417.89,487850.62
3164,2026-06-08 11:36:34,140,8,23,Completed,488015.6,0.0,87842.81,575858.41
3165,2026-06-14 15:43:26,428,13,43,Completed,362157.51,0.0,65188.35,427345.86
3166,2026-06-26 10:22:15,247,13,58,Completed,204512.93,0.0,36812.33,241325.26
3167,2026-05-16 15:49:58,11,13,28,Completed,532032.41,18399.16,92453.99,606087.24
3168,2025-11-14 15:20:00,155,8,68,Pending,489364.56,43685.95,80222.15,525900.76
3169,2026-02-22 09:36:02,104,3,78,Returned,316421.64,0.0,56955.9,373377.54
3170,2026-04-08 16:26:04,326,1,46,Completed,90380.21,0.0,16268.44,106648.65
3171,2026-06-06 16:32:31,331,5,35,Completed,864936.9,0.0,155688.64,1020625.54
3172,2025-12-16 13:42:03,378,12,42,Completed,253639.38,0.0,45655.09,299294.47
3173,2024-11-15 15:39:31,146,3,18,Completed,71339.96,0.0,12841.19,84181.15
3174,2026-02-13 16:23:51,371,12,12,Completed,563215.58,29850.28,96005.75,629371.05
3175,2026-04-02 12:19:14,485,10,40,Completed,416046.57,0.0,74888.38,490934.95
3176,2025-08-14 14:54:13,205,10,10,Returned,521295.88,0.0,93833.26,615129.14
3177,2026-06-25 20:22:11,344,10,40,Returned,240209.07,0.0,43237.63,283446.7
3178,2026-05-23 16:12:15,286,12,27,Completed,100862.97,0.0,18155.33,119018.3
3179,2026-03-06 12:01:59,423,9,9,Completed,553956.67,0.0,99712.2,653668.87
3180,2026-06-21 19:13:03,142,6,21,Completed,276468.24,23678.67,45502.12,298291.69
3181,2026-06-01 11:09:18,118,7,52,Completed,200156.8,0.0,36028.22,236185.02
3182,2026-06-27 18:34:23,478,5,5,Completed,105400.36,0.0,18972.06,124372.42
3183,2025-10-31 12:14:22,420,8,8,Pending,142131.24,11182.82,23570.72,154519.14
3184,2026-06-15 11:15:52,469,2,62,Completed,202253.1,24637.61,31970.79,209586.28
3185,2026-02-02 20:05:23,50,14,14,Cancelled,247525.52,13115.56,42193.79,276603.75
3186,2026-02-22 21:37:17,167,9,54,Completed,539250.74,64879.63,85386.8,559757.91
3187,2025-08-05 11:57:41,358,1,31,Completed,802224.49,0.0,144400.41,946624.9
3188,2026-06-13 13:04:05,346,5,35,Completed,297478.54,0.0,53546.14,351024.68
3189,2026-06-28 10:08:20,81,6,51,Completed,75511.51,8896.84,11990.64,78605.31
3190,2026-01-13 21:33:04,411,14,14,Completed,445470.14,48820.01,71397.02,468047.15
3191,2025-04-30 14:45:47,433,4,34,Completed,128799.8,0.0,23183.96,151983.76
3192,2026-05-09 21:04:39,353,5,50,Completed,340066.81,40608.05,53902.58,353361.34
3193,2026-06-29 21:20:22,241,2,47,Completed,507719.99,0.0,91389.6,599109.59
3194,2026-06-15 21:14:11,63,15,75,Cancelled,660777.48,0.0,118939.95,779717.43
3195,2026-01-08 15:15:01,324,11,11,Completed,210780.57,0.0,37940.5,248721.07
3196,2026-06-18 10:42:42,221,2,62,Completed,117442.43,2813.89,20633.14,135261.68
3197,2026-06-08 14:08:00,337,6,66,Completed,499536.88,0.0,89916.64,589453.52
3198,2026-04-28 14:02:18,1,8,23,Completed,482609.02,70708.73,74142.05,486042.34
3199,2025-10-25 21:22:42,161,10,70,Completed,481876.26,0.0,86737.73,568613.99
3200,2026-03-22 13:12:43,305,8,23,Completed,129089.33,0.0,23236.08,152325.41
3201,2026-06-27 09:47:48,494,7,7,Completed,464528.22,0.0,83615.08,548143.3
3202,2026-05-26 21:48:26,56,1,1,Completed,160598.98,0.0,28907.82,189506.8
3203,2025-04-21 18:09:31,435,1,76,Completed,77439.14,0.0,13939.05,91378.19
3204,2026-03-10 18:13:02,269,9,9,Completed,215384.38,12723.37,36478.98,239139.99
3205,2025-04-23 15:15:35,499,15,75,Completed,441497.22,0.0,79469.5,520966.72
3206,2026-03-12 17:46:22,209,9,54,Completed,305653.02,0.0,55017.54,360670.56
3207,2026-06-24 15:59:38,419,11,26,Pending,357829.22,0.0,64409.26,422238.48
3208,2026-04-16 18:24:21,180,11,11,Returned,423511.64,0.0,76232.1,499743.74
3209,2026-02-12 16:11:33,389,9,24,Pending,314430.59,0.0,56597.51,371028.1
3210,2024-10-19 09:46:40,246,3,63,Returned,109131.07,3703.79,18976.91,124404.19
3211,2026-06-27 13:28:09,58,11,41,Completed,364865.44,0.0,65675.78,430541.22
3212,2026-01-31 13:01:29,235,4,34,Completed,565336.63,0.0,101760.59,667097.22
3213,2026-04-06 12:03:49,373,12,12,Completed,446094.28,0.0,80296.97,526391.25
3214,2024-07-29 19:16:22,228,15,45,Cancelled,121574.73,0.0,21883.45,143458.18
3215,2026-04-19 16:57:05,312,9,24,Completed,213377.8,0.0,38408.0,251785.8
3216,2026-04-11 15:24:33,247,5,50,Completed,716848.24,91696.86,112527.25,737678.63
3217,2026-05-06 17:21:48,214,8,23,Completed,170080.67,2444.54,30174.5,197810.63
3218,2026-06-23 14:27:02,52,2,62,Completed,485601.89,0.0,87408.34,573010.23
3219,2026-06-27 15:13:19,312,13,43,Completed,392958.28,0.0,70732.49,463690.77
3220,2026-06-15 19:41:28,385,2,77,Returned,276274.69,0.0,49729.44,326004.13
3221,2025-10-28 11:22:33,478,3,3,Returned,146164.28,13223.98,23929.25,156869.55
3222,2026-06-08 12:49:30,178,7,52,Completed,95163.19,12911.23,14805.35,97057.31
3223,2026-05-07 19:12:06,247,13,28,Completed,293833.8,0.0,52890.08,346723.88
3224,2024-09-21 18:50:10,353,9,54,Completed,118225.45,0.0,21280.58,139506.03
3225,2026-06-18 16:43:09,56,6,51,Pending,449537.13,0.0,80916.68,530453.81
3226,2025-02-16 11:23:52,53,3,33,Returned,245919.87,19156.44,40817.42,267580.85
3227,2025-02-06 14:18:37,165,1,76,Returned,290083.5,34253.33,46049.43,301879.6
3228,2026-05-12 18:37:58,260,12,12,Completed,53537.82,6184.3,8523.63,55877.15
3229,2026-05-05 19:29:15,107,10,70,Completed,128577.05,4626.05,22311.18,146262.18
3230,2026-02-28 10:25:13,245,3,33,Pending,21509.9,0.0,3871.78,25381.68
3231,2026-05-21 17:14:49,409,13,43,Completed,319204.37,36469.33,50892.31,333627.35
3232,2025-06-22 13:14:20,15,1,61,Completed,37341.47,0.0,6721.46,44062.93
3233,2024-12-11 16:44:45,158,10,40,Completed,333201.53,14048.54,57447.54,376600.53
3234,2025-11-09 13:26:48,225,10,70,Completed,57421.79,0.0,10335.92,67757.71
3235,2025-04-29 14:06:33,263,10,70,Completed,70328.08,0.0,12659.05,82987.13
3236,2026-01-14 11:28:49,194,3,18,Completed,33750.23,2707.23,5587.74,36630.74
3237,2025-02-28 11:15:02,207,1,1,Completed,118857.04,0.0,21394.27,140251.31
3238,2026-05-24 15:47:29,460,5,5,Completed,482849.76,0.0,86912.96,569762.72
3239,2026-06-25 10:42:23,435,2,32,Completed,330512.15,0.0,59492.19,390004.34
3240,2025-07-06 17:54:40,378,1,31,Completed,51849.33,0.0,9332.88,61182.21
3241,2026-03-16 10:26:25,442,9,9,Completed,428608.38,0.0,77149.51,505757.89
3242,2026-03-02 12:37:08,364,9,9,Returned,45571.21,0.0,8202.82,53774.03
3243,2026-06-08 19:39:02,284,5,35,Completed,239708.89,23708.28,38880.11,254880.72
3244,2026-06-01 10:20:08,196,13,28,Completed,16804.25,1164.29,2815.19,18455.15
3245,2026-06-10 13:09:00,314,6,51,Completed,370601.46,0.0,66708.26,437309.72
3246,2026-06-17 11:16:34,410,5,50,Completed,232922.1,29612.55,36595.72,239905.27
3247,2025-08-01 16:15:29,202,4,4,Completed,101381.13,0.0,18248.6,119629.73
3248,2025-07-14 10:58:34,188,1,16,Pending,343465.79,0.0,61823.84,405289.63
3249,2026-06-19 19:37:51,79,7,67,Completed,292521.66,0.0,52653.9,345175.56
3250,2026-06-13 21:15:42,135,13,13,Completed,461073.45,0.0,82993.22,544066.67
3251,2026-05-27 13:29:59,4,7,7,Completed,629150.39,0.0,113247.07,742397.46
3252,2025-11-09 20:07:53,48,14,74,Completed,326172.03,0.0,58710.97,384883.0
3253,2026-05-14 20:20:54,298,13,73,Returned,418799.51,0.0,75383.91,494183.42
3254,2026-03-31 11:56:19,490,11,41,Completed,7411.87,0.0,1334.14,8746.01
3255,2025-08-28 10:02:14,210,9,24,Completed,284060.1,0.0,51130.82,335190.92
3256,2026-06-16 17:06:07,144,2,32,Cancelled,322207.41,9514.66,56284.69,368977.44
3257,2025-11-26 09:21:58,438,9,9,Completed,93068.25,0.0,16752.28,109820.53
3258,2026-02-12 19:07:28,361,4,19,Completed,66102.43,6582.42,10713.6,70233.61
3259,2026-05-13 16:02:32,343,1,31,Returned,351014.06,0.0,63182.53,414196.59
3260,2026-04-25 21:57:24,1,10,55,Completed,86247.58,0.0,15524.56,101772.14
3261,2026-06-06 17:13:04,152,11,41,Returned,297317.89,0.0,53517.22,350835.11
3262,2026-05-26 13:20:30,54,5,35,Completed,353910.07,25450.96,59122.64,387581.75
3263,2025-11-27 19:30:38,392,3,63,Returned,55420.51,0.0,9975.69,65396.2
3264,2026-04-09 09:14:13,28,8,68,Completed,303963.46,0.0,54713.42,358676.88
3265,2026-06-03 18:40:37,480,8,23,Returned,278826.24,0.0,50188.72,329014.96
3266,2025-01-13 18:14:15,497,9,54,Completed,430825.87,0.0,77548.66,508374.53
3267,2026-04-15 18:18:05,363,4,79,Completed,127414.48,0.0,22934.61,150349.09
3268,2026-05-30 09:53:24,323,7,52,Pending,256443.24,0.0,46159.78,302603.02
3269,2026-06-17 12:04:44,86,7,52,Completed,511684.87,0.0,92103.28,603788.15
3270,2026-06-30 15:15:05,24,6,66,Returned,1011451.65,112521.82,161807.37,1060737.2
3271,2026-06-26 19:21:18,19,2,2,Completed,159133.09,0.0,28643.96,187777.05
3272,2025-10-31 15:02:24,49,3,33,Cancelled,448619.69,42297.61,73137.97,479460.05
3273,2025-12-07 13:33:25,11,1,31,Completed,37059.35,0.0,6670.68,43730.03
3274,2026-05-26 19:37:52,154,15,75,Completed,31486.69,0.0,5667.6,37154.29
3275,2026-06-19 10:29:00,140,9,39,Completed,320087.5,0.0,57615.75,377703.25
3276,2026-05-27 09:58:57,127,7,7,Completed,428703.22,17008.67,74105.02,485799.57
3277,2026-04-22 16:48:55,240,1,1,Completed,86820.96,0.0,15627.77,102448.73
3278,2026-06-20 12:51:12,247,6,51,Completed,132187.94,0.0,23793.83,155981.77
3279,2026-05-30 10:07:59,479,1,46,Completed,704376.93,0.0,126787.85,831164.78
3280,2026-06-27 09:02:17,227,2,77,Completed,406749.07,0.0,73214.83,479963.9
3281,2026-01-09 13:18:05,88,15,15,Returned,107578.86,0.0,19364.19,126943.05
3282,2026-06-28 18:27:28,415,6,51,Completed,72878.07,0.0,13118.05,85996.12
3283,2026-03-03 18:46:26,119,4,34,Returned,183572.03,3212.36,32464.74,212824.41
3284,2026-06-06 12:36:06,474,6,51,Completed,151453.56,0.0,27261.64,178715.2
3285,2026-01-25 14:15:58,349,1,16,Pending,437489.8,33440.17,72728.93,476778.56
3286,2026-06-06 18:44:51,480,13,13,Completed,264486.36,0.0,47607.54,312093.9
3287,2026-06-20 14:13:46,93,7,67,Completed,29741.02,0.0,5353.38,35094.4
3288,2026-03-08 19:53:29,58,12,72,Completed,84943.22,0.0,15289.78,100233.0
3289,2026-04-23 15:44:58,233,4,34,Completed,443557.7,0.0,79840.39,523398.09
3290,2026-05-27 11:59:58,260,8,68,Completed,147843.38,0.0,26611.81,174455.19
3291,2026-06-27 14:54:33,383,13,73,Completed,177138.3,0.0,31884.89,209023.19
3292,2026-05-30 18:09:55,169,11,11,Completed,199288.64,2666.29,35392.02,232014.37
3293,2026-06-24 19:05:16,416,7,67,Returned,360149.88,0.0,64826.98,424976.86
3294,2026-06-08 21:07:57,474,4,34,Completed,444413.66,0.0,79994.46,524408.12
3295,2025-11-07 09:27:00,470,10,70,Completed,173870.69,6619.24,30105.26,197356.71
3296,2026-05-09 12:52:20,287,11,11,Returned,93130.77,0.0,16763.54,109894.31
3297,2026-06-26 11:21:01,65,2,2,Completed,72055.18,0.0,12969.93,85025.11
3298,2026-06-24 14:48:16,416,10,40,Completed,246614.77,0.0,44390.66,291005.43
3299,2025-04-05 10:18:42,206,4,79,Cancelled,260632.89,0.0,46913.92,307546.81
3300,2026-06-17 09:54:55,331,6,51,Completed,96720.33,6276.72,16279.85,106723.46
3301,2026-03-02 11:30:44,368,4,34,Completed,745186.95,0.0,134133.65,879320.6
3302,2026-06-01 15:47:37,51,12,72,Cancelled,327568.7,0.0,58962.37,386531.07
3303,2026-06-20 19:03:21,186,6,21,Pending,419852.73,0.0,75573.49,495426.22
3304,2026-05-30 09:03:42,474,3,63,Completed,280461.0,24471.83,46078.05,302067.22
3305,2026-06-17 21:47:03,491,13,13,Completed,259783.04,28821.97,41572.99,272534.06
3306,2026-06-21 10:54:37,168,7,7,Completed,149550.79,0.0,26919.14,176469.93
3307,2026-06-25 19:32:05,288,5,35,Completed,236067.8,0.0,42492.2,278560.0
3308,2026-06-03 09:43:47,45,14,14,Completed,323044.8,0.0,58148.06,381192.86
3309,2026-03-13 13:42:24,72,11,11,Completed,385552.87,0.0,69399.52,454952.39
3310,2026-05-21 20:52:35,320,1,76,Completed,398380.47,0.0,71708.48,470088.95
3311,2025-12-08 10:03:16,245,3,18,Completed,31421.66,0.0,5655.9,37077.56
3312,2026-06-28 19:15:40,271,2,62,Returned,213005.0,0.0,38340.9,251345.9
3313,2025-11-11 20:26:04,439,15,45,Completed,273332.97,0.0,49199.93,322532.9
3314,2026-06-18 11:01:26,65,2,77,Completed,422483.68,0.0,76047.06,498530.74
3315,2025-01-29 10:30:24,42,9,54,Completed,41836.7,3509.13,6898.96,45226.53
3316,2025-12-25 09:09:12,323,11,41,Completed,173778.48,0.0,31280.13,205058.61
3317,2026-06-21 15:32:12,392,2,62,Completed,2172.62,219.6,351.54,2304.56
3318,2026-03-18 16:27:17,321,10,10,Pending,103830.76,1474.99,18424.04,120779.81
3319,2026-06-27 19:04:45,125,3,18,Completed,330085.15,7150.81,58128.18,381062.52
3320,2026-06-02 11:50:57,117,11,11,Completed,252733.15,0.0,45491.97,298225.12
3321,2026-05-13 10:11:24,454,15,75,Completed,29314.78,0.0,5276.66,34591.44
3322,2025-11-27 18:54:39,124,8,68,Completed,338688.61,39313.23,53887.57,353262.95
3323,2025-07-24 14:11:58,433,14,14,Completed,285577.89,0.0,51404.02,336981.91
3324,2026-05-15 19:33:17,390,5,35,Completed,62257.94,0.0,11206.43,73464.37
3325,2026-06-24 20:46:34,128,13,58,Completed,148432.69,0.0,26717.88,175150.57
3326,2025-02-04 13:50:14,58,14,14,Completed,149948.88,6128.99,25887.58,169707.47
3327,2026-06-23 20:33:01,219,5,5,Returned,409799.27,0.0,73763.87,483563.14
3328,2026-01-03 14:44:22,256,8,8,Completed,308639.01,0.0,55555.02,364194.03
3329,2026-06-24 19:58:24,338,13,13,Completed,312538.22,0.0,56256.88,368795.1
3330,2026-06-08 16:59:39,86,13,58,Completed,627591.78,0.0,112966.52,740558.3
3331,2026-06-23 11:01:45,473,6,6,Completed,123851.6,0.0,22293.29,146144.89
3332,2026-06-24 11:07:26,489,7,7,Completed,178429.04,0.0,32117.23,210546.27
3333,2026-05-27 12:09:12,371,7,52,Completed,199185.63,0.0,35853.41,235039.04
3334,2026-06-14 11:39:20,153,2,77,Completed,17207.19,2185.28,2703.94,17725.85
3335,2025-06-14 21:14:46,318,10,70,Completed,470830.19,0.0,84749.43,555579.62
3336,2026-05-18 18:53:22,470,13,73,Cancelled,535868.1,16053.49,93566.63,613381.24
3337,2026-03-04 14:04:36,437,10,55,Cancelled,1285.72,0.0,231.43,1517.15
3338,2025-11-15 13:43:05,418,3,33,Completed,577542.86,44869.73,95881.16,628554.29
3339,2026-02-06 16:00:13,246,11,11,Returned,208053.41,0.0,37449.61,245503.02
3340,2026-03-06 19:29:55,218,3,33,Completed,205378.77,21975.28,33012.63,216416.12
3341,2025-10-14 20:54:10,53,3,33,Completed,354630.9,0.0,63833.56,418464.46
3342,2026-06-09 09:23:25,16,13,13,Cancelled,250219.6,0.0,45039.53,295259.13
3343,2026-05-11 11:36:10,17,12,72,Completed,51893.69,0.0,9340.86,61234.55
3344,2026-05-07 16:14:58,327,9,24,Completed,42361.99,0.0,7625.16,49987.15
3345,2026-05-08 16:43:45,88,13,13,Returned,339918.47,43673.9,53324.02,349568.59
3346,2026-06-28 12:45:27,104,2,32,Returned,321085.55,44336.74,49814.79,326563.6
3347,2025-12-21 11:11:00,391,15,45,Completed,329086.22,0.0,59235.52,388321.74
3348,2026-06-28 09:35:18,4,2,77,Completed,92734.23,0.0,16692.16,109426.39
3349,2026-04-15 15:43:45,241,5,50,Completed,32262.51,2730.66,5315.73,34847.58
3350,2025-10-22 19:25:20,314,12,57,Completed,308487.86,0.0,55527.81,364015.67
3351,2026-02-25 14:05:43,320,12,42,Completed,228003.33,0.0,41040.6,269043.93
3352,2026-06-02 17:07:39,10,6,6,Completed,208029.1,0.0,37445.24,245474.34
3353,2026-06-20 11:08:27,276,13,43,Completed,700631.66,0.0,126113.7,826745.36
3354,2026-01-26 12:26:00,107,12,12,Returned,208294.38,0.0,37492.99,245787.37
3355,2026-05-03 09:09:47,69,3,18,Completed,247078.6,0.0,44474.15,291552.75
3356,2025-03-25 19:17:43,119,1,76,Completed,247821.8,0.0,44607.92,292429.72
3357,2025-12-18 16:21:51,420,11,26,Completed,130045.27,0.0,23408.15,153453.42
3358,2026-06-04 17:01:55,59,7,67,Completed,66471.17,0.0,11964.81,78435.98
3359,2026-06-20 12:07:27,447,7,67,Completed,163577.9,0.0,29444.02,193021.92
3360,2026-06-19 17:30:46,402,7,67,Returned,395353.81,18557.56,67823.32,444619.57
3361,2026-06-11 09:16:23,5,4,19,Returned,27577.13,0.0,4963.88,32541.01
3362,2026-06-26 10:27:25,130,2,2,Completed,337689.54,0.0,60784.12,398473.66
3363,2026-03-29 13:18:50,238,1,1,Completed,203758.12,9291.69,35003.96,229470.39
3364,2025-08-15 20:41:06,283,1,1,Completed,267185.78,0.0,48093.44,315279.22
3365,2026-02-01 20:10:33,154,3,78,Pending,198108.15,0.0,35659.47,233767.62
3366,2026-04-22 14:00:20,67,5,5,Completed,551722.45,0.0,99310.04,651032.49
3367,2026-01-28 18:45:26,335,10,70,Completed,338175.96,0.0,60871.67,399047.63
3368,2026-06-01 14:53:10,369,13,28,Completed,243033.06,11071.26,41753.12,273714.92
3369,2026-03-24 11:08:42,191,3,18,Completed,248847.88,0.0,44792.62,293640.5
3370,2025-03-17 17:53:35,283,15,15,Completed,240891.76,0.0,43360.52,284252.28
3371,2026-04-09 13:15:22,234,11,26,Completed,215118.16,0.0,38721.27,253839.43
3372,2025-07-22 16:25:11,379,1,76,Cancelled,103029.21,0.0,18545.26,121574.47
3373,2025-06-09 18:23:02,383,14,74,Completed,93159.9,0.0,16768.78,109928.68
3374,2026-06-19 14:20:32,45,2,47,Completed,32865.36,0.0,5915.76,38781.12
3375,2026-02-14 20:34:35,428,3,63,Completed,375901.49,0.0,67662.27,443563.76
3376,2024-12-05 16:17:34,206,1,16,Completed,169886.44,7672.15,29198.57,191412.86
3377,2025-08-06 14:51:57,497,4,4,Returned,66252.39,0.0,11925.43,78177.82
3378,2026-03-30 16:07:53,409,9,9,Completed,421054.35,0.0,75789.78,496844.13
3379,2026-06-27 11:11:38,35,13,43,Returned,312496.6,0.0,56249.39,368745.99
3380,2026-06-23 19:46:23,113,6,51,Returned,188256.64,0.0,33886.2,222142.84
3381,2026-03-24 18:26:28,93,1,31,Completed,54790.45,0.0,9862.28,64652.73
3382,2025-11-02 19:12:50,254,10,10,Completed,202117.18,0.0,36381.09,238498.27
3383,2026-05-20 09:45:19,304,13,73,Completed,89223.06,0.0,16060.15,105283.21
3384,2026-06-23 13:20:49,240,7,7,Completed,509525.66,47581.34,83149.98,545094.3
3385,2026-06-14 17:36:57,54,2,62,Completed,255831.6,0.0,46049.69,301881.29
3386,2025-12-07 21:48:06,496,9,54,Completed,432747.48,0.0,77894.55,510642.03
3387,2024-10-07 10:49:13,338,15,30,Completed,178527.96,0.0,32135.03,210662.99
3388,2026-01-30 09:58:32,364,9,54,Completed,374318.77,0.0,67377.38,441696.15
3389,2026-05-30 11:42:32,235,7,67,Completed,54619.32,0.0,9831.48,64450.8
3390,2024-04-17 19:58:31,455,9,24,Completed,356690.81,0.0,64204.35,420895.16
3391,2026-06-21 20:53:36,463,2,2,Completed,22649.05,0.0,4076.83,26725.88
3392,2026-06-24 18:08:29,328,8,68,Completed,66909.31,0.0,12043.68,78952.99
3393,2026-04-22 09:58:50,465,15,45,Completed,419232.23,0.0,75461.8,494694.03
3394,2026-06-30 19:22:56,113,4,79,Completed,111457.08,8782.17,18481.48,121156.39
3395,2026-06-17 19:06:34,263,6,66,Completed,63967.65,0.0,11514.18,75481.83
3396,2026-06-11 16:25:44,133,13,28,Completed,190985.86,0.0,34377.45,225363.31
3397,2024-12-24 16:15:31,365,15,15,Completed,597368.39,0.0,107526.31,704894.7
3398,2026-05-01 13:20:29,316,10,55,Completed,126878.14,0.0,22838.07,149716.21
3399,2026-06-08 21:19:17,329,11,26,Completed,51292.72,3845.79,8540.45,55987.38
3400,2026-04-25 18:57:53,494,1,46,Completed,453465.27,0.0,81623.75,535089.02
3401,2026-01-02 21:59:21,219,3,63,Completed,122038.0,18236.51,18684.27,122485.76
3402,2026-05-22 18:06:44,119,5,35,Completed,104898.13,0.0,18881.66,123779.79
3403,2026-06-02 14:37:41,480,13,43,Completed,445886.64,31139.09,74654.56,489402.11
3404,2026-02-11 19:45:55,108,15,45,Completed,325046.9,0.0,58508.44,383555.34
3405,2026-06-26 15:23:32,28,8,68,Completed,100087.84,2076.85,17641.98,115652.97
3406,2026-06-15 19:31:21,231,9,24,Completed,95231.65,0.0,17141.7,112373.35
3407,2025-08-22 16:33:19,409,9,9,Returned,817967.39,0.0,147234.13,965201.52
3408,2026-04-11 16:53:44,112,5,50,Completed,32874.27,0.0,5917.37,38791.64
3409,2025-11-23 21:43:53,227,11,41,Completed,444204.37,5232.35,79014.96,517986.98
3410,2026-06-07 14:42:01,491,7,7,Completed,188251.8,0.0,33885.32,222137.12
3411,2026-04-16 12:24:37,2,8,68,Completed,220340.25,0.0,39661.24,260001.49
3412,2025-08-20 09:15:57,98,4,34,Completed,152147.13,0.0,27386.48,179533.61
3413,2025-06-30 17:21:43,298,10,55,Returned,476985.47,0.0,85857.38,562842.85
3414,2024-11-09 21:08:59,373,3,18,Returned,484506.64,0.0,87211.2,571717.84
3415,2026-06-07 11:29:15,411,7,52,Completed,135327.72,0.0,24358.99,159686.71
3416,2026-06-30 10:18:39,344,12,42,Completed,71256.54,0.0,12826.18,84082.72
3417,2025-01-11 11:08:15,135,10,10,Returned,222070.62,0.0,39972.71,262043.33
3418,2026-06-27 21:39:21,250,2,47,Completed,302088.54,0.0,54375.94,356464.48
3419,2025-09-05 14:22:44,300,4,34,Completed,102042.42,0.0,18367.64,120410.06
3420,2026-06-25 09:26:07,22,15,30,Completed,405482.2,0.0,72986.8,478469.0
3421,2025-11-19 13:59:59,38,4,79,Completed,353462.37,0.0,63623.23,417085.6
3422,2026-06-19 10:49:10,289,5,35,Completed,178474.74,0.0,32125.45,210600.19
3423,2026-06-27 11:30:43,289,4,4,Completed,353612.15,0.0,63650.19,417262.34
3424,2026-06-24 09:28:47,403,1,46,Completed,182330.4,0.0,32819.47,215149.87
3425,2024-11-02 17:41:15,464,3,18,Completed,183665.0,12037.93,30892.87,202519.94
3426,2026-02-27 13:18:26,324,1,31,Completed,160611.73,0.0,28910.11,189521.84
3427,2025-11-19 14:23:20,181,4,4,Completed,295834.25,0.0,53250.17,349084.42
3428,2024-12-24 11:26:13,175,10,55,Completed,152386.62,0.0,27429.59,179816.21
3429,2026-05-22 16:49:34,220,1,46,Completed,437643.65,0.0,78775.86,516419.51
3430,2026-05-06 19:08:31,345,5,5,Completed,193086.78,0.0,34755.62,227842.4
3431,2025-09-18 19:52:26,99,10,10,Pending,395627.44,0.0,71212.94,466840.38
3432,2026-04-24 18:24:46,267,3,18,Completed,223873.4,32153.56,34509.57,226229.41
3433,2026-05-08 18:01:11,420,14,14,Cancelled,196922.47,0.0,35446.04,232368.51
3434,2026-01-10 16:23:21,95,3,3,Completed,113732.41,0.0,20471.83,134204.24
3435,2026-06-15 15:41:58,206,2,62,Completed,63505.62,0.0,11431.01,74936.63
3436,2025-12-28 19:06:11,470,12,12,Pending,596941.1,0.0,107449.4,704390.5
3437,2026-03-28 13:39:02,107,10,40,Completed,523211.38,0.0,94178.05,617389.43
3438,2025-09-28 15:11:46,307,8,8,Completed,171720.29,0.0,30909.65,202629.94
3439,2026-04-19 19:52:14,333,4,19,Completed,137559.47,0.0,24760.7,162320.17
3440,2026-06-23 11:36:58,326,14,14,Completed,441690.07,0.0,79504.21,521194.28
3441,2025-05-03 09:54:21,333,10,40,Completed,168968.55,0.0,30414.34,199382.89
3442,2026-06-19 15:02:55,246,2,32,Completed,381016.58,0.0,68582.98,449599.56
3443,2026-05-13 12:41:29,287,3,18,Completed,2783.41,0.0,501.01,3284.42
3444,2026-06-28 09:20:18,144,3,63,Completed,425359.75,0.0,76564.75,501924.5
3445,2026-04-20 17:56:28,166,8,68,Completed,486612.49,0.0,87590.25,574202.74
3446,2026-03-02 15:12:09,457,9,24,Completed,355492.58,0.0,63988.66,419481.24
3447,2025-07-24 11:26:36,339,9,9,Completed,530446.4,0.0,95480.35,625926.75
3448,2026-05-30 20:26:23,462,5,35,Completed,12662.52,1597.77,1991.65,13056.4
3449,2026-01-19 15:00:54,166,3,33,Completed,353113.22,0.0,63560.38,416673.6
3450,2026-05-09 13:28:09,420,12,12,Returned,181887.76,0.0,32739.8,214627.56
3451,2024-12-18 14:29:13,132,15,45,Completed,217145.72,0.0,39086.23,256231.95
3452,2026-03-04 16:35:57,239,12,42,Completed,120033.26,7030.55,20340.49,133343.2
3453,2026-05-23 13:26:20,8,8,8,Completed,404763.25,0.0,72857.38,477620.63
3454,2026-06-02 10:09:57,235,13,13,Completed,692878.65,0.0,124718.16,817596.81
3455,2024-07-26 17:19:09,257,10,70,Completed,255911.32,0.0,46064.04,301975.36
3456,2026-05-14 17:50:09,32,13,73,Completed,130543.72,0.0,23497.87,154041.59
3457,2026-06-01 21:24:16,352,12,12,Completed,164434.51,0.0,29598.21,194032.72
3458,2026-04-06 16:04:41,14,1,31,Completed,419747.5,43482.2,67727.75,443993.05
3459,2026-02-28 20:45:25,218,1,31,Completed,36990.57,1351.62,6415.01,42053.96
3460,2026-06-11 20:53:41,6,13,28,Completed,134035.64,14123.52,21584.18,141496.3
3461,2026-01-21 19:04:09,157,8,68,Completed,797785.4,86958.53,127948.84,838775.71
3462,2026-06-06 11:48:48,269,4,4,Returned,249220.4,0.0,44859.67,294080.07
3463,2026-04-11 14:43:43,69,9,39,Completed,239763.47,0.0,43157.42,282920.89
3464,2026-05-31 18:38:05,430,7,7,Cancelled,319214.73,0.0,57458.65,376673.38
3465,2026-05-31 17:28:00,285,11,26,Cancelled,36416.76,0.0,6555.02,42971.78
3466,2026-06-04 17:49:46,61,8,8,Returned,395045.24,0.0,71108.14,466153.38
3467,2025-12-09 11:02:30,249,14,14,Completed,133818.76,0.0,24087.38,157906.14
3468,2026-03-05 13:03:18,53,12,12,Completed,353890.85,0.0,63700.35,417591.2
3469,2026-04-26 18:24:28,218,9,39,Completed,21599.36,2106.82,3508.66,23001.2
3470,2025-11-23 10:42:03,332,15,45,Completed,408121.14,0.0,73461.81,481582.95
3471,2026-06-14 09:43:30,35,2,2,Completed,243452.76,0.0,43821.5,287274.26
3472,2026-01-18 09:46:11,55,8,68,Pending,53309.2,0.0,9595.66,62904.86
3473,2026-04-18 13:36:30,25,3,33,Completed,70003.67,9579.62,10876.33,71300.38
3474,2025-06-26 09:05:00,391,15,30,Returned,43319.84,4533.37,6981.56,45768.03
3475,2026-06-18 18:50:38,89,10,70,Completed,465267.45,64173.86,72196.85,473290.44
3476,2026-06-16 19:55:59,332,8,68,Completed,30240.99,3449.83,4822.41,31613.57
3477,2026-01-31 14:38:55,118,14,74,Completed,176323.96,18777.38,28358.38,185904.96
3478,2025-11-14 21:10:22,232,12,42,Completed,452020.79,0.0,81363.74,533384.53
3479,2026-06-26 21:47:16,340,11,41,Completed,398653.88,0.0,71757.7,470411.58
3480,2025-10-05 15:18:07,85,1,31,Completed,234472.5,0.0,42205.05,276677.55
3481,2026-06-12 09:50:50,369,4,79,Completed,179625.84,22368.82,28306.26,185563.28
3482,2026-06-21 16:59:49,188,2,32,Returned,381466.6,48813.53,59877.55,392530.62
3483,2026-06-21 21:48:25,393,4,79,Completed,222079.06,26027.83,35289.22,231340.45
3484,2026-06-03 15:34:07,395,13,73,Completed,418802.04,33133.81,69420.28,455088.51
3485,2026-06-28 14:21:31,462,7,7,Completed,192832.66,0.0,34709.88,227542.54
3486,2026-05-25 18:42:02,414,13,58,Completed,629143.56,0.0,113245.84,742389.4
3487,2026-05-27 17:32:05,267,5,50,Returned,123299.26,0.0,22193.87,145493.13
3488,2026-04-05 09:13:52,302,10,10,Completed,233850.75,10048.48,40284.41,264086.68
3489,2026-06-13 20:02:43,258,7,7,Returned,68973.13,0.0,12415.16,81388.29
3490,2026-04-10 18:39:36,131,5,35,Completed,112601.56,0.0,20268.28,132869.84
3491,2025-10-05 21:15:20,108,3,33,Completed,38689.96,0.0,6964.19,45654.15
3492,2025-08-31 10:57:07,226,12,72,Completed,247409.61,0.0,44533.73,291943.34
3493,2026-06-14 14:51:44,493,1,76,Completed,481944.08,0.0,86749.93,568694.01
3494,2026-05-31 19:27:57,493,9,39,Completed,66102.43,3828.44,11209.32,73483.31
3495,2026-01-19 18:14:52,284,11,41,Completed,365111.91,0.0,65720.14,430832.05
3496,2026-06-04 17:42:13,125,6,66,Completed,186005.83,0.0,33481.05,219486.88
3497,2025-10-26 19:17:44,338,8,68,Cancelled,217478.4,0.0,39146.11,256624.51
3498,2026-06-17 11:42:54,273,1,1,Completed,404392.36,0.0,72790.62,477182.98
3499,2026-06-22 11:00:21,80,6,66,Completed,293563.66,38852.81,45847.95,300558.8
3500,2026-06-29 18:33:55,152,9,24,Completed,235342.53,19465.44,38857.88,254734.97
3501,2026-05-17 18:09:04,248,15,15,Completed,385659.26,7211.05,68120.68,446568.89
3502,2026-06-23 13:38:46,412,5,35,Completed,521967.28,0.0,93954.11,615921.39
3503,2026-04-07 13:11:37,229,5,35,Completed,597344.21,28094.99,102464.86,671714.08
3504,2026-06-22 19:30:50,234,2,62,Completed,193178.6,0.0,34772.15,227950.75
3505,2026-04-17 16:11:31,42,5,35,Returned,133225.88,0.0,23980.66,157206.54
3506,2026-05-28 21:09:39,25,13,43,Completed,137927.24,0.0,24826.9,162754.14
3507,2026-06-22 18:58:32,93,7,52,Completed,233224.7,0.0,41980.45,275205.15
3508,2026-04-22 17:29:30,317,8,68,Returned,111103.72,0.0,19998.67,131102.39
3509,2026-06-29 16:48:18,143,6,51,Cancelled,45400.81,0.0,8172.15,53572.96
3510,2026-04-21 18:59:08,121,5,5,Completed,105166.38,0.0,18929.95,124096.33
3511,2026-02-04 09:44:21,298,12,27,Cancelled,318973.46,0.0,57415.22,376388.68
3512,2025-09-01 19:04:44,223,3,63,Completed,437482.02,0.0,78746.76,516228.78
3513,2026-06-28 18:01:07,129,7,7,Completed,359807.36,0.0,64765.32,424572.68
3514,2025-08-28 21:18:30,143,14,74,Completed,2206.8,181.76,364.51,2389.55
3515,2026-01-31 10:58:56,217,12,42,Completed,544081.6,0.0,97934.69,642016.29
3516,2026-06-20 11:45:08,185,7,67,Completed,11244.0,184.39,1990.73,13050.34
3517,2026-05-04 16:01:42,123,14,14,Completed,291041.52,0.0,52387.47,343428.99
3518,2026-05-04 14:14:06,315,5,50,Completed,521836.1,0.0,93930.5,615766.6
3519,2026-05-09 19:59:19,68,12,27,Completed,179259.18,0.0,32266.65,211525.83
3520,2026-03-17 21:56:58,28,4,79,Returned,351971.65,0.0,63354.9,415326.55
3521,2026-02-10 17:26:40,385,15,75,Completed,74227.5,0.0,13360.95,87588.45
3522,2026-05-22 15:12:55,146,5,35,Completed,28971.16,2194.6,4819.78,31596.34
3523,2026-06-16 12:34:44,413,2,32,Pending,203580.19,0.0,36644.43,240224.62
3524,2026-01-02 16:34:48,279,14,14,Completed,126543.12,0.0,22777.76,149320.88
3525,2026-05-30 14:44:56,464,7,52,Completed,136379.2,12397.71,22316.67,146298.16
3526,2026-01-04 17:25:24,319,14,74,Completed,451067.85,0.0,81192.21,532260.06
3527,2026-06-03 17:59:01,222,6,51,Completed,303357.7,0.0,54604.39,357962.09
3528,2025-12-10 11:04:10,438,9,24,Completed,274309.56,0.0,49375.72,323685.28
3529,2026-01-18 15:37:02,268,12,72,Completed,11444.04,1381.45,1811.27,11873.86
3530,2026-05-18 15:37:59,162,14,74,Completed,195720.21,0.0,35229.64,230949.85
3531,2026-06-26 17:32:56,270,13,43,Completed,201475.02,0.0,36265.5,237740.52
3532,2025-07-15 16:56:02,355,14,74,Completed,609627.35,0.0,109732.92,719360.27
3533,2026-03-06 12:53:43,23,4,4,Completed,103039.84,0.0,18547.17,121587.01
3534,2024-07-12 21:46:48,316,9,54,Completed,266630.71,30796.88,42450.09,278283.92
3535,2025-07-15 12:55:27,108,12,27,Cancelled,5669.28,540.33,923.21,6052.16
3536,2026-06-03 21:28:59,268,7,52,Returned,390678.26,0.0,70322.09,461000.35
3537,2025-09-02 15:34:44,247,9,54,Returned,455949.65,0.0,82070.94,538020.59
3538,2025-03-09 17:29:47,174,3,63,Completed,315131.63,0.0,56723.69,371855.32
3539,2025-09-21 09:32:58,15,12,27,Completed,269431.5,2729.53,48006.35,314708.32
3540,2025-11-08 10:47:00,288,4,34,Completed,29693.18,0.0,5344.77,35037.95
3541,2025-01-03 13:40:40,341,9,24,Completed,224245.42,0.0,40364.18,264609.6
3542,2026-06-05 12:21:57,446,13,43,Completed,338533.13,0.0,60935.96,399469.09
3543,2026-06-05 21:54:53,99,11,11,Completed,286779.48,0.0,51620.31,338399.79
3544,2025-08-04 13:21:13,330,12,12,Completed,98596.54,0.0,17747.38,116343.92
3545,2026-03-04 12:03:08,183,12,72,Completed,338721.91,0.0,60969.94,399691.85
3546,2026-06-19 17:22:52,113,12,27,Completed,195671.76,0.0,35220.92,230892.68
3547,2025-02-18 20:10:50,230,15,15,Completed,56193.66,2813.51,9608.43,62988.58
3548,2025-12-23 14:21:18,391,12,27,Completed,141260.25,0.0,25426.84,166687.09
3549,2026-05-17 21:28:57,267,10,40,Completed,253364.21,0.0,45605.56,298969.77
3550,2026-01-12 10:06:26,235,11,11,Completed,404753.77,58931.3,62248.04,408070.51
3551,2026-05-27 21:37:26,286,9,9,Completed,314680.38,0.0,56642.47,371322.85
3552,2026-06-28 16:14:33,443,5,35,Completed,377856.91,0.0,68014.24,445871.15
3553,2026-06-25 18:00:19,403,14,59,Cancelled,676450.46,0.0,121761.08,798211.54
3554,2026-01-23 16:47:14,143,9,39,Completed,264965.71,0.0,47693.83,312659.54
3555,2025-03-02 20:10:18,365,3,78,Completed,21493.79,0.0,3868.88,25362.67
3556,2026-06-30 20:28:01,170,6,66,Pending,292595.75,7011.9,51405.09,336988.94
3557,2026-06-10 19:39:16,435,7,7,Cancelled,175950.98,0.0,31671.18,207622.16
3558,2026-01-23 13:10:26,299,14,74,Returned,64046.34,2399.28,11096.47,72743.53
3559,2026-06-30 18:20:13,250,7,7,Completed,368620.65,0.0,66351.72,434972.37
3560,2025-10-30 12:36:32,66,12,12,Pending,549205.11,6175.68,97745.3,640774.73
3561,2026-03-19 21:24:09,61,4,79,Completed,155156.58,3795.81,27244.94,178605.71
3562,2026-06-18 18:03:20,127,6,66,Returned,389754.07,44956.31,62063.6,406861.36
3563,2026-05-08 17:43:01,281,13,13,Cancelled,177495.62,0.0,31949.21,209444.83
3564,2025-09-20 16:17:53,188,14,14,Completed,231072.44,27766.3,36595.11,239901.25
3565,2026-05-27 11:40:41,167,7,52,Completed,281802.53,0.0,50724.46,332526.99
3566,2025-09-29 14:59:24,85,9,54,Completed,254828.2,31322.51,40231.02,263736.71
3567,2026-03-26 16:44:58,221,11,41,Completed,30676.08,0.0,5521.69,36197.77
3568,2026-06-09 14:36:21,460,5,35,Completed,225805.24,0.0,40644.94,266450.18
3569,2026-06-29 14:20:57,190,6,6,Completed,273544.19,0.0,49237.95,322782.14
3570,2025-12-02 18:45:40,353,11,26,Completed,40446.28,0.0,7280.33,47726.61
3571,2026-05-23 13:57:04,59,5,50,Completed,372800.3,0.0,67104.05,439904.35
3572,2026-06-23 14:08:47,320,6,21,Completed,38539.35,0.0,6937.08,45476.43
3573,2026-06-26 09:29:57,460,6,21,Completed,273818.32,0.0,49287.3,323105.62
3574,2026-06-14 21:48:04,272,11,41,Completed,75537.25,10896.77,11635.29,76275.77
3575,2026-06-19 10:19:53,161,2,2,Completed,340852.53,29390.19,56063.22,367525.56
3576,2026-06-12 14:09:03,252,5,50,Completed,68189.75,0.0,12274.15,80463.9
3577,2026-06-05 19:24:48,21,13,28,Completed,410055.62,0.0,73810.01,483865.63
3578,2025-07-30 17:46:49,135,8,8,Completed,739633.66,0.0,133134.06,872767.72
3579,2026-01-06 19:54:15,154,1,16,Completed,54414.06,0.0,9794.53,64208.59
3580,2026-06-23 13:00:47,480,2,32,Completed,972643.61,0.0,175075.85,1147719.46
3581,2025-07-26 13:41:53,299,4,79,Completed,342878.8,20695.93,57992.92,380175.79
3582,2025-09-16 11:51:45,12,10,55,Completed,167222.45,0.0,30100.04,197322.49
3583,2025-04-24 20:53:42,283,15,15,Completed,38411.56,3947.4,6203.55,40667.71
3584,2026-06-13 18:03:45,245,10,55,Pending,178977.96,15379.6,29447.7,193046.06
3585,2026-06-12 10:08:51,474,14,59,Returned,95905.16,0.0,17262.93,113168.09
3586,2026-04-23 13:26:00,122,15,30,Completed,222936.26,0.0,40128.53,263064.79
3587,2024-12-09 12:51:19,461,10,10,Completed,388284.87,0.0,69891.28,458176.15
3588,2026-06-30 17:45:23,374,4,34,Completed,359608.24,0.0,64729.48,424337.72
3589,2026-03-18 11:57:29,104,4,79,Completed,213837.2,0.0,38490.7,252327.9
3590,2026-06-29 12:18:52,213,2,32,Completed,101350.47,0.0,18243.08,119593.55
3591,2026-06-14 21:10:39,394,2,32,Completed,165882.69,9257.88,28192.47,184817.28
3592,2026-04-30 10:14:02,357,12,27,Completed,298571.43,14160.41,51193.98,335605.0
3593,2025-11-02 11:39:33,304,14,59,Cancelled,279924.5,0.0,50386.41,330310.91
3594,2026-05-07 15:43:26,26,9,9,Completed,354151.06,48346.48,55044.82,360849.4
3595,2026-04-02 18:06:43,185,3,18,Completed,162980.87,0.0,29336.56,192317.43
3596,2025-02-16 10:42:13,303,1,61,Completed,57002.12,4910.52,9376.49,61468.09
3597,2024-12-22 16:09:14,201,9,24,Completed,63443.36,0.0,11419.8,74863.16
3598,2026-05-24 16:03:19,452,14,74,Cancelled,624675.06,51577.5,103157.56,676255.12
3599,2026-04-29 10:00:54,365,15,15,Completed,688074.23,0.0,123853.36,811927.59
3600,2026-05-18 10:56:32,354,9,9,Completed,415189.79,0.0,74734.16,489923.95
3601,2026-05-18 09:07:15,246,5,5,Returned,18204.14,0.0,3276.75,21480.89
3602,2026-05-06 12:17:51,401,3,3,Completed,192895.01,0.0,34721.1,227616.11
3603,2026-06-26 10:16:57,189,7,7,Completed,134616.4,0.0,24230.95,158847.35
3604,2026-05-29 20:31:29,395,7,52,Completed,583322.6,0.0,104998.07,688320.67
3605,2026-05-24 19:29:09,361,3,33,Completed,365114.6,0.0,65720.63,430835.23
3606,2026-06-08 10:25:01,423,7,67,Completed,122404.55,0.0,22032.82,144437.37
3607,2026-06-23 20:04:05,340,8,68,Returned,63755.52,6779.96,10255.6,67231.16
3608,2026-05-13 09:20:49,437,11,41,Completed,218933.63,0.0,39408.05,258341.68
3609,2025-10-21 21:54:36,387,8,8,Completed,475060.3,0.0,85510.85,560571.15
3610,2026-05-09 15:25:55,441,13,28,Completed,585196.93,0.0,105335.45,690532.38
3611,2026-06-13 18:55:53,7,6,51,Cancelled,21659.92,0.0,3898.79,25558.71
3612,2026-03-04 20:08:49,204,11,41,Completed,198307.29,28159.37,30626.63,200774.55
3613,2025-07-31 16:06:47,354,8,8,Completed,235215.09,0.0,42338.72,277553.81
3614,2026-06-03 09:37:31,268,14,14,Completed,149516.75,0.0,26913.01,176429.76
3615,2026-04-13 17:26:12,34,5,50,Returned,394490.03,0.0,71008.21,465498.24
3616,2026-04-10 21:48:25,111,5,5,Completed,459459.93,0.0,82702.79,542162.72
3617,2026-05-24 13:56:44,274,13,58,Completed,155916.26,0.0,28064.93,183981.19
3618,2026-06-29 19:10:15,270,9,24,Completed,461206.52,29205.45,77760.19,509761.26
3619,2026-04-28 16:11:09,308,12,12,Completed,352502.5,0.0,63450.45,415952.95
3620,2026-06-22 14:35:21,456,6,21,Completed,244692.8,0.0,44044.7,288737.5
3621,2026-06-07 18:49:07,183,6,6,Completed,279863.65,0.0,50375.46,330239.11
3622,2026-06-08 13:33:55,489,7,7,Completed,72833.52,0.0,13110.03,85943.55
3623,2026-05-30 17:35:58,385,4,79,Completed,172436.32,0.0,31038.54,203474.86
3624,2026-04-26 18:53:40,364,8,8,Returned,92621.83,0.0,16671.93,109293.76
3625,2025-06-19 13:44:15,488,4,4,Completed,530812.52,0.0,95546.25,626358.77
3626,2026-06-14 15:57:51,225,6,51,Completed,435165.52,0.0,78329.79,513495.31
3627,2026-06-22 13:06:25,221,12,57,Completed,93417.88,0.0,16815.22,110233.1
3628,2026-06-15 15:14:06,393,2,32,Completed,205067.66,0.0,36912.18,241979.84
3629,2026-06-25 16:30:25,177,15,30,Pending,158762.87,2730.78,28085.78,184117.87
3630,2026-06-01 17:06:07,134,6,51,Completed,37124.57,0.0,6682.42,43806.99
3631,2026-05-24 16:11:34,138,5,5,Completed,279461.5,0.0,50303.07,329764.57
3632,2026-01-17 10:04:26,160,12,27,Completed,96134.65,0.0,17304.24,113438.89
3633,2026-06-26 09:55:12,61,2,47,Completed,112293.24,0.0,20212.78,132506.02
3634,2026-06-19 15:47:47,39,2,77,Pending,101218.32,11568.09,16137.04,105787.27
3635,2026-06-23 19:17:24,171,6,51,Cancelled,222589.07,0.0,40066.03,262655.1
3636,2026-05-27 17:15:24,466,5,5,Completed,149013.92,0.0,26822.51,175836.43
3637,2026-05-31 16:05:17,131,15,30,Completed,127757.34,0.0,22996.32,150753.66
3638,2026-05-11 19:43:20,102,5,50,Completed,5500.88,679.69,867.81,5689.0
3639,2025-10-10 19:26:50,174,14,74,Completed,54041.65,4584.16,8902.35,58359.84
3640,2026-06-07 10:05:38,5,4,4,Cancelled,21281.32,0.0,3830.64,25111.96
3641,2025-11-15 21:09:14,330,3,18,Cancelled,640185.87,0.0,115233.46,755419.33
3642,2026-06-05 13:43:08,193,13,73,Completed,29519.64,0.0,5313.54,34833.18
3643,2026-05-05 20:55:51,334,14,74,Completed,286286.3,0.0,51531.53,337817.83
3644,2026-01-29 14:42:50,409,9,24,Completed,258799.06,0.0,46583.83,305382.89
3645,2026-05-31 19:40:28,483,10,55,Pending,30993.95,2622.28,5106.9,33478.57
3646,2026-01-01 09:49:45,405,10,40,Completed,395690.23,0.0,71224.24,466914.47
3647,2026-06-18 09:34:07,44,7,67,Completed,90945.1,0.0,16370.12,107315.22
3648,2026-06-29 21:49:01,211,13,43,Returned,248653.64,36407.92,38204.23,250449.95
3649,2026-03-08 13:12:55,418,9,39,Completed,98293.17,13643.63,15236.92,99886.46
3650,2026-03-13 09:44:26,243,14,59,Completed,154813.15,0.0,27866.37,182679.52
3651,2026-06-05 18:21:56,250,15,45,Completed,7634.56,500.08,1284.21,8418.69
3652,2026-06-13 14:16:18,157,13,28,Completed,353058.76,0.0,63550.58,416609.34
3653,2026-06-16 13:08:53,199,7,67,Completed,378061.53,0.0,68051.08,446112.61
3654,2026-06-28 20:44:22,380,13,58,Completed,166051.46,0.0,29889.26,195940.72
3655,2025-10-11 17:00:00,67,8,23,Completed,597232.23,18115.68,104240.98,683357.53
3656,2026-05-12 16:13:17,496,15,15,Completed,288987.67,0.0,52017.78,341005.45
3657,2026-04-02 18:11:14,297,11,26,Completed,64528.06,0.0,11615.05,76143.11
3658,2026-06-07 12:35:14,61,14,59,Completed,422822.19,43897.95,68206.36,447130.6
3659,2026-06-11 18:31:45,217,5,50,Completed,474953.9,0.0,85491.7,560445.6
3660,2025-11-11 10:28:00,490,11,11,Completed,289666.01,0.0,52139.88,341805.89
3661,2026-06-23 19:41:21,495,2,32,Completed,862470.6,0.0,155244.71,1017715.31
3662,2026-06-15 13:55:49,488,2,32,Returned,107515.72,0.0,19352.83,126868.55
3663,2026-05-13 10:44:58,290,5,50,Completed,3793.98,543.77,585.04,3835.25
3664,2026-06-10 14:45:22,89,11,41,Completed,523397.24,0.0,94211.5,617608.74
3665,2026-06-01 12:30:10,404,15,30,Completed,340170.03,0.0,61230.61,401400.64
3666,2026-01-16 15:42:31,415,8,68,Returned,686086.13,0.0,123495.5,809581.63
3667,2026-06-15 11:26:56,285,2,32,Completed,179658.22,0.0,32338.48,211996.7
3668,2026-06-29 20:30:06,141,11,26,Completed,369867.76,0.0,66576.2,436443.96
3669,2025-01-07 17:55:29,175,9,24,Cancelled,543151.15,34044.16,91639.26,600746.25
3670,2026-06-03 20:59:00,346,15,45,Completed,379615.88,0.0,68330.86,447946.74
3671,2026-06-27 10:04:19,296,2,2,Cancelled,281264.95,9927.95,48840.66,320177.66
3672,2026-06-29 10:06:37,132,5,35,Completed,52729.56,1959.85,9138.55,59908.26
3673,2026-04-08 14:51:19,124,1,61,Completed,709557.38,0.0,127720.33,837277.71
3674,2026-06-07 20:52:49,393,5,35,Completed,197677.5,0.0,35581.95,233259.45
3675,2025-02-19 12:31:46,470,9,39,Completed,353323.25,0.0,63598.18,416921.43
3676,2026-06-09 16:00:03,497,5,50,Completed,217273.44,0.0,39109.22,256382.66
3677,2026-05-28 11:21:15,287,15,15,Completed,321796.18,0.0,57923.31,379719.49
3678,2026-06-16 21:41:46,477,2,32,Completed,643321.85,0.0,115797.93,759119.78
3679,2025-12-25 21:10:25,425,1,61,Completed,121280.31,13967.65,19316.28,126628.94
3680,2026-06-03 15:42:25,498,10,10,Completed,46390.24,0.0,8350.24,54740.48
3681,2026-03-18 14:58:46,10,3,78,Completed,46894.5,0.0,8441.01,55335.51
3682,2026-06-12 10:26:19,282,4,34,Completed,532482.24,12017.02,93683.74,614148.96
3683,2026-02-12 10:49:45,423,11,41,Pending,410576.1,52659.07,64425.07,422342.1
3684,2025-04-02 21:47:37,8,4,79,Completed,96028.9,7200.8,15989.06,104817.16
3685,2025-11-19 16:33:49,11,8,8,Returned,189853.51,12380.3,31945.18,209418.39
3686,2026-03-24 21:51:37,324,9,54,Completed,209020.42,0.0,37623.68,246644.1
3687,2026-06-13 18:56:56,19,8,68,Completed,107244.44,0.0,19304.0,126548.44
3688,2026-06-22 11:43:44,140,9,39,Completed,240842.77,0.0,43351.7,284194.47
3689,2026-06-28 16:55:26,252,12,42,Cancelled,56483.44,0.0,10167.02,66650.46
3690,2026-02-18 09:54:30,91,10,70,Completed,27097.37,0.0,4877.53,31974.9
3691,2026-05-03 14:25:20,345,14,59,Completed,541577.12,0.0,97483.88,639061.0
3692,2026-01-17 19:17:05,219,8,23,Completed,45571.21,0.0,8202.82,53774.03
3693,2026-06-22 16:37:17,262,3,78,Completed,472452.76,0.0,85041.5,557494.26
3694,2026-06-28 21:02:12,296,6,6,Completed,382192.42,0.0,68794.64,450987.06
3695,2025-02-27 11:27:11,392,3,18,Returned,362737.23,53719.19,55623.25,364641.29
3696,2025-05-09 20:24:42,116,1,16,Cancelled,46356.62,0.0,8344.19,54700.81
3697,2026-06-30 14:28:14,131,6,21,Completed,29201.8,3202.38,4679.9,30679.32
3698,2025-09-14 21:49:52,314,15,15,Completed,121267.44,0.0,21828.14,143095.58
3699,2025-11-16 12:21:05,390,1,76,Completed,640440.47,32463.39,109435.87,717412.95
3700,2025-06-12 16:25:47,176,3,18,Completed,203980.62,0.0,36716.51,240697.13
3701,2026-06-24 17:12:30,63,3,33,Completed,315340.27,9305.56,55086.25,361120.96
3702,2026-05-23 20:51:22,295,10,10,Completed,757946.07,0.0,136430.29,894376.36
3703,2026-04-03 21:26:38,451,4,79,Cancelled,829597.24,0.0,149327.5,978924.74
3704,2026-06-15 12:13:16,100,3,63,Completed,166508.97,5214.15,29033.07,190327.89
3705,2026-06-18 21:49:33,273,6,66,Completed,96146.08,0.0,17306.29,113452.37
3706,2026-05-08 19:11:11,72,15,30,Completed,153615.04,0.0,27650.71,181265.75
3707,2026-01-20 12:51:14,297,4,4,Completed,101472.97,0.0,18265.13,119738.1
3708,2026-05-06 17:44:37,423,13,13,Completed,349394.33,0.0,62890.98,412285.31
3709,2025-07-26 12:47:28,336,4,34,Pending,44008.33,0.0,7921.5,51929.83
3710,2025-10-20 19:07:40,102,4,19,Returned,317742.66,0.0,57193.68,374936.34
3711,2026-05-19 17:17:23,455,13,73,Completed,556900.3,0.0,100242.05,657142.35
3712,2026-06-25 19:31:57,393,2,32,Completed,588208.9,0.0,105877.6,694086.5
3713,2025-12-31 12:28:06,473,1,31,Completed,227753.04,0.0,40995.55,268748.59
3714,2026-06-23 19:07:30,411,12,42,Cancelled,321644.49,20562.4,54194.78,355276.87
3715,2026-06-19 09:57:41,293,11,26,Completed,319985.2,25678.83,52975.15,347281.52
3716,2026-06-10 13:46:53,152,6,51,Returned,164951.64,0.0,29691.3,194642.94
3717,2026-06-22 20:34:50,50,6,66,Completed,565900.4,17393.99,98731.15,647237.56
3718,2026-02-17 13:01:20,318,11,11,Completed,255549.48,0.0,45998.91,301548.39
3719,2025-12-18 19:38:27,75,11,26,Completed,373769.16,13430.29,64861.0,425199.87
3720,2026-04-21 20:08:33,186,10,40,Returned,710013.43,54059.5,118071.71,774025.64
3721,2025-11-07 12:38:29,110,11,41,Completed,49154.27,0.0,8847.77,58002.04
3722,2026-06-26 17:55:13,311,8,68,Completed,82064.69,0.0,14771.64,96836.33
3723,2025-07-18 12:10:06,42,12,42,Completed,151672.9,0.0,27301.12,178974.02
3724,2026-06-27 19:26:22,192,13,73,Completed,165178.04,0.0,29732.05,194910.09
3725,2026-06-18 14:00:25,400,2,2,Completed,259746.99,31880.25,41016.01,268882.75
3726,2026-05-27 19:49:02,449,15,75,Completed,132204.86,0.0,23796.87,156001.73
3727,2026-03-10 15:30:05,235,4,34,Completed,305960.42,0.0,55072.88,361033.3
3728,2026-01-16 11:35:37,425,10,70,Completed,255821.24,12794.89,43744.74,286771.09
3729,2026-06-21 17:21:11,316,2,2,Completed,101151.6,0.0,18207.29,119358.89
3730,2025-10-11 11:06:20,439,8,23,Completed,265005.57,34695.14,41455.88,271766.31
3731,2026-06-23 13:13:36,389,7,7,Returned,349871.51,0.0,62976.87,412848.38
3732,2026-02-06 14:58:38,213,4,34,Completed,51987.79,4804.82,8492.93,55675.9
3733,2025-04-24 21:47:18,103,9,39,Completed,131396.94,2986.77,23113.83,151524.0
3734,2026-05-18 10:30:03,223,13,43,Completed,159401.2,0.0,28692.22,188093.42
3735,2025-03-11 20:54:05,112,1,1,Pending,450379.97,0.0,81068.39,531448.36
3736,2026-01-16 15:42:24,75,12,57,Completed,214161.4,0.0,38549.05,252710.45
3737,2025-11-10 19:50:29,381,3,33,Completed,259712.9,0.0,46748.32,306461.22
3738,2026-01-06 20:13:18,361,14,14,Completed,246056.75,0.0,44290.21,290346.96
3739,2026-05-04 18:04:27,232,5,50,Completed,315075.97,0.0,56713.67,371789.64
3740,2026-06-26 10:02:38,3,13,13,Pending,209060.16,0.0,37630.83,246690.99
3741,2026-04-12 20:46:01,281,9,54,Completed,549896.32,65724.49,87150.93,571322.76
3742,2026-03-03 15:19:19,107,14,74,Returned,238297.42,0.0,42893.54,281190.96
3743,2026-06-11 19:44:12,230,13,73,Completed,32264.85,3813.72,5121.2,33572.33
3744,2026-06-21 13:05:30,264,6,51,Returned,492329.51,0.0,88619.31,580948.82
3745,2026-04-11 09:38:12,408,1,61,Returned,374048.09,0.0,67328.66,441376.75
3746,2026-06-18 19:35:06,471,7,52,Pending,284091.38,0.0,51136.45,335227.83
3747,2026-06-27 12:45:17,180,13,58,Completed,487622.0,0.0,87771.96,575393.96
3748,2026-05-11 16:50:13,493,10,55,Completed,611692.3,0.0,110104.61,721796.91
3749,2026-06-12 17:56:03,496,4,79,Completed,337556.71,0.0,60760.21,398316.92
3750,2026-06-21 17:36:01,403,15,45,Completed,179141.92,0.0,32245.55,211387.47
3751,2026-05-31 17:12:28,200,7,52,Completed,309885.67,0.0,55779.42,365665.09
3752,2026-06-03 16:05:37,458,5,50,Completed,174553.7,4995.57,30520.46,200078.59
3753,2026-06-08 13:15:52,386,9,24,Returned,194875.27,0.0,35077.55,229952.82
3754,2025-12-04 14:39:13,23,10,70,Completed,406794.73,50625.92,64110.39,420279.2
3755,2025-11-02 11:15:02,203,3,33,Completed,37796.34,0.0,6803.34,44599.68
3756,2026-06-28 15:17:25,293,11,41,Completed,411786.78,0.0,74121.62,485908.4
3757,2026-01-04 12:19:49,488,11,11,Completed,243384.42,0.0,43809.2,287193.62
3758,2026-05-28 18:21:11,184,5,50,Returned,255859.27,0.0,46054.67,301913.94
3759,2026-03-09 15:02:52,96,14,14,Completed,186105.95,9913.2,31714.69,207907.44
3760,2026-06-30 17:02:13,232,2,2,Completed,271875.61,0.0,48937.61,320813.22
3761,2026-06-13 15:27:00,159,7,67,Completed,378293.63,0.0,68092.85,446386.48
3762,2026-06-20 16:25:16,301,13,13,Completed,354009.07,4035.01,62995.33,412969.39
3763,2026-06-02 19:47:56,236,7,67,Completed,251301.78,26294.33,40501.34,265508.79
3764,2024-07-14 21:21:02,42,3,18,Returned,415455.37,37778.56,67981.83,445658.64
3765,2026-05-13 20:20:22,122,12,72,Completed,891061.54,0.0,160391.08,1051452.62
3766,2025-08-11 19:36:57,210,12,72,Returned,139806.06,20443.12,21485.33,140848.27
3767,2026-06-25 14:33:38,22,13,43,Returned,238673.53,6850.95,41728.06,273550.64
3768,2026-06-28 17:26:45,111,6,21,Completed,321204.58,0.0,57816.82,379021.4
3769,2025-04-28 17:20:20,206,1,1,Returned,340109.45,0.0,61219.7,401329.15
3770,2026-06-04 18:21:50,393,14,14,Completed,840409.63,0.0,151273.73,991683.36
3771,2026-05-06 10:56:56,99,13,73,Pending,370141.29,12740.47,64332.15,421732.97
3772,2025-06-09 16:06:34,95,14,59,Completed,60982.13,0.0,10976.78,71958.91
3773,2026-02-14 20:58:41,192,9,9,Completed,273869.25,0.0,49296.46,323165.71
3774,2026-06-18 21:37:07,307,5,50,Completed,419273.75,0.0,75469.27,494743.02
3775,2026-02-01 09:56:22,206,11,41,Completed,130715.78,0.0,23528.84,154244.62
3776,2026-06-21 18:26:34,295,2,77,Completed,378416.23,24313.05,63738.57,417841.75
3777,2026-06-26 10:30:00,257,7,67,Completed,248963.52,0.0,44813.43,293776.95
3778,2026-04-25 18:54:13,329,5,50,Completed,239470.22,0.0,43104.64,282574.86
3779,2026-04-27 09:31:58,385,14,74,Completed,229450.21,30358.21,35836.56,234928.56
3780,2025-05-29 11:37:14,52,10,70,Completed,118722.97,0.0,21370.13,140093.1
3781,2026-06-22 18:22:10,72,2,32,Cancelled,5500.88,0.0,990.16,6491.04
3782,2026-06-25 19:03:52,22,10,55,Completed,82185.66,0.0,14793.42,96979.08
3783,2026-06-25 16:31:23,447,11,11,Completed,17503.4,0.0,3150.61,20654.01
3784,2026-06-23 13:34:00,179,7,7,Completed,322723.29,0.0,58090.19,380813.48
3785,2026-06-27 21:47:08,55,2,32,Completed,231260.07,0.0,41626.81,272886.88
3786,2025-10-13 18:53:23,333,4,4,Cancelled,568207.57,75446.21,88697.04,581458.4
3787,2026-06-22 10:10:07,220,6,66,Completed,443298.69,29775.81,74434.12,487957.0
3788,2026-01-07 17:05:57,221,1,76,Completed,262792.45,0.0,47302.64,310095.09
3789,2026-06-28 18:54:38,374,3,18,Completed,257238.53,0.0,46302.94,303541.47
3790,2025-08-10 14:37:55,101,1,16,Completed,224586.48,0.0,40425.57,265012.05
3791,2025-09-24 09:27:50,394,8,68,Completed,56252.99,0.0,10125.54,66378.53
3792,2026-06-27 19:21:38,59,13,43,Completed,107415.75,0.0,19334.83,126750.58
3793,2026-06-24 18:54:52,337,12,72,Completed,597489.07,62241.81,96344.51,631591.77
3794,2026-06-02 10:36:48,11,15,75,Completed,154929.54,0.0,27887.32,182816.86
3795,2026-04-02 09:22:10,281,1,31,Completed,655375.83,0.0,117967.65,773343.48
3796,2026-06-28 12:50:27,73,13,13,Pending,214435.11,14531.05,35982.73,235886.79
3797,2026-06-26 10:44:56,63,7,52,Completed,79612.69,4181.84,13577.55,89008.4
3798,2026-05-29 09:56:34,7,5,35,Completed,275060.22,19466.67,46006.84,301600.39
3799,2026-05-29 10:16:02,355,10,70,Completed,407376.04,0.0,73327.69,480703.73
3800,2025-01-23 15:36:20,283,14,14,Returned,346540.46,0.0,62377.28,408917.74
3801,2026-01-04 15:00:37,290,15,45,Completed,216464.39,0.0,38963.59,255427.98
3802,2026-03-20 09:26:52,436,12,42,Completed,160336.52,0.0,28860.57,189197.09
3803,2026-01-07 15:27:38,484,8,23,Completed,316736.36,0.0,57012.54,373748.9
3804,2026-02-07 19:02:31,351,10,55,Completed,353099.5,0.0,63557.91,416657.41
3805,2026-05-16 11:42:39,312,5,5,Completed,159811.46,0.0,28766.06,188577.52
3806,2026-04-07 19:28:58,149,10,55,Completed,434165.66,0.0,78149.82,512315.48
3807,2026-06-21 13:29:25,162,14,14,Completed,308635.91,0.0,55554.46,364190.37
3808,2026-06-25 12:02:06,310,2,77,Completed,29590.01,0.0,5326.2,34916.21
3809,2026-04-24 17:40:25,439,5,35,Completed,375257.78,0.0,67546.4,442804.18
3810,2026-02-02 17:20:37,151,11,41,Completed,33239.61,2401.7,5550.82,36388.73
3811,2026-05-14 18:51:28,69,13,58,Cancelled,379150.19,0.0,68247.03,447397.22
3812,2026-06-26 11:49:46,44,2,62,Completed,92566.27,0.0,16661.93,109228.2
3813,2025-08-19 18:33:08,223,1,16,Completed,255486.66,0.0,45987.6,301474.26
3814,2026-06-21 16:41:02,482,7,67,Completed,326014.04,44443.99,50682.61,332252.66
3815,2026-06-26 20:31:52,190,7,7,Completed,111897.78,12979.41,17805.31,116723.68
3816,2026-06-21 14:52:59,23,3,3,Completed,211449.04,0.0,38060.83,249509.87
3817,2025-12-05 14:09:17,68,4,4,Completed,56927.09,0.0,10246.88,67173.97
3818,2026-06-11 20:24:53,104,6,21,Pending,123390.7,17149.73,19123.37,125364.34
3819,2026-06-20 15:56:04,267,6,51,Completed,143414.5,0.0,25814.61,169229.11
3820,2026-06-11 21:09:00,56,6,6,Completed,319206.05,42402.86,49824.57,326627.76
3821,2026-03-21 12:49:05,465,12,27,Completed,227708.36,0.0,40987.5,268695.86
3822,2026-04-24 15:01:21,61,9,39,Completed,132308.49,0.0,23815.53,156124.02
3823,2026-01-26 19:09:15,425,10,40,Completed,97336.98,0.0,17520.66,114857.64
3824,2026-05-08 18:05:56,372,12,12,Completed,248431.62,0.0,44717.69,293149.31
3825,2025-12-06 20:14:46,450,10,55,Completed,219490.96,0.0,39508.37,258999.33
3826,2026-06-28 21:04:17,417,5,50,Completed,782823.14,86156.8,125399.94,822066.28
3827,2026-06-01 12:16:44,414,15,75,Completed,58902.22,5825.28,9553.85,62630.79
3828,2026-06-20 16:37:48,440,4,79,Completed,116919.85,7893.1,19624.81,128651.56
3829,2024-07-19 21:09:06,353,14,59,Completed,152595.64,0.0,27467.22,180062.86
3830,2024-11-24 10:13:31,219,15,30,Completed,204063.65,0.0,36731.46,240795.11
3831,2026-05-09 10:32:06,290,14,74,Completed,170428.67,10256.38,28831.01,189003.3
3832,2026-05-07 15:09:55,492,1,76,Completed,78719.05,0.0,14169.43,92888.48
3833,2026-06-24 17:49:39,499,7,52,Completed,221119.52,0.0,39801.51,260921.03
3834,2026-06-18 14:23:32,223,13,28,Completed,30676.08,0.0,5521.69,36197.77
3835,2026-04-23 15:13:49,498,5,35,Completed,140007.68,0.0,25201.38,165209.06
3836,2025-06-13 20:48:31,258,9,24,Completed,212108.74,0.0,38179.57,250288.31
3837,2026-06-10 20:11:08,77,6,51,Completed,90216.12,0.0,16238.9,106455.02
3838,2026-06-03 16:33:43,104,6,6,Completed,386458.61,0.0,69562.55,456021.16
3839,2026-02-24 09:15:16,96,9,9,Completed,253773.36,0.0,45679.2,299452.56
3840,2026-05-02 16:10:00,118,9,24,Returned,192283.7,0.0,34611.07,226894.77
3841,2026-06-22 15:58:24,226,7,52,Completed,122114.75,0.0,21980.65,144095.4
3842,2026-06-30 16:19:20,273,3,78,Completed,114270.45,0.0,20568.68,134839.13
3843,2026-01-08 20:42:08,424,9,54,Completed,10958.09,0.0,1972.46,12930.55
3844,2026-06-03 19:53:52,242,6,21,Completed,67043.5,0.0,12067.83,79111.33
3845,2026-06-18 18:12:06,467,7,67,Completed,119514.0,0.0,21512.52,141026.52
3846,2026-05-05 11:06:42,385,12,27,Returned,564292.04,0.0,101572.57,665864.61
3847,2026-06-24 10:16:50,247,14,59,Cancelled,239570.16,2949.66,42591.69,279212.19
3848,2026-06-17 09:51:24,113,1,76,Completed,60144.8,0.0,10826.06,70970.86
3849,2026-04-25 18:50:55,473,5,35,Completed,26970.33,0.0,4854.66,31824.99
3850,2026-06-05 13:17:59,477,5,35,Completed,311415.91,0.0,56054.86,367470.77
3851,2025-08-16 21:07:43,36,10,70,Completed,38689.96,4358.73,6179.62,40510.85
3852,2026-05-29 21:37:59,117,4,19,Completed,56119.04,7951.25,8670.2,56837.99
3853,2026-06-24 09:05:01,319,7,67,Completed,174446.16,15516.69,28607.3,187536.77
3854,2025-07-22 13:19:38,383,4,34,Completed,215593.64,0.0,38806.86,254400.5
3855,2026-06-30 14:52:35,187,12,72,Completed,67898.46,6614.2,11031.17,72315.43
3856,2026-06-30 17:05:53,321,2,77,Cancelled,193670.61,0.0,34860.71,228531.32
3857,2026-06-03 10:23:36,263,7,7,Completed,1014375.8,0.0,182587.64,1196963.44
3858,2024-11-20 16:27:58,256,10,55,Returned,432784.64,20775.51,74161.64,486170.77
3859,2026-05-11 09:58:13,66,8,23,Completed,89558.85,0.0,16120.59,105679.44
3860,2026-05-23 18:20:16,83,3,18,Completed,180816.05,0.0,32546.89,213362.94
3861,2025-07-18 13:28:13,476,15,75,Completed,115967.8,0.0,20874.2,136842.0
3862,2025-10-26 21:25:35,160,12,72,Returned,284521.28,0.0,51213.83,335735.11
3863,2026-05-21 13:00:29,236,8,68,Pending,323759.51,0.0,58276.71,382036.22
3864,2026-06-17 15:00:00,207,7,52,Completed,426863.24,0.0,76835.38,503698.62
3865,2026-06-03 11:54:35,231,7,67,Completed,341353.38,0.0,61443.61,402796.99
3866,2025-05-08 10:37:53,62,14,14,Completed,123813.9,14458.94,19683.89,129038.85
3867,2025-12-25 17:10:30,440,14,74,Completed,334075.15,0.0,60133.53,394208.68
3868,2026-05-14 15:16:45,134,13,58,Completed,31529.53,0.0,5675.32,37204.85
3869,2025-08-06 13:46:49,307,4,19,Completed,167395.7,0.0,30131.23,197526.93
3870,2026-06-19 19:48:02,301,14,59,Completed,67064.4,8581.82,10526.86,69009.44
3871,2025-11-06 13:34:22,206,11,26,Returned,233847.55,0.0,42092.56,275940.11
3872,2025-11-14 19:58:16,49,3,18,Returned,166736.8,13243.28,27628.83,181122.35
3873,2026-06-17 17:05:07,175,9,39,Cancelled,273345.39,33155.5,43234.18,283424.07
3874,2026-05-21 10:09:16,337,5,35,Completed,641100.19,0.0,115398.03,756498.22
3875,2026-05-31 12:29:35,15,14,59,Completed,122518.1,6805.65,20828.24,136540.69
3876,2026-05-25 17:45:46,243,13,13,Cancelled,173325.65,0.0,31198.62,204524.27
3877,2026-06-28 10:05:44,405,7,52,Completed,114270.95,0.0,20568.77,134839.72
3878,2025-10-18 20:52:35,174,10,55,Completed,246480.11,0.0,44366.42,290846.53
3879,2026-06-06 10:39:15,364,6,51,Completed,328788.54,0.0,59181.94,387970.48
3880,2025-08-03 21:54:26,387,4,4,Completed,488875.5,0.0,87997.59,576873.09
3881,2026-06-26 11:31:25,353,7,52,Completed,663195.45,0.0,119375.18,782570.63
3882,2026-05-05 14:36:13,267,8,23,Completed,567231.93,0.0,102101.75,669333.68
3883,2026-06-08 21:19:05,287,7,7,Completed,252630.73,0.0,45473.53,298104.26
3884,2026-06-25 12:49:52,305,2,77,Returned,240325.61,20326.65,39599.81,259598.77
3885,2025-10-18 15:50:31,13,9,39,Completed,259806.96,0.0,46765.25,306572.21
3886,2026-03-11 21:31:54,99,4,4,Completed,211664.11,0.0,38099.54,249763.65
3887,2025-04-10 10:04:05,187,14,14,Completed,86129.43,0.0,15503.3,101632.73
3888,2026-06-17 09:19:18,55,6,51,Completed,163437.16,0.0,29418.69,192855.85
3889,2026-06-26 18:10:48,102,7,52,Completed,310665.33,20326.61,52260.97,342599.69
3890,2024-06-03 09:55:46,300,10,10,Completed,512221.7,0.0,92199.91,604421.61
3891,2026-06-22 16:45:38,202,2,62,Pending,639.0,56.54,104.84,687.3
3892,2026-04-01 18:05:21,430,11,41,Returned,165296.68,0.0,29753.4,195050.08
3893,2026-01-06 16:39:36,247,4,4,Completed,26314.0,0.0,4736.52,31050.52
3894,2025-11-15 11:02:37,342,4,79,Completed,107996.8,0.0,19439.42,127436.22
3895,2026-06-13 12:29:11,61,1,16,Completed,94618.9,0.0,17031.4,111650.3
3896,2025-11-12 14:32:51,115,11,11,Completed,38943.64,0.0,7009.86,45953.5
3897,2026-03-06 14:39:30,290,8,8,Completed,177973.62,0.0,32035.25,210008.87
3898,2026-05-29 19:28:39,433,13,43,Returned,206546.43,0.0,37178.36,243724.79
3899,2026-03-15 09:07:07,394,15,75,Completed,215290.59,0.0,38752.31,254042.9
3900,2025-11-22 16:43:31,158,11,41,Completed,60753.16,0.0,10935.57,71688.73
3901,2025-09-14 18:27:32,414,3,63,Completed,332255.31,0.0,59805.96,392061.27
3902,2025-10-15 09:59:48,261,9,54,Completed,45265.64,5301.39,7193.56,47157.81
3903,2025-06-24 14:32:24,345,10,70,Returned,157965.34,0.0,28433.76,186399.1
3904,2025-03-08 12:44:58,246,14,74,Completed,338114.94,0.0,60860.69,398975.63
3905,2026-06-12 16:03:10,438,7,52,Completed,484795.65,0.0,87263.22,572058.87
3906,2026-03-26 19:27:56,77,8,23,Completed,325977.53,44760.24,50619.11,331836.4
3907,2026-06-26 21:16:47,448,6,66,Returned,34965.38,3705.47,5626.78,36886.69
3908,2026-02-05 15:39:16,228,11,41,Returned,114270.95,4577.77,19744.77,129437.95
3909,2026-04-17 14:22:53,325,5,35,Completed,44005.71,0.0,7921.03,51926.74
3910,2025-12-27 13:55:20,378,4,34,Completed,20680.42,0.0,3722.48,24402.9
3911,2026-01-01 09:49:23,368,11,11,Completed,104351.99,0.0,18783.36,123135.35
3912,2025-09-11 17:46:17,254,3,78,Completed,152024.92,22071.69,23391.58,153344.81
3913,2025-10-06 12:41:39,383,9,54,Completed,449507.62,0.0,80911.37,530418.99
3914,2026-03-09 21:52:22,450,1,16,Completed,358781.58,36397.61,58029.11,380413.08
3915,2026-05-13 09:23:14,444,1,46,Completed,98088.18,0.0,17655.87,115744.05
3916,2026-01-18 15:37:12,102,12,72,Completed,111880.96,0.0,20138.57,132019.53
3917,2026-06-27 18:24:19,311,2,32,Cancelled,318142.12,0.0,57265.58,375407.7
3918,2026-06-16 13:51:49,269,1,76,Pending,227600.8,0.0,40968.14,268568.94
3919,2025-08-14 21:56:17,114,8,8,Completed,74306.68,2425.26,12938.66,84820.08
3920,2026-05-16 11:51:45,1,12,57,Completed,444909.34,0.0,80083.68,524993.02
3921,2026-06-02 21:47:56,16,6,6,Completed,337882.04,0.0,60818.77,398700.81
3922,2026-05-26 16:40:37,185,9,24,Completed,25781.07,1984.28,4283.42,28080.21
3923,2025-09-03 16:17:41,104,15,45,Completed,210340.83,11407.03,35808.08,234741.88
3924,2026-06-30 15:47:02,355,13,58,Completed,54176.7,0.0,9751.81,63928.51
3925,2026-03-14 12:52:50,436,14,14,Completed,44385.63,0.0,7989.41,52375.04
3926,2026-05-19 18:09:50,243,5,5,Returned,537406.58,49439.37,87834.1,575801.31
3927,2026-05-24 10:03:56,489,13,73,Completed,246783.32,0.0,44421.0,291204.32
3928,2026-02-17 09:30:51,92,11,26,Completed,310641.57,0.0,55915.48,366557.05
3929,2025-08-27 10:25:19,350,14,74,Cancelled,409845.94,0.0,73772.27,483618.21
3930,2025-11-02 18:40:30,135,10,70,Completed,307928.66,0.0,55427.16,363355.82
3931,2025-11-02 10:16:16,101,4,4,Completed,125846.46,0.0,22652.36,148498.82
3932,2026-01-23 13:45:30,165,8,68,Completed,505323.09,9819.51,89190.64,584694.22
3933,2025-04-08 21:58:22,108,14,59,Completed,10991.44,342.84,1916.75,12565.35
3934,2025-12-14 15:02:11,394,11,41,Completed,372017.3,51938.14,57614.25,377693.41
3935,2026-04-03 16:21:27,15,12,57,Completed,180130.77,0.0,32423.54,212554.31
3936,2026-06-07 20:34:43,31,8,8,Cancelled,290992.88,0.0,52378.72,343371.6
3937,2025-12-14 12:56:46,483,3,78,Completed,312989.35,0.0,56338.08,369327.43
3938,2026-04-25 10:08:12,49,14,14,Completed,200574.19,0.0,36103.35,236677.54
3939,2026-06-22 10:44:47,130,6,51,Cancelled,454412.13,0.0,81794.18,536206.31
3940,2026-06-07 15:59:32,466,15,30,Completed,175370.15,17604.33,28397.85,186163.67
3941,2025-12-14 18:04:48,172,15,15,Pending,108403.73,0.0,19512.67,127916.4
3942,2026-06-29 19:23:07,411,13,58,Completed,314965.9,0.0,56693.86,371659.76
3943,2026-05-28 16:02:29,420,7,52,Completed,220546.76,0.0,39698.42,260245.18
3944,2026-01-16 17:46:17,390,9,39,Completed,283433.68,0.0,51018.06,334451.74
3945,2026-05-20 13:33:53,101,13,13,Completed,365627.33,0.0,65812.92,431440.25
3946,2025-11-16 19:18:44,237,4,79,Completed,161424.0,21490.57,25188.02,165121.45
3947,2026-06-25 11:30:11,445,5,35,Completed,258295.86,0.0,46493.25,304789.11
3948,2026-05-10 16:35:55,315,1,16,Completed,184794.06,0.0,33262.93,218056.99
3949,2026-06-26 13:15:47,126,13,58,Cancelled,415482.91,0.0,74786.92,490269.83
3950,2026-05-25 14:47:39,220,8,68,Completed,305549.43,0.0,54998.9,360548.33
3951,2026-04-12 17:35:42,137,5,35,Completed,347180.07,0.0,62492.41,409672.48
3952,2026-05-11 09:12:11,162,12,72,Cancelled,436343.12,0.0,78541.76,514884.88
3953,2026-01-23 15:00:54,18,8,68,Completed,211983.41,0.0,38157.01,250140.42
3954,2026-06-03 18:49:03,176,3,63,Completed,24531.92,0.0,4415.75,28947.67
3955,2026-02-22 11:38:38,186,3,18,Completed,31841.11,2850.04,5218.39,34209.46
3956,2026-06-09 09:38:52,206,7,7,Completed,7411.87,0.0,1334.14,8746.01
3957,2026-06-07 15:22:16,467,4,34,Cancelled,404740.21,0.0,72853.24,477593.45
3958,2026-06-13 19:37:07,126,1,46,Completed,474251.33,0.0,85365.24,559616.57
3959,2026-06-26 11:43:29,141,13,13,Completed,330607.95,0.0,59509.43,390117.38
3960,2025-02-12 19:38:22,84,1,1,Completed,367642.2,0.0,66175.6,433817.8
3961,2026-04-11 09:18:08,286,15,45,Completed,283790.64,0.0,51082.32,334872.96
3962,2026-05-07 09:48:44,341,9,24,Completed,3234.75,0.0,582.25,3817.0
3963,2025-11-09 13:33:55,478,9,24,Completed,238583.9,0.0,42945.1,281529.0
3964,2025-06-20 09:58:22,355,1,61,Completed,64539.58,0.0,11617.12,76156.7
3965,2026-01-08 17:22:28,148,12,57,Completed,484909.59,46677.23,78881.82,517114.18
3966,2025-06-26 18:51:33,249,10,70,Cancelled,272004.56,0.0,48960.82,320965.38
3967,2026-05-19 19:43:20,77,5,50,Completed,581482.57,0.0,104666.86,686149.43
3968,2026-06-16 17:10:31,425,2,47,Completed,56146.62,0.0,10106.39,66253.01
3969,2026-04-29 13:54:08,348,4,19,Completed,180389.29,25350.11,27907.05,182946.23
3970,2026-06-24 11:55:23,445,2,77,Completed,294351.65,0.0,52983.3,347334.95
3971,2026-05-15 17:50:33,240,11,26,Completed,385434.7,21926.37,65431.5,428939.83
3972,2026-06-19 09:15:03,41,6,51,Cancelled,389674.28,40173.23,62910.19,412411.24
3973,2026-03-07 20:54:53,64,10,70,Completed,598602.83,0.0,107748.51,706351.34
3974,2026-06-10 16:24:06,433,5,35,Returned,208766.4,0.0,37577.95,246344.35
3975,2025-08-10 17:35:18,174,1,76,Completed,161510.89,0.0,29071.96,190582.85
3976,2026-06-07 09:32:36,59,15,45,Completed,224287.68,30956.57,34799.6,228130.71
3977,2026-05-14 09:15:58,131,5,35,Completed,852.0,19.82,149.79,981.97
3978,2025-12-15 14:22:50,228,15,75,Completed,162513.52,0.0,29252.43,191765.95
3979,2026-05-29 14:32:32,358,13,28,Completed,14426.15,905.65,2433.69,15954.19
3980,2026-06-06 11:28:28,32,9,24,Completed,203458.44,0.0,36622.52,240080.96
3981,2026-06-03 16:59:31,154,8,23,Completed,367979.82,46223.63,57916.11,379672.3
3982,2026-06-12 13:56:45,295,14,14,Completed,316442.43,19092.27,53523.03,350873.19
3983,2025-03-09 13:47:37,112,9,54,Completed,87850.42,0.0,15813.08,103663.5
3984,2026-06-06 18:02:01,128,8,68,Completed,217420.55,3950.37,38424.63,251894.81
3985,2026-05-23 18:18:35,364,5,35,Completed,176792.86,0.0,31822.71,208615.57
3986,2026-02-28 13:59:46,292,12,57,Completed,466229.32,0.0,83921.28,550150.6
3987,2026-06-03 12:43:36,55,7,52,Completed,63892.62,0.0,11500.67,75393.29
3988,2026-05-13 11:21:23,216,11,26,Completed,9869.82,0.0,1776.57,11646.39
3989,2025-02-26 21:28:27,176,15,15,Returned,652019.6,0.0,117363.53,769383.13
3990,2026-03-03 13:07:50,320,12,12,Completed,278216.28,0.0,50078.93,328295.21
3991,2025-08-30 19:30:25,398,3,63,Completed,123307.25,0.0,22195.31,145502.56
3992,2026-06-25 10:44:40,413,2,47,Completed,149970.16,0.0,26994.63,176964.79
3993,2025-08-11 09:21:18,53,8,68,Cancelled,446322.97,0.0,80338.13,526661.1
3994,2025-11-14 14:22:39,173,9,24,Cancelled,99412.11,0.0,17894.18,117306.29
3995,2025-04-11 21:11:07,455,14,59,Completed,45423.62,5789.36,7134.17,46768.43
3996,2026-05-07 14:50:59,286,11,11,Completed,631533.96,0.0,113676.11,745210.07
3997,2026-03-05 17:03:35,359,14,59,Completed,283966.88,0.0,51114.04,335080.92
3998,2026-06-10 21:47:37,314,6,6,Completed,87386.03,7617.47,14358.34,94126.9
3999,2026-05-29 13:12:05,258,7,67,Completed,130231.44,0.0,23441.66,153673.1
4000,2026-05-29 16:35:20,190,15,45,Completed,619456.41,0.0,111502.15,730958.56
4001,2026-03-26 16:37:14,48,11,41,Returned,239674.56,0.0,43141.42,282815.98
4002,2026-06-14 10:42:43,285,7,7,Completed,112406.09,0.0,20233.1,132639.19
4003,2026-04-07 19:01:05,269,10,55,Pending,95533.31,11686.0,15092.52,98939.83
4004,2026-05-18 18:05:05,191,13,73,Completed,198272.34,0.0,35689.02,233961.36
4005,2025-11-15 11:25:18,431,4,19,Pending,93510.44,7249.0,15527.06,101788.5
4006,2026-06-23 19:46:15,313,12,27,Completed,356668.8,0.0,64200.38,420869.18
4007,2026-05-26 16:37:02,482,10,70,Completed,205385.5,0.0,36969.39,242354.89
4008,2026-06-13 12:34:35,2,11,41,Completed,59038.83,0.0,10626.99,69665.82
4009,2026-04-30 17:39:13,266,3,3,Completed,108353.4,0.0,19503.61,127857.01
4010,2025-09-05 21:48:26,146,8,68,Completed,340477.52,0.0,61285.95,401763.47
4011,2026-06-12 21:08:47,222,7,7,Pending,320778.88,41140.99,50334.82,329972.71
4012,2026-04-18 11:18:11,120,5,50,Completed,58193.63,0.0,10474.85,68668.48
4013,2026-06-28 13:09:46,208,7,52,Completed,250188.16,0.0,45033.87,295222.03
4014,2026-05-09 16:41:35,158,5,5,Completed,441359.29,0.0,79444.67,520803.96
4015,2026-06-23 16:38:52,351,13,28,Completed,110280.8,0.0,19850.54,130131.34
4016,2026-06-15 14:33:05,123,8,68,Completed,384960.66,0.0,69292.92,454253.58
4017,2026-05-23 13:39:36,282,8,23,Completed,481458.13,23000.95,82522.29,540979.47
4018,2026-02-14 10:19:59,199,9,54,Cancelled,886211.77,0.0,159518.12,1045729.89
4019,2025-07-11 21:36:39,197,14,74,Completed,438398.99,0.0,78911.82,517310.81
4020,2026-06-24 21:27:25,128,2,47,Completed,84151.74,0.0,15147.31,99299.05
4021,2026-06-11 11:40:24,74,4,34,Completed,345765.95,0.0,62237.87,408003.82
4022,2026-06-29 17:36:51,299,13,13,Completed,476177.07,0.0,85711.87,561888.94
4023,2026-06-18 15:42:51,393,10,70,Completed,37796.34,0.0,6803.34,44599.68
4024,2026-06-11 17:11:53,491,15,15,Completed,796749.29,0.0,143414.87,940164.16
4025,2026-05-21 19:49:41,401,13,28,Completed,262334.92,38054.43,40370.49,264650.98
4026,2026-05-16 15:35:31,452,11,11,Completed,299563.69,41372.87,46474.35,304665.17
4027,2026-01-03 12:14:31,463,1,16,Completed,182166.39,0.0,32789.95,214956.34
4028,2026-05-26 19:45:04,397,5,5,Completed,163499.49,0.0,29429.91,192929.4
4029,2026-04-01 16:32:15,212,8,23,Returned,132884.98,6084.8,22824.03,149624.21
4030,2026-05-26 18:24:43,136,13,43,Returned,392413.17,0.0,70634.37,463047.54
4031,2026-06-22 15:41:52,456,6,66,Completed,169270.32,24754.69,26012.81,170528.44
4032,2026-06-17 15:35:43,405,6,66,Pending,439748.09,0.0,79154.66,518902.75
4033,2026-06-03 20:08:58,454,6,51,Completed,237842.61,18651.28,39454.44,258645.77
4034,2026-05-05 13:40:16,384,8,68,Cancelled,170400.17,0.0,30672.03,201072.2
4035,2025-07-21 11:29:02,136,4,79,Completed,259990.86,0.0,46798.35,306789.21
4036,2026-05-22 12:56:16,55,5,35,Completed,507676.25,0.0,91381.72,599057.97
4037,2026-02-04 11:05:43,91,1,1,Completed,226932.44,0.0,40847.84,267780.28
4038,2026-04-19 14:08:03,227,5,35,Completed,272811.52,0.0,49106.07,321917.59
4039,2025-11-21 18:33:22,43,11,41,Completed,464679.91,0.0,83642.38,548322.29
4040,2026-04-10 14:40:06,337,1,31,Completed,157358.93,0.0,28324.61,185683.54
4041,2024-08-19 17:05:40,163,15,45,Completed,347024.83,0.0,62464.47,409489.3
4042,2025-07-04 20:36:32,97,15,30,Completed,201485.23,0.0,36267.34,237752.57
4043,2025-11-15 20:13:11,244,15,75,Completed,352945.93,0.0,63530.27,416476.2
4044,2026-06-22 13:08:13,344,10,10,Completed,307116.94,30873.75,49723.77,325966.96
4045,2025-06-18 20:51:32,50,1,46,Completed,102244.22,0.0,18403.96,120648.18
4046,2026-04-24 09:23:09,40,12,57,Completed,539652.4,0.0,97137.43,636789.83
4047,2025-04-02 16:57:53,42,9,39,Completed,339377.65,0.0,61087.98,400465.63
4048,2025-11-20 21:26:23,427,15,45,Completed,604526.23,0.0,108814.72,713340.95
4049,2026-06-16 09:45:11,11,6,21,Completed,511064.48,0.0,91991.61,603056.09
4050,2026-06-02 21:18:13,318,7,7,Completed,671984.0,0.0,120957.12,792941.12
4051,2025-01-09 13:55:00,258,14,14,Completed,141463.52,0.0,25463.43,166926.95
4052,2025-09-08 12:02:27,246,12,42,Completed,160931.73,3704.04,28300.98,185528.67
4053,2026-05-14 10:25:35,305,13,28,Returned,183851.4,0.0,33093.25,216944.65
4054,2026-06-27 16:07:18,148,6,21,Returned,220246.26,0.0,39644.33,259890.59
4055,2025-04-06 13:15:05,123,14,14,Completed,519121.12,0.0,93441.8,612562.92
4056,2026-04-18 11:26:27,228,5,5,Completed,422081.29,0.0,75974.63,498055.92
4057,2026-02-14 12:12:25,204,14,14,Completed,32297.74,0.0,5813.59,38111.33
4058,2026-06-17 09:26:48,212,6,51,Completed,134409.73,14247.09,21629.28,141791.92
4059,2026-06-11 11:26:29,233,6,51,Cancelled,106058.74,0.0,19090.57,125149.31
4060,2025-12-28 15:40:57,458,1,76,Completed,138734.42,0.0,24972.2,163706.62
4061,2026-06-30 10:00:00,30,3,63,Completed,129212.46,0.0,23258.24,152470.7
4062,2026-06-06 09:27:37,183,15,75,Pending,351071.25,0.0,63192.82,414264.07
4063,2026-06-19 10:44:33,237,2,2,Completed,215409.25,0.0,38773.67,254182.92
4064,2026-05-19 12:51:11,197,8,68,Cancelled,177033.75,0.0,31866.07,208899.82
4065,2026-06-11 21:14:48,187,13,28,Completed,514848.78,0.0,92672.78,607521.56
4066,2025-09-26 13:33:18,119,1,76,Completed,852424.12,0.0,153436.34,1005860.46
4067,2026-06-28 15:21:30,359,6,6,Completed,73879.63,0.0,13298.33,87177.96
4068,2025-12-15 12:09:55,459,8,68,Completed,93752.6,5591.23,15869.05,104030.42
4069,2026-02-10 13:11:25,271,4,4,Completed,132596.9,0.0,23867.44,156464.34
4070,2026-04-05 19:59:43,212,12,72,Completed,62547.04,0.0,11258.47,73805.51
4071,2026-04-07 20:02:19,57,10,10,Completed,293574.07,0.0,52843.33,346417.4
4072,2026-01-19 20:19:34,397,11,11,Completed,182857.9,0.0,32914.42,215772.32
4073,2026-06-02 18:14:12,399,6,6,Completed,35494.65,0.0,6389.04,41883.69
4074,2026-06-08 15:12:48,397,6,21,Completed,39507.05,0.0,7111.27,46618.32
4075,2026-05-31 20:19:12,162,8,68,Completed,157955.2,7886.49,27012.37,177081.08
4076,2026-04-26 17:57:18,446,1,1,Completed,94630.58,0.0,17033.5,111664.08
4077,2026-06-03 16:02:40,395,5,5,Completed,112455.94,4309.18,19466.42,127613.18
4078,2026-05-06 20:17:28,50,13,58,Completed,201711.35,23259.79,32121.28,210572.84
4079,2025-12-28 17:57:43,420,3,33,Completed,565783.75,0.0,101841.07,667624.82
4080,2026-05-08 10:28:41,115,14,14,Completed,314687.14,0.0,56643.69,371330.83
4081,2026-06-17 10:29:24,277,6,66,Completed,514186.64,0.0,92553.6,606740.24
4082,2025-04-22 16:47:15,192,1,31,Cancelled,196464.57,0.0,35363.62,231828.19
4083,2024-12-26 21:44:04,397,10,40,Returned,108195.67,2097.48,19097.67,125195.86
4084,2026-06-29 18:05:49,352,6,51,Completed,212360.68,0.0,38224.92,250585.6
4085,2025-08-02 20:41:04,394,9,24,Completed,192229.26,0.0,34601.27,226830.53
4086,2025-10-01 19:31:01,109,15,75,Completed,94592.65,0.0,17026.68,111619.33
4087,2026-05-25 13:02:24,366,14,59,Completed,369221.36,0.0,66459.84,435681.2
4088,2026-06-30 14:52:09,368,13,43,Cancelled,323346.19,0.0,58202.31,381548.5
4089,2025-08-12 16:01:42,172,10,40,Completed,433619.64,0.0,78051.54,511671.18
4090,2026-05-26 18:16:25,482,7,52,Completed,225904.75,0.0,40662.85,266567.6
4091,2026-05-26 14:27:09,7,8,68,Completed,244352.68,0.0,43983.48,288336.16
4092,2026-04-12 18:42:52,370,3,63,Completed,120404.22,0.0,21672.76,142076.98
4093,2026-06-28 19:42:24,14,13,28,Completed,266187.67,0.0,47913.78,314101.45
4094,2026-06-27 17:55:55,420,2,2,Pending,422646.99,0.0,76076.46,498723.45
4095,2026-06-29 21:14:27,61,1,61,Completed,70331.08,0.0,12659.59,82990.67
4096,2026-06-22 18:00:52,301,11,11,Completed,13157.0,0.0,2368.26,15525.26
4097,2025-08-11 12:08:31,335,8,8,Completed,189344.28,0.0,34081.97,223426.25
4098,2024-04-11 14:59:54,342,3,78,Completed,148090.08,2282.12,26245.43,172053.39
4099,2026-02-28 16:52:31,342,12,72,Completed,332355.18,0.0,59823.93,392179.11
4100,2025-06-23 19:37:29,402,1,1,Completed,43381.42,0.0,7808.66,51190.08
4101,2024-07-21 10:36:21,198,9,24,Completed,114195.66,0.0,20555.22,134750.88
4102,2026-05-31 13:27:01,336,13,73,Cancelled,74227.5,0.0,13360.95,87588.45
4103,2026-01-27 14:24:44,231,4,34,Completed,285902.07,0.0,51462.37,337364.44
4104,2026-06-19 11:02:22,352,2,77,Completed,89330.0,0.0,16079.4,105409.4
4105,2025-11-07 14:25:15,462,14,14,Completed,27621.61,0.0,4971.89,32593.5
4106,2026-06-29 19:29:51,374,14,74,Completed,342656.93,21676.67,57776.45,378756.71
4107,2026-06-14 14:02:03,272,13,73,Completed,82818.7,0.0,14907.37,97726.07
4108,2026-06-12 21:46:33,55,7,52,Completed,350571.53,0.0,63102.88,413674.41
4109,2026-05-17 10:35:08,243,4,34,Completed,64186.59,0.0,11553.59,75740.18
4110,2026-04-30 17:28:18,251,12,57,Completed,481617.33,0.0,86691.12,568308.45
4111,2026-06-14 18:59:39,311,4,34,Completed,573385.58,53732.79,93537.5,613190.29
4112,2026-06-07 17:15:23,484,6,51,Completed,108636.72,0.0,19554.61,128191.33
4113,2026-02-11 11:22:09,297,10,70,Completed,619283.01,46296.41,103137.59,676124.19
4114,2026-06-20 09:44:24,432,2,77,Completed,88723.81,0.0,15970.29,104694.1
4115,2025-11-29 11:24:51,219,11,41,Returned,301544.25,0.0,54277.96,355822.21
4116,2026-06-27 18:36:12,296,2,77,Completed,619869.8,0.0,111576.56,731446.36
4117,2025-12-22 19:04:15,123,11,11,Completed,553356.21,66386.74,87654.5,574623.97
4118,2025-09-08 14:41:25,245,9,24,Completed,725225.82,59042.64,119912.97,786096.15
4119,2026-05-29 12:15:21,264,13,58,Returned,797952.2,0.0,143631.4,941583.6
4120,2026-06-05 09:08:38,92,7,67,Completed,379549.58,0.0,68318.92,447868.5
4121,2025-10-23 16:32:07,398,9,54,Completed,160327.33,0.0,28858.92,189186.25
4122,2026-06-25 19:37:12,286,3,63,Completed,472180.48,48179.23,76320.22,500321.47
4123,2026-06-21 18:10:51,189,2,62,Completed,389900.57,25846.11,65529.8,429584.26
4124,2026-05-03 19:29:32,297,4,4,Completed,193082.49,28454.7,29633.0,194260.79
4125,2025-02-07 18:41:17,464,15,15,Completed,111797.22,0.0,20123.5,131920.72
4126,2026-02-15 21:41:41,416,14,59,Completed,308665.11,0.0,55559.72,364224.83
4127,2026-06-15 20:30:49,167,8,68,Completed,277991.95,0.0,50038.55,328030.5
4128,2025-10-29 10:58:08,41,8,23,Completed,238335.38,0.0,42900.37,281235.75
4129,2026-05-17 12:22:15,109,5,50,Completed,239507.6,0.0,43111.37,282618.97
4130,2026-06-24 16:22:02,357,2,2,Completed,55707.18,4043.36,9299.49,60963.31
4131,2025-05-07 09:39:17,73,15,75,Completed,424836.45,0.0,76470.56,501307.01
4132,2026-05-30 18:44:54,376,13,28,Completed,324870.87,0.0,58476.76,383347.63
4133,2026-06-06 18:16:12,330,6,66,Completed,5566.82,0.0,1002.03,6568.85
4134,2026-06-19 21:29:00,52,7,67,Completed,413683.1,22326.42,70444.2,461800.88
4135,2026-06-13 15:36:48,275,6,51,Completed,180023.89,0.0,32404.3,212428.19
4136,2025-08-24 21:06:03,397,15,45,Completed,32874.27,0.0,5917.37,38791.64
4137,2025-07-16 16:49:47,35,1,31,Completed,170107.17,22198.21,26623.61,174532.57
4138,2025-03-04 13:53:37,134,10,40,Completed,255278.04,0.0,45950.05,301228.09
4139,2026-03-03 21:04:32,472,1,1,Completed,173951.7,0.0,31311.31,205263.01
4140,2026-05-20 18:41:07,328,10,70,Completed,269062.38,0.0,48431.23,317493.61
4141,2026-05-21 14:28:20,80,13,73,Completed,158287.78,0.0,28491.8,186779.58
4142,2026-06-15 10:06:05,158,13,73,Completed,152024.92,16814.42,24337.89,159548.39
4143,2025-07-15 16:23:25,256,1,16,Completed,6750.1,0.0,1215.02,7965.12
4144,2025-01-25 19:10:24,48,14,59,Completed,214488.88,0.0,38608.0,253096.88
4145,2026-06-10 15:10:00,427,6,51,Completed,68454.58,0.0,12321.82,80776.4
4146,2026-06-24 20:16:50,493,2,32,Completed,146565.66,18217.39,23102.69,151450.96
4147,2026-02-20 19:15:36,364,12,27,Completed,186484.34,0.0,33567.18,220051.52
4148,2026-06-15 12:42:18,251,14,14,Returned,451881.72,0.0,81338.71,533220.43
4149,2026-06-16 13:30:43,198,7,7,Pending,228754.48,14809.68,38510.06,252454.86
4150,2025-07-09 21:50:15,339,1,46,Completed,283148.54,0.0,50966.74,334115.28
4151,2026-06-25 16:36:49,270,14,14,Completed,258588.1,0.0,46545.86,305133.96
4152,2025-06-05 10:16:40,201,4,34,Completed,437895.33,0.0,78821.16,516716.49
4153,2025-07-11 11:10:18,44,12,27,Completed,839578.39,72299.53,138110.19,905389.05
4154,2026-06-03 15:32:02,250,6,66,Completed,423117.82,9275.78,74491.57,488333.61
4155,2026-05-31 17:46:58,173,7,52,Completed,2783.41,0.0,501.01,3284.42
4156,2026-06-23 12:27:25,63,4,19,Completed,28572.78,0.0,5143.1,33715.88
4157,2026-06-18 14:38:51,412,1,16,Completed,782333.4,0.0,140820.01,923153.41
4158,2025-12-10 17:07:28,169,15,75,Returned,371254.88,43039.67,59078.74,387293.95
4159,2026-06-11 17:10:36,51,11,26,Completed,150674.64,0.0,27121.44,177796.08
4160,2025-07-18 11:05:52,169,3,33,Completed,1137497.02,14500.98,202139.29,1325135.33
4161,2026-04-03 19:18:10,60,11,41,Completed,342157.72,0.0,61588.39,403746.11
4162,2026-05-08 10:18:07,467,10,55,Completed,304553.95,0.0,54819.71,359373.66
4163,2026-06-30 14:44:45,385,2,32,Completed,258960.41,0.0,46612.87,305573.28
4164,2026-02-22 10:18:54,296,10,40,Completed,219541.99,31556.75,33837.34,221822.58
4165,2025-04-11 11:52:45,165,3,3,Pending,40446.28,0.0,7280.33,47726.61
4166,2026-04-26 09:39:57,231,5,5,Completed,41515.52,0.0,7472.79,48988.31
4167,2026-02-15 18:32:32,155,12,42,Cancelled,102612.46,0.0,18470.24,121082.7
4168,2026-06-14 17:04:44,201,7,52,Completed,563719.18,0.0,101469.45,665188.63
4169,2025-01-21 12:42:24,238,3,78,Completed,206004.18,0.0,37080.75,243084.93
4170,2026-06-30 15:19:17,343,6,6,Completed,450620.09,0.0,81111.62,531731.71
4171,2026-06-20 21:09:46,296,2,47,Completed,353395.75,0.0,63611.24,417006.99
4172,2025-08-28 12:03:33,336,1,1,Completed,464071.88,0.0,83532.94,547604.82
4173,2025-10-09 15:53:56,71,4,4,Completed,788321.05,0.0,141897.79,930218.84
4174,2026-01-20 11:34:16,88,15,30,Cancelled,77700.6,0.0,13986.11,91686.71
4175,2025-05-04 11:56:46,499,1,76,Completed,208677.11,0.0,37561.88,246238.99
4176,2026-04-29 15:30:53,472,5,35,Completed,82381.73,0.0,14828.71,97210.44
4177,2026-05-22 11:20:15,125,13,28,Cancelled,154786.4,0.0,27861.55,182647.95
4178,2026-05-16 12:34:27,496,13,43,Returned,498535.12,0.0,89736.32,588271.44
4179,2026-05-17 15:01:19,21,14,59,Completed,346120.94,28604.62,57152.94,374669.26
4180,2026-05-20 19:59:42,317,15,30,Completed,367306.15,27415.3,61180.35,401071.2
4181,2026-05-13 20:25:58,385,9,54,Completed,278996.42,32329.96,44399.96,291066.42
4182,2026-05-10 11:04:02,27,9,54,Completed,339640.5,0.0,61135.29,400775.79
4183,2024-12-05 09:15:53,174,3,33,Completed,275920.03,0.0,49665.61,325585.64
4184,2026-06-14 09:44:43,19,15,45,Completed,268954.92,0.0,48411.89,317366.81
4185,2025-07-02 13:51:29,387,10,70,Completed,204883.05,0.0,36878.95,241762.0
4186,2026-06-06 15:22:18,71,6,51,Completed,51894.4,4016.5,8618.02,56495.92
4187,2026-05-06 19:13:37,224,12,72,Completed,67145.8,0.0,12086.24,79232.04
4188,2026-06-09 18:35:20,433,7,67,Completed,715902.35,0.0,128862.42,844764.77
4189,2026-06-19 21:59:32,113,9,9,Completed,180848.99,0.0,32552.82,213401.81
4190,2026-06-07 19:40:10,465,7,67,Completed,477899.33,0.0,86021.88,563921.21
4191,2026-05-26 09:30:56,236,9,54,Returned,833987.0,0.0,150117.66,984104.66
4192,2025-03-15 19:56:14,471,1,31,Completed,239853.86,0.0,43173.69,283027.55
4193,2025-11-12 10:33:39,469,8,68,Completed,136202.43,0.0,24516.44,160718.87
4194,2026-01-31 20:27:43,297,4,4,Completed,340887.34,0.0,61359.72,402247.06
4195,2026-04-13 12:20:15,96,11,11,Returned,216578.21,0.0,38984.08,255562.29
4196,2025-12-31 09:52:30,240,12,12,Returned,308638.19,4167.22,54804.77,359275.74
4197,2026-03-11 14:00:46,336,1,46,Completed,186773.82,0.0,33619.29,220393.11
4198,2026-06-11 13:42:36,471,13,43,Completed,423801.19,0.0,76284.21,500085.4
4199,2026-04-18 21:22:29,406,15,75,Completed,340710.78,0.0,61327.94,402038.72
4200,2026-05-10 21:04:15,214,12,57,Completed,394645.02,0.0,71036.1,465681.12
4201,2026-06-27 14:04:39,6,13,43,Completed,222172.02,0.0,39990.96,262162.98
4202,2025-06-22 13:47:10,132,9,39,Completed,237410.58,0.0,42733.9,280144.48
4203,2025-12-04 10:12:52,190,10,55,Completed,174170.75,0.0,31350.74,205521.49
4204,2025-12-21 18:04:22,97,12,12,Completed,212508.18,14847.28,35578.96,233239.86
4205,2026-06-17 10:58:47,298,7,7,Completed,179024.19,0.0,32224.35,211248.54
4206,2026-06-27 16:19:21,470,2,2,Completed,146865.55,14029.49,23910.49,156746.55
4207,2025-07-17 15:48:22,118,14,59,Returned,509428.68,0.0,91697.16,601125.84
4208,2026-06-09 13:04:31,6,14,59,Completed,223827.28,0.0,40288.91,264116.19
4209,2025-06-27 12:16:08,453,15,30,Completed,456960.91,0.0,82252.96,539213.87
4210,2026-03-12 09:45:12,360,8,68,Returned,219647.34,0.0,39536.52,259183.86
4211,2026-03-05 19:52:34,423,11,11,Completed,644395.3,0.0,115991.15,760386.45
4212,2026-06-16 21:55:33,265,2,62,Completed,68148.54,0.0,12266.74,80415.28
4213,2025-11-01 14:55:19,335,12,72,Completed,204262.52,20490.52,33078.96,216850.96
4214,2026-01-18 11:52:07,380,11,41,Completed,225424.86,0.0,40576.47,266001.33
4215,2026-05-29 18:27:15,83,8,68,Completed,93417.88,7964.95,15381.53,100834.46
4216,2025-03-03 10:19:38,255,15,30,Completed,3658.34,0.0,658.5,4316.84
4217,2025-04-06 17:32:25,106,4,4,Completed,3234.75,0.0,582.25,3817.0
4218,2025-12-03 21:37:56,124,1,46,Completed,33509.49,0.0,6031.71,39541.2
4219,2025-09-22 17:06:32,426,1,1,Completed,177708.86,0.0,31987.59,209696.45
4220,2026-06-10 17:23:45,125,12,57,Completed,226561.17,6660.4,39582.14,259482.91
4221,2025-05-07 10:32:09,20,15,15,Completed,661768.97,0.0,119118.41,780887.38
4222,2026-06-15 10:28:02,362,5,5,Completed,175396.69,24067.67,27239.22,178568.24
4223,2026-06-22 19:35:30,135,7,7,Returned,217412.95,32354.64,33310.5,218368.81
4224,2026-05-17 21:04:18,329,13,28,Completed,283736.04,10257.09,49226.21,322705.16
4225,2025-11-01 19:08:01,294,8,8,Completed,236360.03,0.0,42544.81,278904.84
4226,2026-06-09 13:13:46,330,5,50,Completed,52465.69,0.0,9443.82,61909.51
4227,2024-05-01 15:23:04,157,3,3,Completed,358710.86,17041.8,61500.43,403169.49
4228,2026-06-04 15:00:04,413,1,31,Pending,169748.7,7801.76,29150.45,191097.39
4229,2026-06-17 12:21:23,150,2,32,Completed,335815.95,0.0,60446.87,396262.82
4230,2025-12-19 11:03:46,382,8,68,Completed,352200.6,0.0,63396.11,415596.71
4231,2026-02-11 12:38:22,500,3,18,Completed,204547.45,0.0,36818.54,241365.99
4232,2025-09-11 19:05:31,441,12,57,Completed,416697.68,0.0,75005.58,491703.26
4233,2026-06-29 20:35:57,400,2,77,Completed,508340.79,0.0,91501.34,599842.13
4234,2026-03-17 20:28:58,233,8,23,Completed,12304.66,784.54,2073.62,13593.74
4235,2026-05-04 19:04:08,33,4,79,Completed,66335.25,0.0,11940.34,78275.59
4236,2026-03-21 18:14:39,311,9,9,Completed,725103.83,59442.17,119819.1,785480.76
4237,2026-05-08 13:32:30,326,13,28,Completed,294077.38,0.0,52933.93,347011.31
4238,2026-06-19 13:20:21,141,6,6,Completed,119550.9,0.0,21519.16,141070.06
4239,2026-02-26 20:50:29,210,15,15,Completed,320026.4,0.0,57604.75,377631.15
4240,2026-06-14 17:57:43,115,5,5,Pending,416834.45,0.0,75030.2,491864.65
4241,2026-05-18 20:43:02,493,10,70,Completed,271618.9,0.0,48891.4,320510.3
4242,2026-05-28 16:51:20,325,13,13,Completed,350498.27,0.0,63089.69,413587.96
4243,2026-04-25 17:40:20,318,4,4,Returned,613870.66,0.0,110496.72,724367.38
4244,2025-07-23 14:57:17,201,12,27,Completed,248110.72,25954.01,39988.21,262144.92
4245,2026-01-21 11:28:05,308,4,19,Completed,703587.54,0.0,126645.76,830233.3
4246,2026-06-05 12:33:20,162,5,5,Returned,364884.14,0.0,65679.15,430563.29
4247,2025-09-26 09:47:29,459,8,8,Cancelled,227708.36,0.0,40987.5,268695.86
4248,2026-05-18 16:35:42,39,13,43,Completed,162914.48,17698.37,26138.9,171355.01
4249,2026-01-28 19:41:22,29,11,26,Completed,176632.56,11841.13,29662.46,194453.89
4250,2025-09-02 13:59:48,387,4,34,Completed,112293.24,0.0,20212.78,132506.02
4251,2026-06-20 18:43:26,231,13,73,Completed,349600.83,0.0,62928.15,412528.98
4252,2026-04-14 20:57:46,358,9,24,Completed,148705.1,0.0,26766.92,175472.02
4253,2026-06-23 09:47:02,499,13,13,Completed,452399.22,0.0,81431.86,533831.08
4254,2025-10-31 13:01:49,72,11,41,Completed,341094.44,0.0,61397.0,402491.44
4255,2025-09-18 21:11:18,159,8,8,Completed,478342.65,0.0,86101.68,564444.33
4256,2026-06-24 16:34:44,353,8,23,Pending,323783.76,0.0,58281.08,382064.84
4257,2026-04-09 20:19:35,484,5,5,Completed,403572.9,17796.61,69439.73,455216.02
4258,2026-06-27 13:17:09,248,2,77,Cancelled,646782.09,0.0,116420.78,763202.87
4259,2026-05-25 16:03:44,65,13,43,Completed,284753.86,23404.76,47042.84,308391.94
4260,2026-05-31 10:51:01,281,7,52,Cancelled,58705.52,0.0,10566.99,69272.51
4261,2025-07-24 12:15:10,258,8,23,Completed,244981.01,0.0,44096.58,289077.59
4262,2025-11-09 19:18:14,398,1,76,Completed,140560.59,0.0,25300.91,165861.5
4263,2025-09-23 13:53:24,15,8,8,Completed,212013.16,15374.58,35394.94,232033.52
4264,2026-01-15 13:38:51,396,9,54,Returned,500501.0,0.0,90090.18,590591.18
4265,2026-06-15 21:03:16,31,13,28,Completed,468235.82,0.0,84282.45,552518.27
4266,2026-06-10 16:39:38,117,9,9,Completed,311854.02,0.0,56133.72,367987.74
4267,2024-12-28 15:53:36,257,15,30,Completed,27230.19,0.0,4901.43,32131.62
4268,2025-05-26 10:59:59,240,1,31,Completed,292650.88,0.0,52677.16,345328.04
4269,2026-06-27 21:18:15,31,2,77,Completed,269243.93,0.0,48463.91,317707.84
4270,2025-12-13 20:24:52,43,14,59,Completed,1280204.58,108238.05,210953.98,1382920.51
4271,2026-06-23 16:23:38,262,13,13,Completed,156154.39,0.0,28107.79,184262.18
4272,2025-07-28 12:17:15,419,8,8,Completed,476377.81,57133.38,75464.0,494708.43
4273,2026-04-26 14:56:24,236,5,5,Completed,129212.46,0.0,23258.24,152470.7
4274,2026-05-19 12:24:08,241,5,5,Completed,100511.75,12695.52,15806.92,103623.15
4275,2026-01-23 12:07:04,449,11,41,Completed,48937.03,1448.21,8547.99,56036.81
4276,2026-06-17 18:53:58,133,2,2,Completed,151810.83,0.0,27325.95,179136.78
4277,2026-04-20 09:31:06,328,3,3,Completed,269403.14,4709.8,47644.8,312338.14
4278,2025-12-20 09:50:02,206,11,41,Completed,280744.07,0.0,50533.93,331278.0
4279,2026-02-07 13:16:10,66,3,3,Completed,54858.81,0.0,9874.59,64733.4
4280,2026-06-16 12:47:48,218,13,58,Completed,341990.15,0.0,61558.23,403548.38
4281,2026-04-16 11:20:49,103,9,39,Completed,142870.66,0.0,25716.72,168587.38
4282,2025-04-24 19:20:42,64,14,59,Completed,307391.48,35084.02,49015.34,321322.8
4283,2026-06-04 13:47:09,293,12,72,Completed,281142.71,39631.51,43472.02,284983.22
4284,2026-06-22 14:20:13,360,2,77,Completed,40909.49,0.0,7363.71,48273.2
4285,2026-05-27 11:25:33,397,15,45,Completed,325405.0,0.0,58572.9,383977.9
4286,2025-02-17 17:06:17,329,10,55,Completed,199972.92,9165.7,34345.3,225152.52
4287,2025-10-01 09:11:51,298,14,74,Completed,237947.93,0.0,42830.63,280778.56
4288,2026-06-19 12:52:22,100,6,51,Completed,60692.49,0.0,10924.65,71617.14
4289,2026-06-20 19:10:32,356,4,34,Completed,232888.8,8058.25,40469.5,265300.05
4290,2025-11-27 09:55:31,173,1,46,Returned,280593.51,41999.0,42947.01,281541.52
4291,2026-06-28 21:13:23,261,2,77,Completed,26667.83,0.0,4800.21,31468.04
4292,2025-10-28 14:11:17,405,14,59,Completed,440914.96,0.0,79364.69,520279.65
4293,2026-05-09 13:18:49,243,8,23,Returned,233677.44,24046.55,37733.56,247364.45
4294,2026-06-10 09:19:27,290,7,52,Completed,255276.58,0.0,45949.78,301226.36
4295,2026-02-02 15:36:34,28,1,46,Completed,497697.04,49609.66,80655.73,528743.11
4296,2026-06-15 17:27:08,474,3,63,Returned,301178.09,0.0,54212.06,355390.15
4297,2026-06-29 14:51:13,344,8,23,Completed,351881.96,0.0,63338.75,415220.71
4298,2026-03-13 19:51:24,304,4,34,Pending,177050.85,0.0,31869.15,208920.0
4299,2025-04-28 13:01:29,52,3,3,Completed,470708.68,32075.67,78953.94,517586.95
4300,2026-05-02 18:27:02,185,5,35,Completed,152024.92,0.0,27364.49,179389.41
4301,2026-05-15 18:54:52,223,1,61,Completed,283742.59,0.0,51073.67,334816.26
4302,2026-01-01 16:01:28,432,11,41,Completed,22916.64,1934.6,3776.77,24758.81
4303,2026-06-21 21:06:45,204,3,33,Completed,711238.69,0.0,128022.96,839261.65
4304,2026-06-15 12:08:23,104,2,62,Completed,388288.04,0.0,69891.85,458179.89
4305,2026-03-13 19:40:38,423,4,34,Completed,150850.5,5248.09,26208.43,171810.84
4306,2026-06-13 16:35:36,272,5,35,Completed,279000.71,11092.17,48223.54,316132.08
4307,2025-09-23 10:50:54,352,15,30,Completed,89663.68,0.0,16139.46,105803.14
4308,2026-05-30 20:16:21,467,5,50,Completed,118033.9,0.0,21246.1,139280.0
4309,2026-02-18 18:22:53,157,10,55,Completed,56333.26,5825.23,9091.45,59599.48
4310,2026-01-06 16:46:12,260,15,15,Completed,181823.7,0.0,32728.27,214551.97
4311,2026-06-20 20:55:42,253,12,42,Completed,296367.29,0.0,53346.11,349713.4
4312,2026-04-03 12:08:54,225,12,12,Completed,335724.32,0.0,60430.38,396154.7
4313,2026-04-27 12:38:13,350,5,5,Completed,461796.57,0.0,83123.38,544919.95
4314,2025-09-20 15:06:29,341,15,30,Completed,273818.32,38175.83,42415.65,278058.14
4315,2026-04-10 21:42:17,418,5,50,Cancelled,578040.65,82885.72,89127.89,584282.82
4316,2025-12-26 19:23:06,143,12,57,Completed,115211.05,0.0,20737.99,135949.04
4317,2026-06-27 10:07:01,283,7,7,Completed,3826.07,0.0,688.69,4514.76
4318,2026-06-15 20:38:10,481,3,18,Pending,184120.78,0.0,33141.74,217262.52
4319,2026-04-20 19:21:37,397,11,26,Completed,195028.14,22000.2,31145.03,204172.97
4320,2026-04-12 21:59:57,407,15,30,Completed,2738.55,0.0,492.94,3231.49
4321,2026-05-17 12:39:13,247,13,43,Completed,61120.87,0.0,11001.76,72122.63
4322,2026-05-22 19:56:29,136,4,19,Completed,439720.54,42589.76,71483.54,468614.32
4323,2026-05-17 12:38:26,404,3,63,Completed,128724.52,7042.83,21902.7,143584.39
4324,2026-04-09 10:02:00,297,3,3,Completed,178516.18,23806.48,27847.75,182557.45
4325,2026-05-10 10:16:12,1,8,23,Completed,204888.67,0.0,36879.96,241768.63
4326,2026-06-12 15:56:36,321,5,50,Completed,155189.39,16709.85,24926.32,163405.86
4327,2026-05-19 16:04:23,196,13,43,Completed,557474.18,0.0,100345.35,657819.53
4328,2025-04-11 14:11:00,244,4,4,Completed,70194.77,0.0,12635.06,82829.83
4329,2026-05-19 16:14:01,287,4,4,Completed,99741.98,0.0,17953.56,117695.54
4330,2026-06-16 18:13:53,291,6,6,Completed,448097.56,20202.26,77021.15,504916.45
4331,2025-04-22 11:39:30,231,14,14,Returned,241406.02,0.0,43453.08,284859.1
4332,2026-05-16 17:21:03,456,5,5,Completed,316809.05,0.0,57025.63,373834.68
4333,2026-06-17 18:40:53,393,3,63,Completed,654363.7,0.0,117785.47,772149.17
4334,2026-05-31 17:45:01,14,9,24,Pending,108299.6,1094.5,19296.92,126502.02
4335,2025-10-13 09:35:41,31,8,8,Completed,495219.6,0.0,89139.53,584359.13
4336,2025-09-11 17:37:54,44,14,14,Completed,29714.26,0.0,5348.57,35062.83
4337,2026-06-08 18:41:44,143,6,21,Completed,244655.47,0.0,44037.98,288693.45
4338,2026-05-14 12:13:04,212,13,13,Completed,174844.97,0.0,31472.09,206317.06
4339,2026-02-09 10:29:23,416,10,70,Completed,736305.19,69353.14,120051.37,787003.42
4340,2025-03-02 12:00:52,318,1,16,Cancelled,9869.82,0.0,1776.57,11646.39
4341,2026-06-28 09:56:38,270,9,9,Returned,534991.8,0.0,96298.52,631290.32
4342,2025-07-23 11:50:46,35,8,23,Completed,338799.1,24743.71,56529.97,370585.36
4343,2025-06-12 16:32:40,485,4,4,Completed,165561.9,0.0,29801.14,195363.04
4344,2026-03-10 20:50:31,253,11,26,Completed,64903.55,0.0,11682.64,76586.19
4345,2024-10-01 18:21:36,350,9,39,Completed,302970.31,0.0,54534.66,357504.97
4346,2026-06-10 18:53:58,156,6,6,Completed,102301.54,3157.2,17845.98,116990.32
4347,2026-02-22 18:18:43,462,4,79,Completed,212893.76,23663.34,34061.48,223291.9
4348,2025-12-13 14:06:34,229,3,78,Completed,262822.5,0.0,47308.05,310130.55
4349,2026-05-08 13:50:58,148,13,28,Completed,293915.49,0.0,52904.79,346820.28
4350,2026-05-18 09:43:44,284,5,50,Completed,371447.85,0.0,66860.61,438308.46
4351,2025-09-08 15:16:42,206,3,3,Returned,248301.07,0.0,44694.19,292995.26
4352,2026-06-13 13:06:27,152,10,40,Completed,264486.36,0.0,47607.54,312093.9
4353,2026-02-21 13:02:28,472,12,57,Completed,363425.32,26027.3,60731.64,398129.66
4354,2026-06-01 17:47:53,348,9,54,Completed,150999.76,7801.91,25775.61,168973.46
4355,2026-05-15 14:28:17,357,15,45,Completed,67572.06,4876.01,11285.29,73981.34
4356,2026-05-09 15:41:51,491,13,13,Cancelled,39547.17,0.0,7118.49,46665.66
4357,2026-02-15 13:05:32,235,11,11,Completed,353731.36,0.0,63671.64,417403.0
4358,2026-02-21 17:39:57,121,11,41,Completed,313446.89,0.0,56420.44,369867.33
4359,2025-08-23 11:17:36,233,8,8,Completed,462960.31,0.0,83332.86,546293.17
4360,2026-06-22 14:43:42,432,2,62,Completed,22133.28,0.0,3983.99,26117.27
4361,2026-06-19 16:34:00,76,15,45,Completed,124228.05,0.0,22361.05,146589.1
4362,2026-06-07 19:37:12,2,5,5,Completed,141208.6,0.0,25417.55,166626.15
4363,2026-06-28 16:23:25,35,13,73,Completed,682931.7,56459.78,112764.95,739236.87
4364,2026-06-03 21:03:53,92,7,67,Cancelled,454157.79,0.0,81748.4,535906.19
4365,2026-02-21 12:21:49,399,4,19,Returned,264633.5,0.0,47634.03,312267.53
4366,2026-06-29 16:11:04,73,6,66,Completed,168023.0,0.0,30244.14,198267.14
4367,2026-04-01 16:42:32,128,1,1,Completed,182980.1,0.0,32936.42,215916.52
4368,2026-05-13 14:14:09,179,13,73,Completed,358779.65,0.0,64580.34,423359.99
4369,2026-06-13 09:00:37,93,6,66,Completed,207672.29,0.0,37381.01,245053.3
4370,2026-05-20 14:58:31,371,14,14,Completed,82757.69,0.0,14896.38,97654.07
4371,2026-05-28 20:13:01,109,7,67,Completed,186647.6,0.0,33596.57,220244.17
4372,2026-05-08 19:25:21,466,5,5,Completed,64979.76,5851.93,10643.01,69770.84
4373,2026-05-04 20:59:34,65,10,55,Completed,114576.99,16557.07,17643.59,115663.51
4374,2026-06-05 16:55:46,456,11,41,Completed,313607.48,42768.61,48751.0,319589.87
4375,2026-02-04 21:02:27,418,1,76,Pending,205217.79,0.0,36939.2,242156.99
4376,2026-04-19 13:50:15,256,5,35,Completed,715983.87,106564.33,109695.52,719115.06
4377,2025-06-23 20:37:05,228,1,1,Completed,342000.22,0.0,61560.04,403560.26
4378,2025-12-09 12:24:35,339,8,23,Completed,33247.72,0.0,5984.59,39232.31
4379,2025-11-06 17:58:44,339,12,57,Completed,116069.88,0.0,20892.58,136962.46
4380,2026-03-10 16:45:31,96,14,14,Completed,356175.32,0.0,64111.56,420286.88
4381,2025-08-10 13:23:53,427,1,76,Completed,400391.88,0.0,72070.54,472462.42
4382,2026-06-18 13:48:34,220,2,77,Completed,227438.71,0.0,40938.97,268377.68
4383,2026-06-19 16:32:23,158,2,47,Completed,87946.13,9328.98,14151.09,92768.24
4384,2026-06-17 20:46:38,322,2,47,Completed,262716.12,0.0,47288.9,310005.02
4385,2025-09-11 20:16:43,241,3,63,Completed,28695.07,524.88,5070.63,33240.82
4386,2025-12-02 12:45:14,43,11,11,Completed,262501.25,0.0,47250.22,309751.47
4387,2026-06-20 11:07:20,300,14,74,Completed,312055.4,0.0,56169.97,368225.37
4388,2025-09-19 12:55:08,13,1,46,Returned,31784.5,0.0,5721.21,37505.71
4389,2026-05-11 17:16:59,4,5,50,Completed,2206.8,0.0,397.22,2604.02
4390,2025-08-22 14:53:52,215,8,23,Completed,241186.24,0.0,43413.52,284599.76
4391,2026-06-11 20:24:24,57,12,57,Pending,400448.26,0.0,72080.69,472528.95
4392,2026-06-09 18:05:57,162,7,67,Completed,378842.21,0.0,68191.6,447033.81
4393,2025-07-25 14:28:41,352,14,74,Completed,175145.34,4283.12,30755.2,201617.42
4394,2026-06-23 15:59:23,472,13,58,Completed,176004.49,0.0,31680.81,207685.3
4395,2026-06-20 13:30:25,369,7,52,Pending,524.44,0.0,94.4,618.84
4396,2026-03-24 19:47:59,181,3,3,Completed,450792.15,0.0,81142.59,531934.74
4397,2026-03-09 13:21:56,329,3,78,Completed,101903.06,0.0,18342.55,120245.61
4398,2026-06-25 09:18:36,95,2,62,Completed,126196.0,0.0,22715.28,148911.28
4399,2025-09-24 18:35:32,266,8,68,Completed,304903.88,0.0,54882.7,359786.58
4400,2026-06-20 20:17:09,74,8,23,Completed,59921.28,0.0,10785.83,70707.11
4401,2026-06-25 20:02:26,221,2,77,Completed,154887.69,0.0,27879.78,182767.47
4402,2025-12-21 19:33:27,88,10,70,Completed,151167.06,11137.7,25205.28,165234.64
4403,2026-02-15 21:30:08,142,1,1,Completed,213316.99,22792.07,34294.49,224819.41
4404,2026-05-28 12:10:51,441,7,7,Completed,375343.56,0.0,67561.84,442905.4
4405,2025-07-06 10:34:44,132,4,4,Completed,80744.42,0.0,14534.0,95278.42
4406,2025-08-11 09:57:05,291,14,14,Returned,383843.17,0.0,69091.77,452934.94
4407,2026-05-22 19:01:25,58,13,73,Completed,180690.05,22376.45,28496.45,186810.05
4408,2025-03-27 17:31:20,257,9,39,Completed,93589.45,0.0,16846.1,110435.55
4409,2026-04-26 18:25:06,357,5,35,Completed,242619.19,16334.08,40731.32,267016.43
4410,2026-06-12 16:59:16,142,4,79,Returned,218515.55,0.0,39332.8,257848.35
4411,2025-08-21 10:59:28,363,9,24,Cancelled,24742.5,0.0,4453.65,29196.15
4412,2026-05-06 16:45:59,451,9,24,Completed,782203.41,0.0,140796.61,923000.02
4413,2026-06-13 15:58:39,124,6,51,Completed,50937.88,0.0,9168.82,60106.7
4414,2026-05-02 20:51:36,449,4,19,Completed,266660.86,0.0,47998.95,314659.81
4415,2026-05-04 19:16:04,454,12,72,Completed,350749.72,34263.31,56967.55,373453.96
4416,2025-03-05 19:24:57,274,15,30,Pending,135901.34,0.0,24462.24,160363.58
4417,2026-06-26 20:27:08,63,10,10,Completed,97605.9,0.0,17569.06,115174.96
4418,2026-05-24 15:45:10,218,15,45,Completed,121799.19,0.0,21923.85,143723.04
4419,2026-05-24 11:27:33,202,13,73,Completed,220524.27,0.0,39694.37,260218.64
4420,2026-06-28 12:27:30,429,2,62,Completed,148432.37,0.0,26717.83,175150.2
4421,2024-12-25 09:08:41,430,10,10,Returned,150024.2,0.0,27004.36,177028.56
4422,2026-05-06 10:38:48,419,14,59,Completed,393925.27,0.0,70906.55,464831.82
4423,2026-06-30 20:43:55,403,10,55,Completed,85260.74,0.0,15346.93,100607.67
4424,2025-06-18 10:58:08,5,4,79,Completed,374601.0,0.0,67428.18,442029.18
4425,2026-06-15 10:36:02,441,13,43,Completed,25781.07,0.0,4640.59,30421.66
4426,2026-06-06 13:52:46,461,6,66,Completed,475868.12,0.0,85656.26,561524.38
4427,2024-07-09 10:25:21,353,3,18,Completed,45678.86,0.0,8222.19,53901.05
4428,2026-04-01 12:43:22,112,11,11,Pending,442528.64,0.0,79655.16,522183.8
4429,2026-04-23 15:08:20,80,5,5,Returned,187971.49,0.0,33834.87,221806.36
4430,2026-06-14 12:03:41,276,2,47,Completed,360141.02,0.0,64825.38,424966.4
4431,2025-11-21 13:04:43,161,14,74,Completed,176033.32,0.0,31686.0,207719.32
4432,2025-06-28 17:19:12,82,1,16,Completed,303890.19,0.0,54700.23,358590.42
4433,2025-10-22 14:00:48,178,1,46,Cancelled,544670.81,0.0,98040.75,642711.56
4434,2025-07-01 17:03:54,308,4,19,Completed,154467.39,0.0,27804.13,182271.52
4435,2026-04-28 11:16:17,482,15,75,Pending,273871.66,0.0,49296.9,323168.56
4436,2026-05-11 09:58:39,476,13,28,Pending,159422.64,0.0,28696.08,188118.72
4437,2026-06-19 12:43:21,248,2,77,Completed,38411.56,1162.36,6704.86,43954.06
4438,2026-05-10 16:40:41,124,15,30,Completed,277081.78,0.0,49874.72,326956.5
4439,2026-06-09 16:25:04,224,6,51,Completed,10958.09,0.0,1972.46,12930.55
4440,2026-06-08 14:20:19,228,6,66,Completed,279096.26,0.0,50237.33,329333.59
4441,2026-04-19 11:58:24,55,5,35,Completed,455219.64,0.0,81939.54,537159.18
4442,2026-06-19 12:51:49,55,6,21,Completed,389377.69,0.0,70087.98,459465.67
4443,2025-05-19 11:29:45,446,3,78,Completed,231466.76,0.0,41664.02,273130.78
4444,2026-06-15 19:06:13,72,2,47,Completed,128270.2,0.0,23088.64,151358.84
4445,2026-04-15 12:36:03,426,14,14,Completed,521446.87,0.0,93860.44,615307.31
4446,2026-01-24 11:57:18,242,10,55,Completed,259609.82,0.0,46729.77,306339.59
4447,2026-06-07 18:04:53,243,4,19,Completed,171845.22,0.0,30932.14,202777.36
4448,2025-10-15 16:58:07,443,10,10,Returned,109391.62,0.0,19690.49,129082.11
4449,2026-05-03 18:15:36,57,3,63,Completed,418113.38,0.0,75260.41,493373.79
4450,2026-06-22 10:18:51,186,6,66,Completed,197670.87,24489.35,31172.67,204354.19
4451,2026-03-25 19:11:11,405,12,12,Pending,35494.65,0.0,6389.04,41883.69
4452,2026-06-06 20:43:20,475,12,57,Completed,375248.65,0.0,67544.76,442793.41
4453,2025-08-22 13:12:25,24,1,76,Returned,231698.92,0.0,41705.81,273404.73
4454,2026-06-13 13:13:52,111,7,52,Completed,144159.8,0.0,25948.76,170108.56
4455,2026-04-23 10:16:09,399,10,70,Completed,136494.07,0.0,24568.93,161063.0
4456,2024-12-18 16:40:09,390,15,15,Completed,150024.2,0.0,27004.36,177028.56
4457,2026-04-16 12:20:10,456,8,23,Completed,357568.86,0.0,64362.39,421931.25
4458,2026-01-27 16:58:34,25,14,74,Completed,461846.01,0.0,83132.28,544978.29
4459,2026-06-20 12:34:48,247,2,2,Completed,282670.88,0.0,50880.76,333551.64
4460,2025-03-02 09:42:27,21,1,1,Completed,175535.54,0.0,31596.4,207131.94
4461,2025-08-26 20:55:27,500,3,33,Completed,312536.23,8537.65,54719.74,358718.32
4462,2025-08-25 13:25:23,244,15,75,Completed,387245.85,0.0,69704.25,456950.1
4463,2026-04-26 19:19:29,62,8,8,Returned,675624.92,90365.02,105346.78,690606.68
4464,2026-05-30 19:13:14,124,5,35,Completed,100512.28,0.0,18092.21,118604.49
4465,2025-11-14 19:50:48,147,14,59,Completed,221682.04,0.0,39902.77,261584.81
4466,2025-10-25 21:04:21,439,14,74,Completed,327077.48,33534.22,52837.79,346381.05
4467,2025-12-24 10:29:20,211,12,27,Completed,91769.7,12420.11,14282.93,93632.52
4468,2026-06-27 17:23:06,161,13,13,Completed,444799.02,0.0,80063.82,524862.84
4469,2026-05-04 19:24:22,432,8,23,Completed,675314.2,9544.28,119838.59,785608.51
4470,2026-06-11 21:26:00,290,6,66,Pending,293003.17,0.0,52740.57,345743.74
4471,2026-04-27 12:28:47,476,11,11,Completed,201435.48,14646.33,33622.05,220411.2
4472,2026-03-03 17:16:40,94,10,70,Completed,277229.5,0.0,49901.31,327130.81
4473,2024-11-19 11:20:05,5,10,40,Completed,227004.05,32208.54,35063.19,229858.7
4474,2026-06-30 18:40:23,174,6,66,Completed,153934.04,17969.74,24473.57,160437.87
4475,2025-09-21 12:31:25,102,8,68,Completed,658284.44,0.0,118491.2,776775.64
4476,2026-06-18 15:19:13,140,2,47,Returned,132725.55,0.0,23890.6,156616.15
4477,2025-12-16 17:04:14,317,14,59,Returned,182430.08,16249.11,29912.57,196093.54
4478,2026-03-14 11:07:01,80,3,78,Completed,137746.17,0.0,24794.31,162540.48
4479,2026-06-10 19:12:38,103,6,21,Completed,218055.02,24353.53,34866.27,228567.76
4480,2025-11-06 10:45:43,311,11,26,Completed,108122.18,0.0,19461.99,127584.17
4481,2026-05-27 11:35:16,479,5,50,Pending,7717.28,0.0,1389.11,9106.39
4482,2026-06-16 12:38:03,413,7,67,Completed,232139.58,16331.82,38845.4,254653.16
4483,2025-11-19 21:31:25,240,9,24,Returned,287444.21,35750.02,45304.95,296999.14
4484,2026-03-19 17:09:19,320,1,1,Completed,344998.14,0.0,62099.67,407097.81
4485,2026-06-14 20:35:14,221,7,52,Returned,164206.55,0.0,29557.18,193763.73
4486,2026-04-04 18:40:19,351,14,14,Completed,129593.87,12617.96,21055.66,138031.57
4487,2026-06-25 19:47:22,210,9,24,Completed,153617.8,0.0,27651.2,181269.0
4488,2025-10-30 18:11:21,9,9,39,Completed,234545.2,12252.04,40012.77,262305.93
4489,2025-07-19 21:11:24,219,3,78,Completed,159088.02,0.0,28635.84,187723.86
4490,2026-03-18 21:58:49,385,14,14,Completed,344012.39,14600.1,59294.21,388706.5
4491,2026-03-13 12:40:19,230,12,27,Completed,427728.82,0.0,76991.19,504720.01
4492,2026-06-05 16:03:46,452,7,67,Completed,22878.63,0.0,4118.15,26996.78
4493,2025-09-25 13:40:16,240,3,18,Completed,38472.88,0.0,6925.12,45398.0
4494,2026-06-01 09:22:06,221,7,52,Cancelled,22184.66,0.0,3993.24,26177.9
4495,2025-11-06 17:03:24,153,10,70,Completed,466882.78,62823.16,72730.73,476790.35
4496,2026-04-19 21:47:47,203,3,78,Completed,592190.08,82540.7,91736.89,601386.27
4497,2025-10-11 13:16:38,268,8,68,Completed,57168.35,7182.28,8997.49,58983.56
4498,2026-01-21 19:59:50,131,15,15,Completed,249183.86,0.0,44853.09,294036.95
4499,2024-06-29 17:27:39,347,15,45,Completed,159526.19,0.0,28714.71,188240.9
4500,2026-05-20 19:19:17,214,13,13,Pending,175668.71,4286.93,30848.72,202230.5
4501,2026-06-07 19:15:55,288,9,24,Completed,293532.72,0.0,52835.89,346368.61
4502,2025-10-14 15:37:47,127,9,9,Completed,397880.42,0.0,71618.48,469498.9
4503,2026-05-30 21:08:41,241,7,67,Completed,60883.66,0.0,10959.06,71842.72
4504,2025-12-06 18:50:15,471,4,79,Completed,69315.6,1428.15,12219.74,80107.19
4505,2025-05-06 21:43:56,313,9,9,Completed,297599.2,0.0,53567.86,351167.06
4506,2026-05-10 15:13:06,477,13,13,Completed,112024.41,0.0,20164.39,132188.8
4507,2025-06-10 19:09:15,188,3,3,Returned,178075.8,0.0,32053.64,210129.44
4508,2025-05-01 12:15:52,187,3,18,Completed,249012.05,0.0,44822.17,293834.22
4509,2026-06-18 10:18:49,327,13,28,Pending,102851.49,0.0,18513.27,121364.76
4510,2024-09-19 16:02:11,284,3,3,Completed,189168.28,0.0,34050.29,223218.57
4511,2026-06-15 11:02:53,282,10,70,Returned,526565.41,17001.17,91721.56,601285.8
4512,2026-06-29 12:06:42,319,6,6,Completed,243546.88,0.0,43838.44,287385.32
4513,2026-02-08 18:44:44,249,11,26,Pending,70013.6,0.0,12602.45,82616.05
4514,2025-07-12 19:37:40,358,1,76,Returned,652383.4,0.0,117429.01,769812.41
4515,2026-06-26 14:53:56,384,2,62,Completed,177542.52,11136.22,29953.13,196359.43
4516,2026-06-01 13:33:15,388,3,33,Completed,1643.13,0.0,295.76,1938.89
4517,2026-06-24 16:07:23,112,13,73,Completed,652990.65,31004.92,111957.43,733943.16
4518,2026-06-09 13:27:39,161,5,50,Completed,150740.5,0.0,27133.29,177873.79
4519,2026-06-15 20:44:35,239,11,11,Completed,555949.46,0.0,100070.9,656020.36
4520,2026-06-26 11:57:02,69,8,8,Completed,385510.03,0.0,69391.81,454901.84
4521,2026-04-01 19:46:46,28,1,61,Completed,513962.99,0.0,92513.34,606476.33
4522,2026-03-25 12:18:40,441,14,74,Completed,287099.85,0.0,51677.97,338777.82
4523,2026-06-20 11:07:24,329,2,32,Completed,162820.46,0.0,29307.68,192128.14
4524,2026-05-14 20:13:11,7,1,31,Completed,398143.73,0.0,71665.87,469809.6
4525,2024-08-30 19:47:48,39,9,24,Completed,338442.39,0.0,60919.63,399362.02
4526,2025-10-07 14:09:41,365,8,23,Returned,263416.03,0.0,47414.89,310830.92
4527,2025-08-06 10:06:27,453,3,3,Completed,21356.47,1204.86,3627.29,23778.9
4528,2025-09-29 17:57:47,178,12,42,Completed,11190.16,0.0,2014.23,13204.39
4529,2026-05-27 10:47:48,456,7,52,Completed,103241.12,0.0,18583.4,121824.52
4530,2025-07-04 21:27:59,229,9,9,Completed,147378.54,0.0,26528.14,173906.68
4531,2026-02-27 20:08:38,425,12,72,Pending,647339.53,0.0,116521.12,763860.65
4532,2026-06-20 17:25:55,164,2,47,Completed,574058.95,0.0,103330.61,677389.56
4533,2026-06-09 21:01:10,87,7,52,Completed,10991.44,0.0,1978.46,12969.9
4534,2026-05-08 16:43:51,315,10,55,Cancelled,190774.23,0.0,34339.36,225113.59
4535,2025-08-20 19:00:23,174,4,4,Completed,331452.04,0.0,59661.37,391113.41
4536,2026-04-28 09:42:21,40,10,55,Pending,331913.84,0.0,59744.49,391658.33
4537,2026-05-06 17:16:32,166,13,43,Completed,368857.66,0.0,66394.38,435252.04
4538,2026-06-08 16:03:14,281,5,35,Completed,302893.18,0.0,54520.77,357413.95
4539,2026-06-03 18:31:03,259,5,35,Completed,65072.13,0.0,11712.98,76785.11
4540,2026-04-07 09:41:28,287,11,41,Completed,366669.66,53174.38,56429.15,369924.43
4541,2026-05-20 17:14:20,338,5,5,Completed,260331.02,26405.81,42106.54,276031.75
4542,2026-02-03 11:28:10,459,1,1,Completed,377827.93,0.0,68009.03,445836.96
4543,2026-06-13 11:35:11,305,8,8,Completed,56119.04,0.0,10101.43,66220.47
4544,2026-05-17 12:08:00,61,14,74,Completed,112504.68,0.0,20250.84,132755.52
4545,2026-05-10 12:16:01,47,13,28,Completed,109160.71,0.0,19648.93,128809.64
4546,2025-10-05 09:04:56,101,14,59,Returned,438440.75,0.0,78919.33,517360.08
4547,2026-06-06 13:02:25,21,6,6,Completed,234472.5,6280.54,41074.55,269266.51
4548,2026-04-17 16:51:04,34,11,26,Completed,45845.92,0.0,8252.27,54098.19
4549,2026-04-24 13:34:22,236,1,76,Cancelled,296506.82,0.0,53371.23,349878.05
4550,2026-02-25 17:35:25,440,8,68,Returned,373946.83,0.0,67310.43,441257.26
4551,2025-12-09 21:50:16,323,11,11,Completed,572725.54,0.0,103090.6,675816.14
4552,2025-07-19 13:40:19,230,12,72,Completed,159281.55,0.0,28670.68,187952.23
4553,2026-01-18 09:58:07,42,4,4,Completed,8251.32,720.48,1355.55,8886.39
4554,2026-06-01 20:26:31,386,14,59,Returned,377859.05,0.0,68014.63,445873.68
4555,2026-02-15 10:37:55,206,8,23,Completed,468489.8,0.0,84328.16,552817.96
4556,2024-10-22 10:30:02,138,10,70,Completed,777391.35,95536.63,122733.85,804588.57
4557,2026-06-27 13:21:04,405,2,62,Returned,342346.72,5796.54,60579.03,397129.21
4558,2026-05-28 21:02:08,248,14,59,Completed,244241.31,0.0,43963.44,288204.75
4559,2025-08-04 20:22:14,341,4,4,Completed,144588.17,0.0,26025.87,170614.04
4560,2026-01-23 16:42:08,259,14,14,Completed,171522.51,0.0,30874.05,202396.56
4561,2025-08-06 18:58:22,98,12,27,Completed,438262.39,14387.98,76297.39,500171.8
4562,2026-04-05 13:33:36,330,12,27,Completed,230505.39,33545.37,35452.8,232412.82
4563,2026-03-26 17:31:11,402,4,34,Cancelled,337073.5,0.0,60673.23,397746.73
4564,2026-06-07 12:13:40,491,3,78,Completed,529858.15,0.0,95374.47,625232.62
4565,2026-06-03 09:10:44,359,8,68,Completed,91391.97,0.0,16450.55,107842.52
4566,2026-04-04 17:25:42,16,15,30,Completed,96259.55,0.0,17326.72,113586.27
4567,2026-06-16 15:18:34,366,10,55,Completed,32367.18,0.0,5826.09,38193.27
4568,2025-12-31 18:35:14,70,11,26,Completed,497448.96,0.0,89540.81,586989.77
4569,2026-06-17 11:45:15,389,7,67,Completed,448815.01,0.0,80786.7,529601.71
4570,2026-02-05 19:29:25,284,12,72,Completed,199901.31,19715.15,32433.51,212619.67
4571,2026-03-01 14:55:14,498,3,63,Completed,284918.43,0.0,51285.32,336203.75
4572,2026-05-26 19:10:03,439,5,5,Completed,600945.12,28905.21,102967.18,675007.09
4573,2026-06-10 13:49:03,211,7,7,Completed,6517.86,0.0,1173.21,7691.07
4574,2024-11-25 14:25:44,354,15,30,Completed,169488.55,0.0,30507.94,199996.49
4575,2026-05-10 15:13:25,452,12,42,Completed,249693.63,24165.26,40595.11,266123.48
4576,2026-04-18 12:12:23,445,9,54,Completed,11026.26,0.0,1984.73,13010.99
4577,2026-05-23 14:51:45,146,5,35,Completed,240816.22,0.0,43346.92,284163.14
4578,2026-01-15 13:55:18,465,15,45,Cancelled,639.0,0.0,115.02,754.02
4579,2026-06-28 14:16:56,44,2,2,Completed,318749.56,0.0,57374.92,376124.48
4580,2026-01-31 19:18:10,151,10,55,Completed,631679.13,9299.22,112028.38,734408.29
4581,2026-03-14 20:19:11,42,11,41,Completed,229684.76,0.0,41343.26,271028.02
4582,2026-05-07 17:07:57,394,5,35,Completed,80208.33,0.0,14437.5,94645.83
4583,2026-05-16 15:17:48,83,10,10,Completed,93510.44,12672.35,14550.86,95388.95
4584,2026-02-22 15:18:11,313,3,33,Completed,147221.85,21362.12,22654.75,148514.48
4585,2025-10-23 13:28:46,450,9,54,Completed,212759.62,0.0,38296.73,251056.35
4586,2026-04-05 17:56:31,110,11,41,Completed,319461.84,0.0,57503.13,376964.97
4587,2026-06-13 12:54:00,331,10,10,Completed,71440.44,7488.15,11511.41,75463.7
4588,2026-05-22 14:41:04,162,13,13,Completed,79734.42,0.0,14352.2,94086.62
4589,2026-06-29 18:11:58,113,14,59,Completed,117259.12,0.0,21106.64,138365.76
4590,2026-01-01 17:10:16,121,1,31,Completed,79243.26,0.0,14263.79,93507.05
4591,2026-06-30 10:08:16,101,2,2,Completed,483931.37,0.0,87107.65,571039.02
4592,2026-03-06 17:40:43,154,15,30,Completed,355147.95,0.0,63926.63,419074.58
4593,2025-07-05 20:03:52,197,3,33,Completed,516233.26,35334.46,86561.78,567460.58
4594,2026-05-30 09:27:26,472,5,50,Completed,497082.97,69297.67,77001.35,504786.65
4595,2026-05-27 15:51:55,303,7,7,Completed,36990.57,0.0,6658.3,43648.87
4596,2026-03-23 18:06:56,212,4,79,Completed,721855.36,0.0,129933.96,851789.32
4597,2026-04-18 16:38:44,410,14,14,Completed,100312.85,0.0,18056.31,118369.16
4598,2026-06-14 10:54:49,198,6,6,Completed,179628.6,0.0,32333.15,211961.75
4599,2026-06-04 10:57:10,43,6,6,Completed,99345.72,5809.45,16836.53,110372.8
4600,2025-10-07 15:02:00,72,12,27,Completed,283506.46,0.0,51031.16,334537.62
4601,2026-02-26 11:35:59,390,1,16,Completed,224052.85,13664.38,37869.92,248258.39
4602,2026-06-09 19:08:07,278,7,67,Completed,298745.06,0.0,53774.11,352519.17
4603,2025-05-25 13:47:44,31,9,54,Completed,21690.71,0.0,3904.33,25595.04
4604,2026-05-10 16:39:25,152,3,33,Completed,227828.76,0.0,41009.18,268837.94
4605,2026-04-13 13:10:02,317,10,70,Cancelled,79220.98,11418.14,12204.51,80007.35
4606,2026-06-16 13:53:17,332,2,47,Completed,86762.84,0.0,15617.31,102380.15
4607,2026-01-17 12:53:31,201,1,76,Completed,400251.56,26410.18,67291.45,441132.83
4608,2025-05-23 10:45:22,362,14,74,Returned,197937.9,13712.33,33160.6,217386.17
4609,2026-06-18 18:45:55,87,9,39,Completed,340192.13,0.0,61234.58,401426.71
4610,2026-06-23 15:13:57,234,6,66,Completed,204819.34,0.0,36867.48,241686.82
4611,2026-06-30 11:37:14,251,12,72,Returned,1896.99,0.0,341.46,2238.45
4612,2026-05-07 16:42:52,161,8,23,Completed,228552.44,0.0,41139.44,269691.88
4613,2025-04-26 16:27:01,274,14,14,Completed,229757.52,0.0,41356.35,271113.87
4614,2026-05-27 14:37:13,369,11,11,Completed,474451.0,33725.07,79330.67,520056.6
4615,2026-06-19 14:00:49,374,11,41,Completed,200844.08,24351.71,31768.63,208261.0
4616,2025-07-28 14:51:27,434,4,4,Completed,564127.75,0.0,101542.99,665670.74
4617,2025-11-19 21:35:40,448,3,78,Completed,92367.92,0.0,16626.23,108994.15
4618,2026-05-26 18:26:13,324,7,52,Completed,516791.82,0.0,93022.53,609814.35
4619,2025-07-25 16:20:54,347,8,23,Returned,284983.41,0.0,51297.01,336280.42
4620,2026-06-16 17:18:08,88,2,2,Returned,684282.89,0.0,123170.92,807453.81
4621,2026-06-16 19:18:58,340,3,63,Completed,190728.87,0.0,34331.2,225060.07
4622,2025-12-21 14:37:18,12,15,30,Completed,361166.03,34399.88,58817.91,385584.06
4623,2026-06-15 12:20:25,179,13,73,Completed,107344.59,0.0,19322.03,126666.62
4624,2026-05-13 12:30:49,173,3,33,Completed,24480.91,0.0,4406.56,28887.47
4625,2026-06-18 16:46:57,374,10,55,Completed,299151.36,42627.57,46174.28,302698.07
4626,2025-08-22 16:57:14,350,15,45,Completed,64362.26,5915.38,10520.44,68967.32
4627,2026-05-22 20:58:47,441,5,50,Completed,107009.94,0.0,19261.79,126271.73
4628,2025-03-02 20:35:53,39,3,18,Completed,80334.38,8443.06,12940.44,84831.76
4629,2026-06-29 19:03:05,235,13,73,Completed,202756.05,0.0,36496.09,239252.14
4630,2026-06-28 11:54:30,413,6,21,Completed,217195.3,0.0,39095.15,256290.45
4631,2026-06-27 13:36:43,325,15,30,Completed,372287.59,0.0,67011.77,439299.36
4632,2026-06-07 21:39:25,220,6,21,Completed,125992.85,16706.53,19671.54,128957.86
4633,2026-06-01 18:03:09,348,14,74,Completed,478334.65,0.0,86100.24,564434.89
4634,2026-01-23 13:02:28,115,11,41,Pending,562647.68,0.0,101276.58,663924.26
4635,2026-05-20 18:45:05,287,5,5,Cancelled,198798.09,2172.64,35392.58,232018.03
4636,2025-12-31 20:20:30,145,3,63,Completed,673765.87,0.0,121277.86,795043.73
4637,2026-01-06 14:04:45,114,14,74,Returned,448500.85,0.0,80730.15,529231.0
4638,2026-06-13 20:15:21,346,10,70,Completed,158973.75,8944.83,27005.21,177034.13
4639,2026-06-14 11:46:27,146,7,7,Returned,153739.03,0.0,27673.03,181412.06
4640,2026-06-11 14:09:01,12,5,5,Completed,199221.38,9517.25,34146.74,223850.87
4641,2026-04-26 10:04:33,126,4,34,Completed,128558.41,0.0,23140.51,151698.92
4642,2026-06-28 11:33:11,270,8,8,Completed,354942.51,13442.42,61470.02,402970.11
4643,2026-06-22 12:44:32,462,6,21,Returned,426099.07,0.0,76697.83,502796.9
4644,2025-08-09 16:05:51,53,12,72,Completed,183051.28,0.0,32949.23,216000.51
4645,2025-07-03 20:51:43,197,1,16,Completed,583466.79,22803.37,100919.42,661582.84
4646,2025-11-08 13:05:33,259,14,59,Completed,153247.99,0.0,27584.64,180832.63
4647,2026-06-22 09:42:11,128,7,67,Completed,272785.18,0.0,49101.33,321886.51
4648,2025-06-27 12:30:58,323,10,40,Completed,3793.98,0.0,682.92,4476.9
4649,2026-06-22 10:02:37,25,12,27,Completed,338587.17,12211.23,58747.67,385123.61
4650,2026-02-13 16:29:50,213,8,68,Completed,287729.86,32164.63,46001.74,301566.97
4651,2025-09-06 21:29:24,123,14,59,Completed,163487.79,0.0,29427.8,192915.59
4652,2026-06-25 09:13:16,179,5,35,Completed,383922.37,0.0,69106.03,453028.4
4653,2026-06-24 21:55:44,259,2,77,Completed,366013.2,0.0,65882.38,431895.58
4654,2026-05-12 09:08:24,184,13,13,Completed,122185.86,0.0,21993.45,144179.31
4655,2026-06-07 12:52:03,294,6,51,Completed,626999.68,53984.38,103142.75,676158.05
4656,2026-05-18 20:15:12,375,13,28,Completed,273453.38,0.0,49221.61,322674.99
4657,2026-06-25 19:47:04,450,2,32,Returned,426200.17,0.0,76716.03,502916.2
4658,2025-12-28 20:50:01,336,9,39,Completed,242944.11,0.0,43729.94,286674.05
4659,2026-06-11 15:08:51,74,7,52,Completed,353358.33,19603.28,60075.91,393830.96
4660,2026-06-13 20:06:20,8,7,52,Completed,245983.24,23319.51,40079.47,262743.2
4661,2025-12-10 17:30:27,64,12,42,Completed,252087.42,0.0,45375.74,297463.16
4662,2026-03-07 17:15:47,478,15,75,Returned,368052.62,21987.2,62291.78,408357.2
4663,2026-06-05 18:29:15,339,3,63,Completed,71877.42,0.0,12937.94,84815.36
4664,2026-06-01 18:20:52,299,5,5,Completed,221247.22,0.0,39824.5,261071.72
4665,2026-06-22 09:10:14,87,6,21,Completed,251422.03,9442.57,43556.3,285535.76
4666,2026-06-15 16:49:07,397,6,21,Returned,328073.28,0.0,59053.19,387126.47
4667,2026-04-23 17:49:35,280,3,78,Completed,171091.58,0.0,30796.48,201888.06
4668,2026-05-15 14:05:24,44,10,55,Completed,481680.56,48309.53,78006.79,511377.82
4669,2026-03-29 20:44:37,171,10,10,Completed,242407.47,8297.29,42139.83,276250.01
4670,2025-09-28 13:27:16,429,14,59,Completed,207752.53,0.0,37395.46,245147.99
4671,2026-06-11 13:04:23,74,4,4,Completed,235496.6,0.0,42389.39,277885.99
4672,2025-09-26 16:34:23,447,3,78,Completed,10808.33,887.9,1785.68,11706.11
4673,2026-06-20 10:32:37,253,15,15,Completed,424687.45,0.0,76443.74,501131.19
4674,2025-07-25 10:57:43,250,10,55,Completed,333254.74,35636.07,53571.36,351190.03
4675,2026-06-04 19:48:14,232,1,76,Completed,201059.68,19715.33,32641.98,213986.33
4676,2026-06-12 20:08:58,74,13,43,Completed,351005.4,10372.97,61313.84,401946.27
4677,2025-10-18 19:04:29,15,1,76,Completed,73257.98,0.0,13186.44,86444.42
4678,2026-05-11 12:17:44,365,1,76,Completed,414972.6,0.0,74695.07,489667.67
4679,2026-06-25 15:06:14,22,11,11,Completed,299384.74,0.0,53889.25,353273.99
4680,2026-05-11 18:08:51,7,12,57,Completed,112947.88,0.0,20330.62,133278.5
4681,2026-06-14 16:20:53,45,7,52,Returned,503368.61,0.0,90606.35,593974.96
4682,2026-04-29 20:32:45,177,5,50,Completed,593658.8,0.0,106858.58,700517.38
4683,2026-04-22 17:48:25,448,4,19,Completed,46390.24,0.0,8350.24,54740.48
4684,2024-11-15 14:43:03,461,9,39,Completed,199327.22,0.0,35878.9,235206.12
4685,2026-06-27 10:22:22,453,7,67,Completed,146766.92,0.0,26418.05,173184.97
4686,2026-05-05 15:43:26,57,12,42,Completed,221313.35,0.0,39836.4,261149.75
4687,2026-06-14 09:36:15,216,7,67,Completed,59482.04,0.0,10706.77,70188.81
4688,2025-08-04 15:40:00,383,4,79,Completed,451807.72,44549.92,73306.4,480564.2
4689,2026-06-04 20:26:07,452,6,51,Completed,566863.69,0.0,102035.46,668899.15
4690,2026-01-23 14:26:12,37,4,19,Completed,289298.76,4135.02,51329.47,336493.21
4691,2024-06-20 17:09:23,134,15,45,Completed,138350.98,0.0,24903.18,163254.16
4692,2026-06-18 10:09:41,207,2,77,Completed,86704.95,0.0,15606.89,102311.84
4693,2025-05-29 17:53:48,463,10,70,Completed,133899.45,0.0,24101.9,158001.35
4694,2025-12-20 13:33:30,199,10,70,Completed,229336.68,25670.59,36659.9,240325.99
4695,2026-06-26 12:05:36,424,9,54,Completed,370697.94,0.0,66725.63,437423.57
4696,2025-06-26 16:40:03,115,1,31,Completed,339909.1,0.0,61183.64,401092.74
4697,2026-06-06 11:48:22,105,7,67,Returned,396934.3,0.0,71448.17,468382.47
4698,2026-06-22 11:15:00,375,2,62,Returned,245524.18,0.0,44194.35,289718.53
4699,2026-05-24 18:58:45,69,8,23,Completed,446370.32,0.0,80346.66,526716.98
4700,2026-04-15 10:48:38,57,8,23,Completed,18438.49,0.0,3318.93,21757.42
4701,2026-03-12 16:43:41,423,9,54,Pending,437464.28,43444.92,70923.48,464942.84
4702,2026-06-08 21:24:00,269,6,51,Completed,830209.69,36476.99,142871.89,936604.59
4703,2025-03-25 15:12:22,77,3,18,Completed,612161.35,0.0,110189.04,722350.39
4704,2026-01-27 16:29:23,106,11,41,Completed,321629.76,0.0,57893.36,379523.12
4705,2026-06-23 17:19:51,375,5,5,Completed,152222.38,0.0,27400.03,179622.41
4706,2026-04-11 12:54:47,410,5,5,Completed,136873.86,0.0,24637.29,161511.15
4707,2025-10-21 13:49:33,105,1,16,Completed,184124.23,0.0,33142.36,217266.59
4708,2026-05-25 12:47:50,228,5,50,Completed,162890.86,0.0,29320.35,192211.21
4709,2025-12-28 15:05:07,350,12,27,Completed,250523.67,0.0,45094.26,295617.93
4710,2026-05-06 12:53:34,354,13,28,Returned,309896.2,0.0,55781.32,365677.52
4711,2026-06-16 17:42:26,432,7,67,Cancelled,319568.81,12044.75,55354.33,362878.39
4712,2026-06-24 12:58:41,339,2,77,Cancelled,388530.28,0.0,69935.45,458465.73
4713,2026-06-17 19:59:10,448,2,2,Completed,377579.1,0.0,67964.24,445543.34
4714,2026-05-21 09:51:13,41,8,23,Completed,613986.1,24411.29,106123.47,695698.28
4715,2026-06-09 15:41:46,218,7,52,Cancelled,276487.13,0.0,49767.68,326254.81
4716,2026-04-02 10:41:15,156,8,8,Completed,177911.68,0.0,32024.1,209935.78
4717,2026-03-27 17:17:21,488,14,59,Pending,316089.64,0.0,56896.14,372985.78
4718,2026-04-03 09:45:11,103,11,26,Completed,176221.77,0.0,31719.92,207941.69
4719,2026-05-05 16:23:13,308,5,5,Completed,413175.23,59498.01,63661.9,417339.12
4720,2026-03-01 12:09:45,353,4,4,Completed,184629.81,0.0,33233.37,217863.18
4721,2025-08-10 15:28:53,176,3,63,Returned,30144.3,4277.69,4655.99,30522.6
4722,2026-06-27 21:53:50,324,6,6,Completed,376618.31,0.0,67791.3,444409.61
4723,2026-06-17 16:35:03,28,6,66,Completed,609998.27,0.0,109799.69,719797.96
4724,2025-10-18 11:18:54,35,3,63,Completed,256821.2,0.0,46227.82,303049.02
4725,2026-06-13 10:32:22,150,13,73,Completed,100752.62,0.0,18135.47,118888.09
4726,2025-11-12 17:57:10,371,10,40,Completed,182816.84,0.0,32907.03,215723.87
4727,2026-03-19 10:17:37,465,12,12,Returned,226458.53,0.0,40762.54,267221.07
4728,2026-05-31 12:25:46,255,7,52,Completed,295275.6,0.0,53149.61,348425.21
4729,2026-06-14 14:08:32,439,6,66,Completed,46841.92,0.0,8431.55,55273.47
4730,2025-12-06 18:41:20,86,3,63,Completed,195028.14,0.0,35105.07,230133.21
4731,2026-06-10 11:36:19,363,15,15,Completed,479008.96,0.0,86221.61,565230.57
4732,2025-01-13 19:54:47,135,10,55,Completed,127414.83,0.0,22934.67,150349.5
4733,2026-03-04 16:53:51,380,14,59,Returned,3826.07,0.0,688.69,4514.76
4734,2026-06-10 17:34:54,443,7,7,Returned,146278.82,0.0,26330.19,172609.01
4735,2026-06-25 20:56:58,321,6,6,Pending,342763.29,0.0,61697.39,404460.68
4736,2026-05-06 14:38:22,459,10,10,Completed,189968.19,0.0,34194.27,224162.46
4737,2025-10-21 11:13:36,382,8,68,Completed,415461.4,0.0,74783.05,490244.45
4738,2026-05-05 21:12:24,499,12,42,Returned,127391.03,6042.73,21842.69,143190.99
4739,2026-06-23 10:09:40,473,2,77,Completed,493674.27,0.0,88861.37,582535.64
4740,2026-06-30 21:20:42,213,7,7,Completed,411113.06,0.0,74000.35,485113.41
4741,2026-03-16 17:02:59,18,12,72,Completed,607875.01,0.0,109417.5,717292.51
4742,2026-04-22 12:59:40,1,11,11,Completed,80501.97,5769.47,13451.85,88184.35
4743,2026-04-23 11:00:48,282,9,9,Completed,279943.12,39043.03,43362.02,284262.11
4744,2026-06-25 15:14:28,317,7,52,Completed,109677.66,0.0,19741.98,129419.64
4745,2025-07-21 13:49:16,9,4,79,Completed,484256.11,0.0,87166.1,571422.21
4746,2026-06-21 16:00:29,459,7,52,Completed,116484.92,15440.88,18187.93,119231.97
4747,2026-01-11 14:25:42,297,11,41,Completed,106589.16,8789.19,17603.99,115403.96
4748,2026-06-06 18:26:31,252,13,43,Completed,166805.17,5975.12,28949.41,189779.46
4749,2026-06-03 12:38:15,163,5,35,Completed,203045.07,0.0,36548.11,239593.18
4750,2025-12-31 18:47:21,129,12,72,Completed,246270.45,22716.77,40239.66,263793.34
4751,2025-10-01 20:42:03,218,15,75,Completed,7177.36,0.0,1291.92,8469.28
4752,2026-04-11 10:03:54,265,9,54,Completed,348858.13,47220.44,54294.78,355932.47
4753,2026-06-19 15:53:56,109,2,32,Completed,52094.32,1880.52,9038.48,59252.28
4754,2026-06-18 09:43:02,162,5,35,Returned,435442.69,42783.84,70678.59,463337.44
4755,2025-07-19 10:49:18,265,1,31,Completed,537716.57,0.0,96788.98,634505.55
4756,2026-06-25 20:00:02,426,6,66,Pending,335588.2,0.0,60405.88,395994.08
4757,2024-09-18 16:13:33,470,10,10,Completed,545296.6,0.0,98153.39,643449.99
4758,2026-06-02 21:45:14,164,5,35,Completed,171134.28,0.0,30804.17,201938.45
4759,2025-11-18 15:48:36,373,8,23,Completed,480079.45,0.0,86414.3,566493.75
4760,2026-03-19 18:17:06,294,11,11,Completed,257763.91,0.0,46397.5,304161.41
4761,2026-06-25 15:31:04,295,9,39,Completed,138864.89,0.0,24995.68,163860.57
4762,2026-06-14 14:18:08,74,2,32,Cancelled,545566.07,0.0,98201.89,643767.96
4763,2026-04-14 21:45:11,278,11,26,Completed,271045.62,0.0,48788.21,319833.83
4764,2026-06-15 12:48:22,35,2,2,Completed,123712.5,0.0,22268.25,145980.75
4765,2026-04-28 13:10:42,441,12,12,Completed,393587.82,0.0,70845.81,464433.63
4766,2026-04-15 18:28:39,33,14,14,Completed,400932.3,0.0,72167.81,473100.11
4767,2026-05-07 19:14:48,421,10,10,Completed,130791.19,0.0,23542.41,154333.6
4768,2026-03-15 16:24:54,127,9,54,Completed,699081.68,0.0,125834.7,824916.38
4769,2026-06-28 18:20:57,324,7,7,Returned,229848.64,0.0,41372.76,271221.4
4770,2025-10-10 09:41:13,37,15,30,Completed,42732.14,5402.69,6719.3,44048.75
4771,2025-11-05 17:29:18,419,8,68,Returned,347486.77,46104.83,54248.75,355630.69
4772,2025-11-03 17:06:32,359,11,11,Completed,236155.32,7682.47,41125.11,269597.96
4773,2026-02-18 12:40:39,123,3,78,Completed,217987.44,0.0,39237.74,257225.18
4774,2025-10-07 11:24:48,420,8,68,Completed,63946.32,0.0,11510.34,75456.66
4775,2026-06-28 10:22:59,262,3,3,Completed,132892.39,0.0,23920.63,156813.02
4776,2024-08-08 12:14:52,41,9,39,Completed,628616.29,20954.94,109379.04,717040.39
4777,2026-06-23 15:03:21,40,14,59,Completed,16532.38,842.08,2824.25,18514.55
4778,2026-06-26 10:37:08,230,7,52,Returned,77629.58,2165.19,13583.59,89047.98
4779,2026-03-15 17:38:08,401,14,74,Completed,70003.84,0.0,12600.69,82604.53
4780,2025-06-16 17:28:20,448,4,4,Completed,356756.14,0.0,64216.11,420972.25
4781,2026-04-27 18:48:58,139,1,31,Completed,4050.06,61.65,717.91,4706.32
4782,2026-03-02 15:00:24,348,14,14,Completed,385688.92,6573.6,68240.76,447356.08
4783,2026-06-28 19:10:17,272,8,8,Completed,588281.02,0.0,105890.58,694171.6
4784,2026-02-02 14:21:48,242,11,11,Completed,32048.28,1804.92,5443.8,35687.16
4785,2026-04-11 18:53:26,33,4,79,Completed,114583.2,1609.24,20335.31,133309.27
4786,2025-10-24 20:47:19,133,12,42,Completed,584402.18,22105.66,101213.37,663509.89
4787,2026-06-12 16:46:19,232,6,21,Cancelled,149803.2,8589.63,25418.44,166632.01
4788,2026-03-14 11:54:20,153,11,41,Completed,146019.4,0.0,26283.49,172302.89
4789,2026-03-24 09:45:07,215,11,41,Completed,118209.2,0.0,21277.66,139486.86
4790,2026-06-17 14:47:27,188,2,2,Completed,234472.5,3129.76,41641.69,272984.43
4791,2026-06-09 14:04:20,128,13,28,Completed,338225.25,0.0,60880.54,399105.79
4792,2026-03-17 09:41:23,147,12,57,Completed,262940.11,3360.15,46724.39,306304.35
4793,2026-05-06 18:34:12,212,13,73,Completed,281448.85,0.0,50660.79,332109.64
4794,2026-06-21 13:27:20,108,2,77,Completed,426806.04,0.0,76825.09,503631.13
4795,2026-05-26 17:27:03,91,13,58,Completed,313389.92,0.0,56410.19,369800.11
4796,2026-05-21 15:12:44,321,5,50,Completed,17521.08,1429.75,2896.44,18987.77
4797,2026-06-11 11:15:19,106,13,73,Completed,415643.92,0.0,74815.91,490459.83
4798,2026-06-09 21:20:28,454,6,21,Completed,70583.71,0.0,12705.07,83288.78
4799,2026-06-24 16:54:33,40,6,51,Cancelled,164474.63,20434.87,25927.16,169966.92
4800,2025-11-25 17:34:00,327,3,63,Completed,180230.91,0.0,32441.56,212672.47
4801,2026-05-23 19:47:55,104,13,28,Completed,92993.86,0.0,16738.89,109732.75
4802,2026-06-17 19:33:47,238,2,62,Completed,252198.05,0.0,45395.65,297593.7
4803,2026-05-24 19:24:37,396,3,78,Returned,190867.12,0.0,34356.08,225223.2
4804,2026-05-30 15:46:51,491,12,42,Completed,65781.44,8498.52,10310.93,67593.85
4805,2026-02-21 12:43:35,457,4,79,Completed,390366.71,16362.66,67320.73,441324.78
4806,2026-03-01 21:55:44,143,8,68,Completed,105271.73,0.0,18948.91,124220.64
4807,2026-06-26 10:50:39,270,2,77,Completed,402783.85,0.0,72501.09,475284.94
4808,2025-04-13 21:50:45,371,10,55,Cancelled,217573.77,0.0,39163.28,256737.05
4809,2025-12-22 17:48:44,478,12,27,Pending,264663.97,0.0,47639.51,312303.48
4810,2026-05-23 14:15:43,481,13,58,Completed,102585.44,11592.2,16378.78,107372.02
4811,2026-05-29 14:17:21,445,12,12,Completed,254211.69,0.0,45758.1,299969.79
4812,2026-05-23 11:20:34,33,14,74,Completed,225223.84,0.0,40540.29,265764.13
4813,2024-07-01 13:49:00,455,15,30,Completed,271406.22,0.0,48853.12,320259.34
4814,2026-06-08 09:12:57,119,6,66,Completed,718076.73,0.0,129253.81,847330.54
4815,2026-02-10 12:20:42,259,3,63,Completed,83264.15,0.0,14987.55,98251.7
4816,2025-12-13 18:52:48,314,1,31,Completed,28971.16,0.0,5214.81,34185.97
4817,2026-06-04 15:53:50,195,6,66,Completed,278752.38,0.0,50175.43,328927.81
4818,2026-06-03 10:12:09,366,7,67,Completed,528023.81,37799.02,88240.46,578465.25
4819,2026-06-17 15:11:54,407,6,6,Completed,296170.62,0.0,53310.71,349481.33
4820,2026-04-18 13:40:13,465,9,39,Completed,539327.34,0.0,97078.92,636406.26
4821,2026-03-02 17:11:13,198,1,76,Pending,189416.64,0.0,34095.0,223511.64
4822,2026-05-30 16:11:33,88,14,59,Completed,138219.73,0.0,24879.55,163099.28
4823,2026-02-07 16:59:56,334,11,26,Completed,22922.96,2084.6,3750.9,24589.26
4824,2025-10-18 12:15:01,202,4,4,Completed,657252.24,0.0,118305.4,775557.64
4825,2026-06-01 16:10:47,151,7,7,Completed,309540.46,0.0,55717.28,365257.74
4826,2026-02-18 12:13:44,457,3,78,Completed,710716.96,56751.18,117713.84,771679.62
4827,2026-02-09 21:18:50,160,10,10,Completed,31796.72,0.0,5723.41,37520.13
4828,2026-04-17 19:05:27,256,5,50,Completed,17397.94,0.0,3131.63,20529.57
4829,2026-05-05 19:02:14,123,5,50,Cancelled,257198.83,0.0,46295.79,303494.62
4830,2026-01-21 15:15:49,32,12,12,Completed,132204.86,0.0,23796.87,156001.73
4831,2026-06-08 13:23:53,92,13,28,Completed,289326.87,36756.49,45462.67,298033.05
4832,2026-06-14 19:21:29,38,5,5,Completed,80533.47,3450.31,13874.97,90958.13
4833,2025-05-28 11:57:36,475,14,59,Completed,638418.83,0.0,114915.39,753334.22
4834,2024-12-28 17:19:33,392,14,14,Completed,292057.01,0.0,52570.26,344627.27
4835,2026-06-25 20:02:47,19,7,67,Completed,226662.89,0.0,40799.32,267462.21
4836,2025-04-18 13:26:37,31,3,63,Pending,115134.81,11020.77,18740.53,122854.57
4837,2026-05-26 19:21:12,54,8,23,Completed,561722.8,67033.67,89044.04,583733.17
4838,2026-02-23 11:57:19,325,10,10,Completed,656927.78,0.0,118247.0,775174.78
4839,2026-04-18 19:31:34,494,1,46,Completed,41467.75,0.0,7464.19,48931.94
4840,2025-09-30 10:27:22,164,8,8,Completed,503962.7,0.0,90713.29,594675.99
4841,2025-12-31 12:49:33,91,15,45,Completed,723251.38,0.0,130185.25,853436.63
4842,2026-05-09 09:29:04,178,5,50,Completed,208201.28,0.0,37476.23,245677.51
4843,2026-04-07 21:10:39,329,15,15,Completed,288105.66,0.0,51859.02,339964.68
4844,2026-06-22 19:01:22,13,3,18,Completed,515837.46,0.0,92850.74,608688.2
4845,2026-05-08 16:06:16,384,1,46,Completed,43243.62,0.0,7783.85,51027.47
4846,2026-04-15 12:49:07,120,15,30,Completed,320981.56,0.0,57776.68,378758.24
4847,2026-06-19 21:20:22,42,5,35,Returned,594008.83,0.0,106921.59,700930.42
4848,2026-06-19 13:48:48,415,2,32,Completed,329973.18,0.0,59395.17,389368.35
4849,2026-02-07 19:57:35,81,1,16,Returned,468217.3,0.0,84279.11,552496.41
4850,2026-06-19 17:37:55,403,11,11,Returned,405628.04,0.0,73013.05,478641.09
4851,2025-07-31 15:35:00,182,3,3,Completed,687719.28,0.0,123789.47,811508.75
4852,2026-04-23 15:10:21,418,3,63,Cancelled,168283.29,0.0,30290.99,198574.28
4853,2026-06-16 20:14:45,436,6,6,Completed,161200.55,0.0,29016.1,190216.65
4854,2026-03-17 18:18:15,384,15,15,Completed,290295.12,25056.0,47743.04,312982.16
4855,2026-01-10 09:47:48,419,12,27,Completed,108453.55,0.0,19521.64,127975.19
4856,2026-02-06 21:15:35,129,10,70,Completed,169156.45,19674.87,26906.68,176388.26
4857,2026-04-13 21:58:59,492,5,35,Cancelled,134144.2,6728.4,22934.84,150350.64
4858,2026-03-01 19:25:22,497,11,11,Completed,223907.42,10607.12,38394.05,251694.35
4859,2025-04-09 20:35:48,306,10,55,Completed,188231.94,0.0,33881.75,222113.69
4860,2025-12-20 09:33:26,269,1,16,Completed,139043.09,0.0,25027.76,164070.85
4861,2026-06-27 19:15:53,421,2,47,Completed,56694.51,0.0,10205.01,66899.52
4862,2025-11-30 21:01:21,333,1,61,Cancelled,137396.43,18770.77,21352.62,139978.28
4863,2026-03-28 17:54:31,387,14,59,Completed,186773.82,0.0,33619.29,220393.11
4864,2025-06-18 10:35:08,172,10,10,Completed,128905.35,0.0,23202.96,152108.31
4865,2025-09-08 09:39:03,239,8,8,Completed,89710.05,0.0,16147.81,105857.86
4866,2026-06-19 20:14:36,148,5,35,Completed,224952.59,0.0,40491.47,265444.06
4867,2026-03-22 13:54:45,37,8,8,Pending,280448.95,0.0,50480.81,330929.76
4868,2026-01-05 15:33:43,103,12,42,Completed,167263.35,21241.66,26283.9,172305.59
4869,2026-05-27 14:43:59,353,5,50,Completed,13182.39,0.0,2372.83,15555.22
4870,2026-04-04 18:24:25,107,8,23,Completed,20062.57,0.0,3611.26,23673.83
4871,2026-06-20 15:24:46,3,8,8,Completed,183641.89,17610.81,29885.59,195916.67
4872,2025-11-09 10:09:00,150,14,59,Completed,82083.99,0.0,14775.12,96859.11
4873,2025-12-02 17:38:13,279,1,16,Completed,86352.07,0.0,15543.37,101895.44
4874,2026-06-26 17:43:37,79,6,21,Completed,537772.57,0.0,96799.06,634571.63
4875,2026-06-26 12:49:23,3,5,5,Completed,329388.11,0.0,59289.86,388677.97
4876,2026-05-02 21:45:21,10,3,63,Completed,58143.7,0.0,10465.87,68609.57
4877,2026-06-23 15:26:35,226,6,21,Completed,177500.55,0.0,31950.1,209450.65
4878,2026-04-05 19:47:06,287,15,15,Completed,639590.88,0.0,115126.36,754717.24
4879,2025-08-21 16:20:09,205,8,68,Completed,337309.58,0.0,60715.72,398025.3
4880,2025-08-31 14:15:31,332,9,9,Completed,50043.92,0.0,9007.91,59051.83
4881,2026-03-04 12:48:39,138,3,78,Completed,178875.45,0.0,32197.58,211073.03
4882,2025-07-29 18:23:08,108,10,55,Completed,66686.59,8142.45,10537.95,69082.09
4883,2026-05-01 17:41:34,452,14,59,Returned,23728.1,0.0,4271.06,27999.16
4884,2026-04-19 12:18:45,97,3,78,Completed,301737.56,0.0,54312.76,356050.32
4885,2026-06-29 20:19:29,48,2,47,Cancelled,340853.01,23716.48,57084.58,374221.11
4886,2026-06-09 19:55:41,140,12,57,Completed,492031.57,28513.59,83433.24,546951.22
4887,2026-05-11 18:02:36,238,1,31,Returned,223888.84,0.0,40299.99,264188.83
4888,2026-05-04 13:23:52,235,9,9,Completed,38408.97,0.0,6913.61,45322.58
4889,2026-06-15 12:39:24,441,6,66,Returned,277669.51,0.0,49980.51,327650.02
4890,2025-10-21 21:43:16,476,1,76,Pending,229247.6,0.0,41264.57,270512.17
4891,2026-03-01 20:37:06,241,4,79,Completed,278753.07,29521.24,44861.73,294093.56
4892,2025-07-28 13:51:07,266,14,74,Completed,241746.25,0.0,43514.32,285260.57
4893,2026-03-05 18:40:17,255,15,45,Completed,330702.53,23160.6,55357.55,362899.48
4894,2025-12-24 21:06:57,17,8,68,Completed,257129.41,0.0,46283.29,303412.7
4895,2026-06-04 19:29:51,339,13,73,Completed,447259.2,46144.46,72200.65,473315.39
4896,2026-06-01 15:20:32,369,7,67,Completed,324018.06,0.0,58323.25,382341.31
4897,2026-06-14 21:04:07,119,7,7,Pending,197186.6,24363.88,31108.09,203930.81
4898,2025-08-01 17:58:45,276,14,59,Completed,150157.75,15360.55,24263.5,159060.7
4899,2025-12-25 15:20:51,478,15,15,Completed,149275.75,0.0,26869.63,176145.38
4900,2026-01-14 11:53:49,82,9,9,Completed,114446.11,0.0,20600.3,135046.41
4901,2026-06-13 17:39:41,61,3,63,Completed,419813.83,20687.25,71842.78,470969.36
4902,2026-06-09 18:43:37,261,6,21,Completed,104637.2,0.0,18834.7,123471.9
4903,2026-06-28 13:06:46,451,7,7,Completed,45423.62,0.0,8176.25,53599.87
4904,2025-04-21 12:29:45,347,9,39,Completed,431015.52,0.0,77582.79,508598.31
4905,2026-05-19 16:57:26,362,13,43,Completed,250541.69,0.0,45097.5,295639.19
4906,2026-06-27 15:31:01,272,6,51,Completed,258185.34,0.0,46473.36,304658.7
4907,2026-06-11 13:35:45,64,7,67,Completed,132374.62,0.0,23827.43,156202.05
4908,2026-05-16 09:00:03,49,5,50,Completed,454942.68,0.0,81889.68,536832.36
4909,2026-06-14 15:02:09,140,1,46,Completed,511149.25,0.0,92006.86,603156.11
4910,2026-06-27 13:49:02,442,2,2,Completed,214205.44,0.0,38556.98,252762.42
4911,2026-05-12 15:33:47,311,8,8,Completed,132410.55,0.0,23833.9,156244.45
4912,2026-06-02 11:29:59,376,9,39,Completed,212624.94,8785.53,36691.09,240530.5
4913,2026-06-08 18:52:47,137,5,50,Completed,613263.62,10945.54,108417.25,710735.33
4914,2024-09-16 21:54:41,459,14,59,Completed,38942.13,0.0,7009.58,45951.71
4915,2026-02-02 15:40:52,246,12,27,Completed,1293.9,0.0,232.9,1526.8
4916,2026-02-08 17:57:53,142,8,68,Completed,180644.4,0.0,32515.99,213160.39
4917,2026-06-02 16:58:04,287,12,27,Completed,138170.08,0.0,24870.61,163040.69
4918,2025-10-11 18:47:44,430,12,42,Completed,331066.3,36841.79,52960.41,347184.92
4919,2025-08-04 21:27:44,332,12,72,Completed,386593.19,0.0,69586.77,456179.96
4920,2026-06-24 12:45:25,236,2,77,Pending,321503.14,36541.15,51293.16,336255.15
4921,2026-06-23 12:44:01,326,2,62,Completed,99445.52,0.0,17900.19,117345.71
4922,2026-03-29 15:50:03,494,15,30,Pending,77402.56,0.0,13932.46,91335.02
4923,2025-10-24 19:25:54,62,4,4,Completed,115009.2,9317.52,19024.5,124716.18
4924,2025-07-11 16:07:09,181,3,63,Completed,211715.33,0.0,38108.76,249824.09
4925,2026-05-26 16:27:13,295,12,57,Completed,273818.32,30560.23,43786.46,287044.55
4926,2026-04-25 11:44:29,167,1,46,Completed,62389.69,0.0,11230.14,73619.83
4927,2026-06-12 12:32:35,369,10,10,Completed,167426.22,0.0,30136.72,197562.94
4928,2026-02-23 15:08:59,250,15,75,Completed,83559.75,5853.61,13987.11,91693.25
4929,2024-06-22 11:47:22,435,15,75,Completed,194395.65,0.0,34991.22,229386.87
4930,2026-06-21 18:04:20,487,2,62,Completed,29729.03,3476.77,4725.41,30977.67
4931,2026-05-14 14:26:03,216,5,35,Completed,276057.04,0.0,49690.27,325747.31
4932,2026-06-07 11:41:02,197,13,58,Completed,132024.99,7916.55,22339.52,146447.96
4933,2025-11-28 20:58:06,224,10,10,Completed,256155.95,0.0,46108.07,302264.02
4934,2025-07-23 19:52:11,408,12,42,Completed,241553.47,0.0,43479.62,285033.09
4935,2026-02-14 20:39:55,34,4,34,Returned,135386.42,0.0,24369.56,159755.98
4936,2026-06-18 21:49:43,116,2,32,Completed,58222.2,0.0,10480.0,68702.2
4937,2026-02-03 16:27:25,417,12,57,Cancelled,153717.46,0.0,27669.14,181386.6
4938,2026-01-20 12:47:40,147,11,11,Completed,158499.03,18749.31,25154.95,164904.67
4939,2025-11-27 20:55:26,81,11,41,Cancelled,95950.05,0.0,17271.01,113221.06
4940,2025-07-21 20:10:32,143,4,34,Returned,1170922.12,0.0,210765.98,1381688.1
4941,2026-06-14 14:35:56,468,2,62,Completed,168190.11,14046.08,27745.93,181889.96
4942,2025-03-16 16:14:11,500,9,9,Completed,532793.61,0.0,95902.85,628696.46
4943,2026-06-29 17:48:59,194,13,58,Completed,2172.62,0.0,391.07,2563.69
4944,2026-06-17 14:53:23,287,7,52,Completed,150022.85,0.0,27004.11,177026.96
4945,2026-06-01 16:00:47,57,6,6,Completed,55626.89,0.0,10012.84,65639.73
4946,2026-01-19 11:39:23,188,8,8,Pending,5725.92,0.0,1030.67,6756.59
4947,2025-08-04 13:05:08,205,9,54,Completed,49406.17,965.11,8719.39,57160.45
4948,2025-03-03 14:35:25,176,15,75,Completed,190784.26,0.0,34341.17,225125.43
4949,2026-06-15 15:01:02,448,7,7,Completed,319333.49,0.0,57480.03,376813.52
4950,2026-06-03 14:05:30,96,6,51,Completed,187641.12,0.0,33775.4,221416.52
4951,2026-05-24 14:04:55,488,10,70,Completed,175092.18,0.0,31516.59,206608.77
4952,2026-05-16 14:13:04,244,15,45,Completed,98867.09,0.0,17796.08,116663.17
4953,2026-06-12 21:55:16,89,8,8,Completed,220041.65,25795.05,34964.39,229210.99
4954,2026-06-16 10:39:31,172,9,9,Completed,320001.06,38438.49,50681.26,332243.83
4955,2026-06-22 15:48:05,82,2,32,Completed,7587.96,852.32,1212.42,7948.06
4956,2026-06-15 11:44:51,350,7,7,Completed,206964.32,0.0,37253.58,244217.9
4957,2026-06-05 21:09:08,395,6,21,Returned,407854.24,48237.49,64731.01,424347.76
4958,2026-04-12 20:43:32,405,5,35,Completed,409413.58,0.0,73694.44,483108.02
4959,2026-06-30 20:06:10,2,2,47,Returned,129113.74,2691.13,22756.07,149178.68
4960,2026-06-22 09:49:53,227,2,77,Completed,335358.39,0.0,60364.51,395722.9
4961,2025-12-31 16:49:50,451,11,26,Cancelled,403284.51,0.0,72591.21,475875.72
4962,2026-05-03 20:56:07,284,11,41,Completed,227210.44,0.0,40897.88,268108.32
4963,2026-06-02 16:48:59,458,7,67,Completed,336034.66,45370.51,52319.55,342983.7
4964,2026-03-30 09:20:32,5,12,12,Completed,194998.48,0.0,35099.73,230098.21
4965,2026-04-02 19:58:32,304,10,10,Pending,237742.99,0.0,42793.74,280536.73
4966,2026-05-01 12:18:45,62,5,5,Completed,301234.56,0.0,54222.22,355456.78
4967,2025-02-25 20:46:57,175,1,61,Pending,539139.1,0.0,97045.04,636184.14
4968,2026-03-31 19:33:46,193,12,27,Completed,139629.5,0.0,25133.31,164762.81
4969,2026-06-12 09:40:11,222,13,73,Cancelled,468557.6,0.0,84340.37,552897.97
4970,2025-08-14 15:44:26,399,4,4,Completed,84911.64,0.0,15284.1,100195.74
4971,2026-05-27 10:10:58,215,1,16,Cancelled,64106.99,0.0,11539.26,75646.25
4972,2026-04-05 15:49:16,149,15,75,Completed,365569.6,32163.9,60013.03,393418.73
4973,2026-05-16 17:55:12,59,3,33,Completed,56109.94,0.0,10099.79,66209.73
4974,2025-06-12 18:32:52,82,1,46,Completed,123645.64,0.0,22256.22,145901.86
4975,2026-05-18 18:04:54,430,5,50,Completed,141149.44,0.0,25406.9,166556.34
4976,2026-06-19 09:15:14,3,14,74,Completed,249006.74,0.0,44821.21,293827.95
4977,2026-06-01 14:26:43,432,5,50,Completed,288080.26,0.0,51854.45,339934.71
4978,2026-04-16 15:22:31,367,15,15,Completed,619705.3,76850.94,97713.78,640568.14
4979,2024-11-12 09:18:36,471,9,9,Completed,159492.35,13244.03,26324.7,172573.02
4980,2025-05-10 17:36:43,435,1,31,Completed,312294.76,0.0,56213.06,368507.82
4981,2026-03-23 13:22:02,149,11,11,Completed,384323.37,0.0,69178.21,453501.58
4982,2026-06-17 21:56:08,74,15,45,Completed,60846.23,0.0,10952.32,71798.55
4983,2025-11-25 11:17:57,434,4,4,Completed,198937.28,0.0,35808.71,234745.99
4984,2025-05-18 13:06:58,283,15,75,Completed,229126.96,25766.61,36604.86,239965.21
4985,2026-06-23 14:52:53,51,15,30,Returned,153045.7,10818.09,25600.97,167828.58
4986,2026-05-06 17:25:07,186,8,23,Completed,275191.85,27005.99,44673.45,292859.31
4987,2026-04-20 12:36:15,7,12,42,Completed,149945.82,0.0,26990.25,176936.07
4988,2026-01-21 14:17:40,494,1,61,Completed,117259.12,0.0,21106.64,138365.76
4989,2026-03-08 17:33:22,143,14,14,Completed,43233.32,0.0,7782.0,51015.32
4990,2026-05-08 11:00:27,476,9,9,Completed,176962.61,0.0,31853.27,208815.88
4991,2026-06-07 11:23:42,191,7,67,Completed,152720.56,0.0,27489.7,180210.26
4992,2026-06-04 15:44:10,213,13,28,Completed,325087.49,0.0,58515.75,383603.24
4993,2024-07-12 21:11:30,213,9,24,Completed,188510.69,23903.21,29629.35,194236.83
4994,2026-06-14 12:39:47,464,5,5,Completed,511653.58,0.0,92097.64,603751.22
4995,2026-06-21 16:53:35,386,6,51,Completed,21616.66,1477.93,3624.97,23763.7
4996,2025-09-02 17:01:05,399,1,16,Completed,145742.6,0.0,26233.67,171976.27
4997,2026-06-27 11:36:18,255,2,2,Completed,436793.75,0.0,78622.88,515416.63
4998,2025-10-12 19:48:36,469,1,16,Completed,180559.28,0.0,32500.67,213059.95
4999,2026-03-05 12:17:06,233,4,34,Returned,366232.08,0.0,65921.77,432153.85
5000,2026-04-25 12:39:04,430,11,26,Pending,240748.26,25731.4,38703.03,253719.89
