Order_Item_ID,Order_ID,Product_ID,Quantity,Unit_Price,Total_Price
1,1,56,2,37341.47,74682.94
2,2,244,2,3395.09,6790.18
3,3,189,1,58222.2,58222.2
4,4,212,5,14743.99,73719.95
5,5,111,4,12779.39,51117.56
6,6,248,4,55808.74,223234.96
7,7,220,5,29590.01,147950.05
8,8,164,1,40728.62,40728.62
9,9,228,4,66102.43,264409.72
10,10,109,4,29367.34,117469.36
11,11,246,3,17087.52,51262.56
12,12,121,4,12980.71,51922.84
13,13,166,2,5840.36,11680.72
14,14,193,1,1860.99,1860.99
15,15,183,1,12734.47,12734.47
16,16,21,1,7177.36,7177.36
17,17,76,1,22632.82,22632.82
18,18,142,2,24742.5,49485.0
19,19,131,3,29903.35,89710.05
20,20,64,4,45985.44,183941.76
21,21,217,5,26516.35,132581.75
22,22,45,4,61881.38,247525.52
23,23,5,1,16804.25,16804.25
24,24,165,5,51492.2,257461.0
25,25,115,4,6132.98,24531.92
26,26,183,4,12734.47,50937.88
27,27,202,5,10640.66,53203.3
28,28,193,3,1860.99,5582.97
29,29,165,2,51492.2,102984.4
30,30,49,3,10523.25,31569.75
31,31,37,2,3858.64,7717.28
32,32,84,2,18918.53,37837.06
33,33,152,2,11244.0,22488.0
34,34,241,5,29741.02,148705.1
35,35,34,2,55038.37,110076.74
36,36,68,2,43109.08,86218.16
37,37,93,4,46909.04,187636.16
38,38,123,4,32240.11,128960.44
39,39,198,2,11169.83,22339.66
40,40,117,4,13182.39,52729.56
41,41,65,3,25140.63,75421.89
42,42,115,3,6132.98,18398.94
43,43,13,2,53776.88,107553.76
44,44,28,5,54176.7,270883.5
45,45,135,3,32067.55,96202.65
46,46,48,1,64744.15,64744.15
47,47,26,3,57281.74,171845.22
48,48,135,3,32067.55,96202.65
49,49,111,1,12779.39,12779.39
50,50,59,4,43410.48,173641.92
51,51,49,5,10523.25,52616.25
52,52,59,5,43410.48,217052.4
53,53,212,4,14743.99,58975.96
54,54,183,5,12734.47,63672.35
55,55,126,5,64362.26,321811.3
56,56,214,5,46708.94,233544.7
57,57,224,3,53537.82,160613.46
58,58,46,1,32367.18,32367.18
59,59,195,3,56252.99,168758.97
60,60,119,3,33444.49,100333.47
61,61,231,5,63124.22,315621.1
62,62,198,5,11169.83,55849.15
63,63,64,3,45985.44,137956.32
64,64,170,5,55187.3,275936.5
65,65,203,5,52650.81,263254.05
66,66,80,4,21690.71,86762.84
67,67,193,4,1860.99,7443.96
68,68,15,4,27970.24,111880.96
69,69,148,2,45590.74,91181.48
70,70,175,5,66335.25,331676.25
71,71,46,5,32367.18,161835.9
72,72,88,2,38006.23,76012.46
73,73,34,1,55038.37,55038.37
74,74,39,3,57498.93,172496.79
75,75,80,4,21690.71,86762.84
76,76,21,4,7177.36,28709.44
77,77,183,4,12734.47,50937.88
78,78,152,3,11244.0,33732.0
79,79,106,4,19251.91,77007.64
80,80,166,4,5840.36,23361.44
81,81,135,1,32067.55,32067.55
82,82,134,5,50043.92,250219.6
83,83,133,4,45678.86,182715.44
84,84,56,4,37341.47,149365.88
85,85,192,1,15107.45,15107.45
86,86,224,2,53537.82,107075.64
87,87,223,5,41409.35,207046.75
88,88,84,5,18918.53,94592.65
89,89,184,3,25759.96,77279.88
90,90,200,3,17145.0,51435.0
91,91,202,5,10640.66,53203.3
92,92,35,1,12662.52,12662.52
93,93,30,5,10958.09,54790.45
94,94,86,4,21297.54,85190.16
95,95,45,2,61881.38,123762.76
96,96,244,3,3395.09,10185.27
97,97,247,1,1889.76,1889.76
98,98,23,5,56494.42,282472.1
99,99,72,4,54286.43,217145.72
100,100,55,4,57983.9,231935.6
101,101,125,5,42471.61,212358.05
102,102,109,2,29367.34,58734.68
103,103,103,2,5533.32,11066.64
104,104,130,5,17397.94,86989.7
105,105,98,3,45423.62,136270.86
106,106,75,5,42394.12,211970.6
107,107,242,5,14842.89,74214.45
108,108,225,4,60097.04,240388.16
109,109,174,4,56927.09,227708.36
110,110,146,1,38757.35,38757.35
111,111,182,4,53789.43,215157.72
112,112,142,2,24742.5,49485.0
113,113,208,2,41507.35,83014.7
114,114,6,1,642.86,642.86
115,115,141,1,11433.67,11433.67
116,116,6,1,642.86,642.86
117,117,25,3,22922.96,68768.88
118,118,46,5,32367.18,161835.9
119,119,210,4,29960.64,119842.56
120,120,171,4,10281.14,41124.56
121,121,153,1,1829.17,1829.17
122,122,102,2,28252.05,56504.1
123,123,82,1,37506.05,37506.05
124,124,83,4,62547.04,250188.16
125,125,83,5,62547.04,312735.2
126,126,88,1,38006.23,38006.23
127,127,65,5,25140.63,125703.15
128,128,197,1,30911.41,30911.41
129,129,145,4,12802.99,51211.96
130,130,114,1,25781.07,25781.07
131,131,162,1,64005.28,64005.28
132,132,170,5,55187.3,275936.5
133,133,3,1,1679.44,1679.44
134,134,183,3,12734.47,38203.41
135,135,162,3,64005.28,192015.84
136,136,132,4,55437.19,221748.76
137,137,231,2,63124.22,126248.44
138,138,70,2,66121.59,132243.18
139,139,169,2,62923.23,125846.46
140,140,124,3,19205.78,57617.34
141,141,225,5,60097.04,300485.2
142,142,246,4,17087.52,68350.08
143,143,109,3,29367.34,88102.02
144,144,181,2,30941.3,61882.6
145,145,159,3,2783.41,8350.23
146,146,209,5,39850.3,199251.5
147,147,51,1,4745.62,4745.62
148,148,244,3,3395.09,10185.27
149,149,30,4,10958.09,43832.36
150,150,32,5,21295.25,106476.25
151,151,119,2,33444.49,66888.98
152,152,191,3,35165.54,105496.62
153,153,17,2,36691.73,73383.46
154,154,168,2,18613.65,37227.3
155,155,222,3,8275.82,24827.46
156,156,53,2,13502.43,27004.86
157,157,84,2,18918.53,37837.06
158,158,242,4,14842.89,59371.56
159,159,119,3,33444.49,100333.47
160,160,173,4,50939.53,203758.12
161,161,175,4,66335.25,265341.0
162,162,128,4,17503.4,70013.6
163,163,55,3,57983.9,173951.7
164,164,232,2,18463.39,36926.78
165,165,100,3,55420.51,166261.53
166,166,137,4,23377.61,93510.44
167,167,83,1,62547.04,62547.04
168,168,53,1,13502.43,13502.43
169,169,3,3,1679.44,5038.32
170,170,182,5,53789.43,268947.15
171,171,113,5,14029.76,70148.8
172,172,24,3,9618.22,28854.66
173,173,1,4,10808.33,43233.32
174,174,234,4,56146.62,224586.48
175,175,20,2,20223.14,40446.28
176,176,223,5,41409.35,207046.75
177,177,8,4,31794.75,127179.0
178,178,22,5,42176.54,210882.7
179,179,153,1,1829.17,1829.17
180,180,124,3,19205.78,57617.34
181,181,101,4,47716.78,190867.12
182,182,228,4,66102.43,264409.72
183,183,155,4,646.95,2587.8
184,184,214,3,46708.94,140126.82
185,185,122,2,24480.91,48961.82
186,186,204,1,44102.83,44102.83
187,187,118,1,4934.91,4934.91
188,188,193,2,1860.99,3721.98
189,189,75,2,42394.12,84788.24
190,190,95,4,59509.32,238037.28
191,191,109,5,29367.34,146836.7
192,192,169,2,62923.23,125846.46
193,193,201,1,29524.33,29524.33
194,194,56,2,37341.47,74682.94
195,195,90,2,735.6,1471.2
196,196,100,5,55420.51,277102.55
197,197,96,2,5276.47,10552.94
198,198,227,3,61598.02,184794.06
199,199,84,5,18918.53,94592.65
200,200,115,4,6132.98,24531.92
201,201,126,2,64362.26,128724.52
202,202,82,1,37506.05,37506.05
203,203,122,5,24480.91,122404.55
204,204,195,1,56252.99,56252.99
205,205,192,1,15107.45,15107.45
206,206,170,4,55187.3,220749.2
207,207,46,5,32367.18,161835.9
208,208,177,2,25646.36,51292.72
209,209,168,5,18613.65,93068.25
210,210,77,4,2172.62,8690.48
211,211,216,4,21395.53,85582.12
212,212,69,4,9102.07,36408.28
213,213,192,1,15107.45,15107.45
214,214,47,4,40909.49,163637.96
215,215,23,3,56494.42,169483.26
216,216,157,5,10754.95,53774.75
217,217,53,4,13502.43,54009.72
218,218,172,2,53622.22,107244.44
219,219,28,5,54176.7,270883.5
220,220,102,2,28252.05,56504.1
221,221,221,4,41568.44,166273.76
222,222,86,4,21297.54,85190.16
223,223,179,3,51970.0,155910.0
224,224,66,2,6070.99,12141.98
225,225,149,1,10425.94,10425.94
226,226,150,3,25258.79,75776.37
227,227,17,5,36691.73,183458.65
228,228,215,3,16623.86,49871.58
229,229,101,4,47716.78,190867.12
230,230,56,1,37341.47,37341.47
231,231,16,4,10378.88,41515.52
232,232,52,4,11931.31,47725.24
233,233,38,1,547.71,547.71
234,234,203,1,52650.81,52650.81
235,235,92,1,59038.83,59038.83
236,236,100,3,55420.51,166261.53
237,237,15,4,27970.24,111880.96
238,238,131,4,29903.35,119613.4
239,239,223,1,41409.35,41409.35
240,240,224,3,53537.82,160613.46
241,241,215,5,16623.86,83119.3
242,242,28,1,54176.7,54176.7
243,243,53,3,13502.43,40507.29
244,244,196,2,50609.16,101218.32
245,245,224,4,53537.82,214151.28
246,246,192,2,15107.45,30214.9
247,247,155,4,646.95,2587.8
248,248,94,2,28901.65,57803.3
249,249,124,2,19205.78,38411.56
250,250,196,5,50609.16,253045.8
251,251,82,5,37506.05,187530.25
252,252,192,5,15107.45,75537.25
253,253,101,4,47716.78,190867.12
254,254,118,4,4934.91,19739.64
255,255,179,1,51970.0,51970.0
256,256,86,3,21297.54,63892.62
257,257,77,5,2172.62,10863.1
258,258,152,5,11244.0,56220.0
259,259,183,1,12734.47,12734.47
260,260,122,1,24480.91,24480.91
261,261,47,5,40909.49,204547.45
262,262,236,5,12330.19,61650.95
263,263,99,5,10955.12,54775.6
264,264,196,5,50609.16,253045.8
265,265,239,1,8293.55,8293.55
266,266,84,3,18918.53,56755.59
267,267,181,5,30941.3,154706.5
268,268,47,4,40909.49,163637.96
269,269,3,1,1679.44,1679.44
270,270,169,2,62923.23,125846.46
271,271,147,2,979.82,1959.64
272,272,56,1,37341.47,37341.47
273,273,55,2,57983.9,115967.8
274,274,101,5,47716.78,238583.9
275,275,147,2,979.82,1959.64
276,276,121,3,12980.71,38942.13
277,277,108,1,7901.41,7901.41
278,278,41,1,29618.34,29618.34
279,279,64,4,45985.44,183941.76
280,280,195,5,56252.99,281264.95
281,281,217,5,26516.35,132581.75
282,282,74,1,20062.57,20062.57
283,283,93,4,46909.04,187636.16
284,284,124,1,19205.78,19205.78
285,285,178,2,64556.87,129113.74
286,286,190,5,42783.57,213917.85
287,287,18,5,44633.15,223165.75
288,288,69,2,9102.07,18204.14
289,289,180,3,22916.64,68749.92
290,290,17,5,36691.73,183458.65
291,291,91,4,31454.59,125818.36
292,292,193,1,1860.99,1860.99
293,293,122,4,24480.91,97923.64
294,294,171,3,10281.14,30843.42
295,295,87,5,46894.5,234472.5
296,296,154,2,56227.97,112455.94
297,297,40,2,10792.75,21585.5
298,298,178,3,64556.87,193670.61
299,299,93,2,46909.04,93818.08
300,300,177,5,25646.36,128231.8
301,301,83,5,62547.04,312735.2
302,302,126,1,64362.26,64362.26
303,303,223,4,41409.35,165637.4
304,304,50,1,38689.96,38689.96
305,305,201,2,29524.33,59048.66
306,306,197,2,30911.41,61822.82
307,307,141,2,11433.67,22867.34
308,308,156,2,22854.19,45708.38
309,309,205,2,44040.82,88081.64
310,310,92,2,59038.83,118077.66
311,311,140,4,48596.53,194386.12
312,312,135,5,32067.55,160337.75
313,313,128,1,17503.4,17503.4
314,314,96,2,5276.47,10552.94
315,315,90,5,735.6,3678.0
316,316,167,4,32297.74,129190.96
317,317,77,4,2172.62,8690.48
318,318,242,2,14842.89,29685.78
319,319,106,5,19251.91,96259.55
320,320,171,3,10281.14,30843.42
321,321,218,4,28695.07,114780.28
322,322,69,4,9102.07,36408.28
323,323,71,3,49802.41,149407.23
324,324,83,1,62547.04,62547.04
325,325,117,2,13182.39,26364.78
326,326,230,5,31745.27,158726.35
327,327,63,1,28971.16,28971.16
328,328,195,1,56252.99,56252.99
329,329,237,1,27207.03,27207.03
330,330,141,3,11433.67,34301.01
331,331,186,1,43925.21,43925.21
332,332,135,5,32067.55,160337.75
333,333,13,5,53776.88,268884.4
334,334,123,3,32240.11,96720.33
335,335,104,3,18898.17,56694.51
336,336,210,3,29960.64,89881.92
337,337,193,1,1860.99,1860.99
338,338,192,3,15107.45,45322.35
339,339,139,1,22524.02,22524.02
340,340,167,1,32297.74,32297.74
341,341,82,5,37506.05,187530.25
342,342,3,1,1679.44,1679.44
343,343,1,5,10808.33,54041.65
344,344,232,5,18463.39,92316.95
345,345,228,4,66102.43,264409.72
346,346,125,5,42471.61,212358.05
347,347,126,3,64362.26,193086.78
348,348,65,4,25140.63,100562.52
349,349,112,1,58381.78,58381.78
350,350,151,2,12383.09,24766.18
351,351,115,5,6132.98,30664.9
352,352,208,5,41507.35,207536.75
353,353,245,4,7411.87,29647.48
354,354,97,2,68459.59,136919.18
355,355,213,4,46579.95,186319.8
356,356,202,3,10640.66,31921.98
357,357,100,3,55420.51,166261.53
358,358,63,2,28971.16,57942.32
359,359,60,3,49134.01,147402.03
360,360,210,4,29960.64,119842.56
361,361,114,3,25781.07,77343.21
362,362,191,5,35165.54,175827.7
363,363,105,2,26970.33,53940.66
364,364,51,4,4745.62,18982.48
365,365,148,2,45590.74,91181.48
366,366,40,4,10792.75,43171.0
367,367,236,2,12330.19,24660.38
368,368,129,1,9524.26,9524.26
369,369,158,1,64606.23,64606.23
370,370,89,1,35164.04,35164.04
371,371,47,2,40909.49,81818.98
372,372,125,3,42471.61,127414.83
373,373,53,5,13502.43,67512.15
374,374,227,4,61598.02,246392.08
375,375,63,3,28971.16,86913.48
376,376,81,1,30957.28,30957.28
377,377,83,2,62547.04,125094.08
378,378,30,5,10958.09,54790.45
379,379,75,1,42394.12,42394.12
380,380,82,1,37506.05,37506.05
381,381,65,4,25140.63,100562.52
382,382,34,4,55038.37,220153.48
383,383,7,5,65009.38,325046.9
384,384,123,5,32240.11,161200.55
385,385,110,2,7098.93,14197.86
386,386,153,1,1829.17,1829.17
387,387,70,3,66121.59,198364.77
388,388,244,5,3395.09,16975.45
389,389,125,4,42471.61,169886.44
390,390,61,4,58995.31,235981.24
391,391,97,1,68459.59,68459.59
392,392,147,5,979.82,4899.1
393,393,193,3,1860.99,5582.97
394,394,149,1,10425.94,10425.94
395,395,156,5,22854.19,114270.95
396,396,24,4,9618.22,38472.88
397,397,193,3,1860.99,5582.97
398,398,125,2,42471.61,84943.22
399,399,100,4,55420.51,221682.04
400,400,94,2,28901.65,57803.3
401,401,158,4,64606.23,258424.92
402,402,166,5,5840.36,29201.8
403,403,135,3,32067.55,96202.65
404,404,135,4,32067.55,128270.2
405,405,207,3,68454.58,205363.74
406,406,130,5,17397.94,86989.7
407,407,175,3,66335.25,199005.75
408,408,232,3,18463.39,55390.17
409,409,116,1,45582.6,45582.6
410,410,63,1,28971.16,28971.16
411,411,205,5,44040.82,220204.1
412,412,138,3,39621.63,118864.89
413,413,246,3,17087.52,51262.56
414,414,68,5,43109.08,215545.4
415,415,239,4,8293.55,33174.2
416,416,17,4,36691.73,146766.92
417,417,63,5,28971.16,144855.8
418,418,82,2,37506.05,75012.1
419,419,87,4,46894.5,187578.0
420,420,65,4,25140.63,100562.52
421,421,123,4,32240.11,128960.44
422,422,72,2,54286.43,108572.86
423,423,113,2,14029.76,28059.52
424,424,21,2,7177.36,14354.72
425,425,57,5,59016.95,295084.75
426,426,71,5,49802.41,249012.05
427,427,117,4,13182.39,52729.56
428,428,95,4,59509.32,238037.28
429,429,232,1,18463.39,18463.39
430,430,202,5,10640.66,53203.3
431,431,21,5,7177.36,35886.8
432,432,194,5,33793.71,168968.55
433,433,214,5,46708.94,233544.7
434,434,121,3,12980.71,38942.13
435,435,96,4,5276.47,21105.88
436,436,152,5,11244.0,56220.0
437,437,218,2,28695.07,57390.14
438,438,33,2,1350.02,2700.04
439,439,209,5,39850.3,199251.5
440,440,11,1,38403.76,38403.76
441,441,236,1,12330.19,12330.19
442,442,83,5,62547.04,312735.2
443,443,4,3,54318.36,162955.08
444,444,74,3,20062.57,60187.71
445,445,190,1,42783.57,42783.57
446,446,113,2,14029.76,28059.52
447,447,98,3,45423.62,136270.86
448,448,141,3,11433.67,34301.01
449,449,73,1,44385.63,44385.63
450,450,83,5,62547.04,312735.2
451,451,18,5,44633.15,223165.75
452,452,58,3,45571.21,136713.63
453,453,78,2,40599.73,81199.46
454,454,75,4,42394.12,169576.48
455,455,33,4,1350.02,5400.08
456,456,27,2,51849.33,103698.66
457,457,49,5,10523.25,52616.25
458,458,60,2,49134.01,98268.02
459,459,241,1,29741.02,29741.02
460,460,199,4,7626.21,30504.84
461,461,87,2,46894.5,93789.0
462,462,52,3,11931.31,35793.93
463,463,225,2,60097.04,120194.08
464,464,225,3,60097.04,180291.12
465,465,157,4,10754.95,43019.8
466,466,81,5,30957.28,154786.4
467,467,172,5,53622.22,268111.1
468,468,6,5,642.86,3214.3
469,469,102,2,28252.05,56504.1
470,470,129,2,9524.26,19048.52
471,471,187,1,49126.18,49126.18
472,472,153,4,1829.17,7316.68
473,473,235,1,35669.98,35669.98
474,474,135,4,32067.55,128270.2
475,475,144,4,66090.78,264363.12
476,476,196,3,50609.16,151827.48
477,477,163,4,28241.72,112966.88
478,478,130,5,17397.94,86989.7
479,479,38,4,547.71,2190.84
480,480,49,4,10523.25,42093.0
481,481,219,4,32485.64,129942.56
482,482,64,1,45985.44,45985.44
483,483,151,4,12383.09,49532.36
484,484,117,2,13182.39,26364.78
485,485,149,5,10425.94,52129.7
486,486,186,2,43925.21,87850.42
487,487,223,4,41409.35,165637.4
488,488,217,4,26516.35,106065.4
489,489,106,1,19251.91,19251.91
490,490,146,4,38757.35,155029.4
491,491,169,5,62923.23,314616.15
492,492,128,5,17503.4,87517.0
493,493,208,3,41507.35,124522.05
494,494,239,3,8293.55,24880.65
495,495,250,1,60076.97,60076.97
496,496,203,1,52650.81,52650.81
497,497,176,3,35001.92,105005.76
498,498,72,3,54286.43,162859.29
499,499,170,1,55187.3,55187.3
500,500,114,2,25781.07,51562.14
501,501,154,4,56227.97,224911.88
502,502,41,5,29618.34,148091.7
503,503,230,1,31745.27,31745.27
504,504,176,1,35001.92,35001.92
505,505,5,4,16804.25,67217.0
506,506,157,2,10754.95,21509.9
507,507,182,2,53789.43,107578.86
508,508,177,2,25646.36,51292.72
509,509,104,3,18898.17,56694.51
510,510,38,4,547.71,2190.84
511,511,133,2,45678.86,91357.72
512,512,89,3,35164.04,105492.12
513,513,99,2,10955.12,21910.24
514,514,5,3,16804.25,50412.75
515,515,160,3,5722.02,17166.06
516,516,172,1,53622.22,53622.22
517,517,189,3,58222.2,174666.6
518,518,109,4,29367.34,117469.36
519,519,31,1,21599.36,21599.36
520,520,118,4,4934.91,19739.64
521,521,82,2,37506.05,75012.1
522,522,150,5,25258.79,126293.95
523,523,216,4,21395.53,85582.12
524,524,43,3,29714.26,89142.78
525,525,206,3,6578.5,19735.5
526,526,142,1,24742.5,24742.5
527,527,184,5,25759.96,128799.8
528,528,202,5,10640.66,53203.3
529,529,118,1,4934.91,4934.91
530,530,130,5,17397.94,86989.7
531,531,78,1,40599.73,40599.73
532,532,127,3,60846.23,182538.69
533,533,183,3,12734.47,38203.41
534,534,196,2,50609.16,101218.32
535,535,177,5,25646.36,128231.8
536,536,207,1,68454.58,68454.58
537,537,94,2,28901.65,57803.3
538,538,190,4,42783.57,171134.28
539,539,87,5,46894.5,234472.5
540,540,161,4,4529.81,18119.24
541,541,37,4,3858.64,15434.56
542,542,134,2,50043.92,100087.84
543,543,223,5,41409.35,207046.75
544,544,243,3,131.11,393.33
545,545,9,4,1896.99,7587.96
546,546,190,1,42783.57,42783.57
547,547,90,1,735.6,735.6
548,548,205,2,44040.82,88081.64
549,549,219,1,32485.64,32485.64
550,550,105,5,26970.33,134851.65
551,551,107,4,44008.33,176033.32
552,552,47,1,40909.49,40909.49
553,553,200,2,17145.0,34290.0
554,554,137,1,23377.61,23377.61
555,555,82,4,37506.05,150024.2
556,556,141,2,11433.67,22867.34
557,557,142,4,24742.5,98970.0
558,558,201,1,29524.33,29524.33
559,559,212,2,14743.99,29487.98
560,560,124,5,19205.78,96028.9
561,561,240,3,48841.77,146525.31
562,562,58,4,45571.21,182284.84
563,563,146,5,38757.35,193786.75
564,564,198,2,11169.83,22339.66
565,565,29,3,21169.41,63508.23
566,566,246,5,17087.52,85437.6
567,567,44,3,34014.14,102042.42
568,568,22,2,42176.54,84353.08
569,569,122,1,24480.91,24480.91
570,570,123,2,32240.11,64480.22
571,571,1,4,10808.33,43233.32
572,572,177,2,25646.36,51292.72
573,573,145,1,12802.99,12802.99
574,574,213,5,46579.95,232899.75
575,575,96,5,5276.47,26382.35
576,576,56,1,37341.47,37341.47
577,577,105,5,26970.33,134851.65
578,578,67,5,213.0,1065.0
579,579,53,4,13502.43,54009.72
580,580,200,5,17145.0,85725.0
581,581,238,1,1908.64,1908.64
582,582,109,4,29367.34,117469.36
583,583,42,2,35406.75,70813.5
584,584,138,4,39621.63,158486.52
585,585,109,3,29367.34,88102.02
586,586,171,4,10281.14,41124.56
587,587,12,4,29314.78,117259.12
588,588,122,4,24480.91,97923.64
589,589,96,3,5276.47,15829.41
590,590,145,3,12802.99,38408.97
591,591,115,2,6132.98,12265.96
592,592,189,3,58222.2,174666.6
593,593,75,1,42394.12,42394.12
594,594,208,1,41507.35,41507.35
595,595,82,4,37506.05,150024.2
596,596,124,2,19205.78,38411.56
597,597,91,1,31454.59,31454.59
598,598,76,1,22632.82,22632.82
599,599,46,3,32367.18,97101.54
600,600,177,5,25646.36,128231.8
601,601,167,5,32297.74,161488.7
602,602,189,5,58222.2,291111.0
603,603,141,1,11433.67,11433.67
604,604,7,5,65009.38,325046.9
605,605,234,3,56146.62,168439.86
606,606,207,3,68454.58,205363.74
607,607,136,4,21659.92,86639.68
608,608,39,2,57498.93,114997.86
609,609,88,4,38006.23,152024.92
610,610,129,3,9524.26,28572.78
611,611,194,3,33793.71,101381.13
612,612,201,4,29524.33,118097.32
613,613,162,2,64005.28,128010.56
614,614,12,5,29314.78,146573.9
615,615,6,2,642.86,1285.72
616,616,74,1,20062.57,20062.57
617,617,5,3,16804.25,50412.75
618,618,22,3,42176.54,126529.62
619,619,16,4,10378.88,41515.52
620,620,189,3,58222.2,174666.6
621,621,149,2,10425.94,20851.88
622,622,30,4,10958.09,43832.36
623,623,98,1,45423.62,45423.62
624,624,134,1,50043.92,50043.92
625,625,110,1,7098.93,7098.93
626,626,23,3,56494.42,169483.26
627,627,163,3,28241.72,84725.16
628,628,162,4,64005.28,256021.12
629,629,249,4,30676.08,122704.32
630,630,23,2,56494.42,112988.84
631,631,166,3,5840.36,17521.08
632,632,5,3,16804.25,50412.75
633,633,113,3,14029.76,42089.28
634,634,12,1,29314.78,29314.78
635,635,11,3,38403.76,115211.28
636,636,86,5,21297.54,106487.7
637,637,78,1,40599.73,40599.73
638,638,243,5,131.11,655.55
639,639,151,2,12383.09,24766.18
640,640,34,4,55038.37,220153.48
641,641,6,4,642.86,2571.44
642,642,224,5,53537.82,267689.1
643,643,160,1,5722.02,5722.02
644,644,238,4,1908.64,7634.56
645,645,80,5,21690.71,108453.55
646,646,203,3,52650.81,157952.43
647,647,160,2,5722.02,11444.04
648,648,86,4,21297.54,85190.16
649,649,167,3,32297.74,96893.22
650,650,190,5,42783.57,213917.85
651,651,243,1,131.11,131.11
652,652,236,2,12330.19,24660.38
653,653,202,4,10640.66,42562.64
654,654,55,5,57983.9,289919.5
655,655,56,4,37341.47,149365.88
656,656,75,4,42394.12,169576.48
657,657,36,2,2797.54,5595.08
658,658,78,3,40599.73,121799.19
659,659,84,5,18918.53,94592.65
660,660,235,1,35669.98,35669.98
661,661,125,1,42471.61,42471.61
662,662,135,2,32067.55,64135.1
663,663,61,3,58995.31,176985.93
664,664,17,3,36691.73,110075.19
665,665,224,2,53537.82,107075.64
666,666,67,3,213.0,639.0
667,667,166,5,5840.36,29201.8
668,668,162,4,64005.28,256021.12
669,669,103,2,5533.32,11066.64
670,670,172,5,53622.22,268111.1
671,671,10,1,50484.52,50484.52
672,672,187,1,49126.18,49126.18
673,673,67,3,213.0,639.0
674,674,55,5,57983.9,289919.5
675,675,233,5,59166.85,295834.25
676,676,5,3,16804.25,50412.75
677,677,180,5,22916.64,114583.2
678,678,223,5,41409.35,207046.75
679,679,205,4,44040.82,176163.28
680,680,127,2,60846.23,121692.46
681,681,216,3,21395.53,64186.59
682,682,27,3,51849.33,155547.99
683,683,3,5,1679.44,8397.2
684,684,97,1,68459.59,68459.59
685,685,190,4,42783.57,171134.28
686,686,14,5,4181.19,20905.95
687,687,149,5,10425.94,52129.7
688,688,242,4,14842.89,59371.56
689,689,54,1,3826.07,3826.07
690,690,128,1,17503.4,17503.4
691,691,244,5,3395.09,16975.45
692,692,129,1,9524.26,9524.26
693,693,228,4,66102.43,264409.72
694,694,249,4,30676.08,122704.32
695,695,246,5,17087.52,85437.6
696,696,234,5,56146.62,280733.1
697,697,27,2,51849.33,103698.66
698,698,229,1,40892.85,40892.85
699,699,59,5,43410.48,217052.4
700,700,76,4,22632.82,90531.28
701,701,155,1,646.95,646.95
702,702,174,2,56927.09,113854.18
703,703,141,1,11433.67,11433.67
704,704,94,1,28901.65,28901.65
705,705,26,4,57281.74,229126.96
706,706,65,3,25140.63,75421.89
707,707,67,4,213.0,852.0
708,708,99,2,10955.12,21910.24
709,709,95,4,59509.32,238037.28
710,710,60,1,49134.01,49134.01
711,711,40,3,10792.75,32378.25
712,712,57,4,59016.95,236067.8
713,713,28,2,54176.7,108353.4
714,714,113,4,14029.76,56119.04
715,715,152,5,11244.0,56220.0
716,716,116,4,45582.6,182330.4
717,717,45,2,61881.38,123762.76
718,718,202,5,10640.66,53203.3
719,719,91,4,31454.59,125818.36
720,720,203,5,52650.81,263254.05
721,721,242,3,14842.89,44528.67
722,722,126,3,64362.26,193086.78
723,723,94,1,28901.65,28901.65
724,724,143,1,52558.49,52558.49
725,725,162,5,64005.28,320026.4
726,726,166,5,5840.36,29201.8
727,727,158,4,64606.23,258424.92
728,728,31,4,21599.36,86397.44
729,729,232,2,18463.39,36926.78
730,730,167,2,32297.74,64595.48
731,731,23,3,56494.42,169483.26
732,732,199,4,7626.21,30504.84
733,733,25,4,22922.96,91691.84
734,734,10,3,50484.52,151453.56
735,735,45,4,61881.38,247525.52
736,736,241,1,29741.02,29741.02
737,737,68,3,43109.08,129327.24
738,738,115,1,6132.98,6132.98
739,739,230,4,31745.27,126981.08
740,740,86,1,21297.54,21297.54
741,741,218,3,28695.07,86085.21
742,742,68,1,43109.08,43109.08
743,743,95,2,59509.32,119018.64
744,744,111,3,12779.39,38338.17
745,745,73,3,44385.63,133156.89
746,746,175,5,66335.25,331676.25
747,747,190,2,42783.57,85567.14
748,748,154,4,56227.97,224911.88
749,749,190,5,42783.57,213917.85
750,750,74,3,20062.57,60187.71
751,751,66,1,6070.99,6070.99
752,752,169,5,62923.23,314616.15
753,753,205,1,44040.82,44040.82
754,754,214,2,46708.94,93417.88
755,755,239,4,8293.55,33174.2
756,756,143,1,52558.49,52558.49
757,757,66,5,6070.99,30354.95
758,758,130,4,17397.94,69591.76
759,759,213,4,46579.95,186319.8
760,760,35,1,12662.52,12662.52
761,761,155,2,646.95,1293.9
762,762,208,5,41507.35,207536.75
763,763,207,2,68454.58,136909.16
764,764,114,2,25781.07,51562.14
765,765,153,4,1829.17,7316.68
766,766,239,3,8293.55,24880.65
767,767,189,2,58222.2,116444.4
768,768,80,2,21690.71,43381.42
769,769,210,4,29960.64,119842.56
770,770,172,4,53622.22,214488.88
771,771,1,4,10808.33,43233.32
772,772,73,1,44385.63,44385.63
773,773,80,4,21690.71,86762.84
774,774,67,3,213.0,639.0
775,775,1,2,10808.33,21616.66
776,776,112,1,58381.78,58381.78
777,777,49,3,10523.25,31569.75
778,778,49,3,10523.25,31569.75
779,779,40,3,10792.75,32378.25
780,780,91,3,31454.59,94363.77
781,781,99,1,10955.12,10955.12
782,782,143,2,52558.49,105116.98
783,783,37,4,3858.64,15434.56
784,784,185,2,5495.72,10991.44
785,785,213,1,46579.95,46579.95
786,786,54,5,3826.07,19130.35
787,787,66,1,6070.99,6070.99
788,788,221,3,41568.44,124705.32
789,789,89,1,35164.04,35164.04
790,790,216,1,21395.53,21395.53
791,791,148,3,45590.74,136772.22
792,792,70,2,66121.59,132243.18
793,793,223,3,41409.35,124228.05
794,794,198,2,11169.83,22339.66
795,795,222,4,8275.82,33103.28
796,796,87,1,46894.5,46894.5
797,797,95,4,59509.32,238037.28
798,798,232,5,18463.39,92316.95
799,799,129,1,9524.26,9524.26
800,800,131,3,29903.35,89710.05
801,801,166,5,5840.36,29201.8
802,802,237,2,27207.03,54414.06
803,803,179,1,51970.0,51970.0
804,804,113,2,14029.76,28059.52
805,805,121,1,12980.71,12980.71
806,806,39,4,57498.93,229995.72
807,807,49,2,10523.25,21046.5
808,808,79,1,31796.72,31796.72
809,809,178,2,64556.87,129113.74
810,810,169,5,62923.23,314616.15
811,811,55,4,57983.9,231935.6
812,812,136,1,21659.92,21659.92
813,813,188,2,51065.63,102131.26
814,814,39,4,57498.93,229995.72
815,815,121,2,12980.71,25961.42
816,816,116,2,45582.6,91165.2
817,817,63,2,28971.16,57942.32
818,818,225,4,60097.04,240388.16
819,819,33,4,1350.02,5400.08
820,820,115,4,6132.98,24531.92
821,821,113,3,14029.76,42089.28
822,822,112,5,58381.78,291908.9
823,823,86,5,21297.54,106487.7
824,824,204,5,44102.83,220514.15
825,825,221,1,41568.44,41568.44
826,826,149,3,10425.94,31277.82
827,827,196,4,50609.16,202436.64
828,828,138,4,39621.63,158486.52
829,829,164,4,40728.62,162914.48
830,830,193,3,1860.99,5582.97
831,831,150,2,25258.79,50517.58
832,832,250,5,60076.97,300384.85
833,833,75,3,42394.12,127182.36
834,834,156,5,22854.19,114270.95
835,835,50,1,38689.96,38689.96
836,836,52,4,11931.31,47725.24
837,837,126,3,64362.26,193086.78
838,838,164,4,40728.62,162914.48
839,839,41,4,29618.34,118473.36
840,840,105,5,26970.33,134851.65
841,841,67,5,213.0,1065.0
842,842,247,1,1889.76,1889.76
843,843,233,3,59166.85,177500.55
844,844,59,4,43410.48,173641.92
845,845,167,4,32297.74,129190.96
846,846,230,4,31745.27,126981.08
847,847,166,5,5840.36,29201.8
848,848,54,2,3826.07,7652.14
849,849,9,2,1896.99,3793.98
850,850,20,4,20223.14,80892.56
851,851,32,2,21295.25,42590.5
852,852,224,1,53537.82,53537.82
853,853,124,4,19205.78,76823.12
854,854,153,1,1829.17,1829.17
855,855,88,2,38006.23,76012.46
856,856,78,1,40599.73,40599.73
857,857,235,2,35669.98,71339.96
858,858,142,5,24742.5,123712.5
859,859,57,2,59016.95,118033.9
860,860,52,1,11931.31,11931.31
861,861,168,3,18613.65,55840.95
862,862,204,1,44102.83,44102.83
863,863,132,1,55437.19,55437.19
864,864,27,4,51849.33,207397.32
865,865,104,3,18898.17,56694.51
866,866,139,1,22524.02,22524.02
867,867,41,2,29618.34,59236.68
868,868,109,2,29367.34,58734.68
869,869,138,1,39621.63,39621.63
870,870,223,1,41409.35,41409.35
871,871,224,5,53537.82,267689.1
872,872,57,5,59016.95,295084.75
873,873,136,5,21659.92,108299.6
874,874,165,3,51492.2,154476.6
875,875,245,2,7411.87,14823.74
876,876,19,1,46390.24,46390.24
877,877,91,3,31454.59,94363.77
878,878,199,2,7626.21,15252.42
879,879,145,4,12802.99,51211.96
880,880,140,1,48596.53,48596.53
881,881,93,4,46909.04,187636.16
882,882,63,3,28971.16,86913.48
883,883,208,1,41507.35,41507.35
884,884,221,3,41568.44,124705.32
885,885,149,1,10425.94,10425.94
886,886,6,4,642.86,2571.44
887,887,199,4,7626.21,30504.84
888,888,4,5,54318.36,271591.8
889,889,108,2,7901.41,15802.82
890,890,61,4,58995.31,235981.24
891,891,91,1,31454.59,31454.59
892,892,75,4,42394.12,169576.48
893,893,10,2,50484.52,100969.04
894,894,106,2,19251.91,38503.82
895,895,208,2,41507.35,83014.7
896,896,80,4,21690.71,86762.84
897,897,142,5,24742.5,123712.5
898,898,34,2,55038.37,110076.74
899,899,239,3,8293.55,24880.65
900,900,27,5,51849.33,259246.65
901,901,179,2,51970.0,103940.0
902,902,223,4,41409.35,165637.4
903,903,247,1,1889.76,1889.76
904,904,242,2,14842.89,29685.78
905,905,87,1,46894.5,46894.5
906,906,245,4,7411.87,29647.48
907,907,33,1,1350.02,1350.02
908,908,16,5,10378.88,51894.4
909,909,75,1,42394.12,42394.12
910,910,20,3,20223.14,60669.42
911,911,222,4,8275.82,33103.28
912,912,217,5,26516.35,132581.75
913,913,228,5,66102.43,330512.15
914,914,128,1,17503.4,17503.4
915,915,102,2,28252.05,56504.1
916,916,182,5,53789.43,268947.15
917,917,227,5,61598.02,307990.1
918,918,17,1,36691.73,36691.73
919,919,145,5,12802.99,64014.95
920,920,123,3,32240.11,96720.33
921,921,48,4,64744.15,258976.6
922,922,136,4,21659.92,86639.68
923,923,108,3,7901.41,23704.23
924,924,13,5,53776.88,268884.4
925,925,55,4,57983.9,231935.6
926,926,142,1,24742.5,24742.5
927,927,196,4,50609.16,202436.64
928,928,143,2,52558.49,105116.98
929,929,30,3,10958.09,32874.27
930,930,11,4,38403.76,153615.04
931,931,245,2,7411.87,14823.74
932,932,121,2,12980.71,25961.42
933,933,14,5,4181.19,20905.95
934,934,176,4,35001.92,140007.68
935,935,22,3,42176.54,126529.62
936,936,194,2,33793.71,67587.42
937,937,149,1,10425.94,10425.94
938,938,50,5,38689.96,193449.8
939,939,3,5,1679.44,8397.2
940,940,229,2,40892.85,81785.7
941,941,7,1,65009.38,65009.38
942,942,88,4,38006.23,152024.92
943,943,46,4,32367.18,129468.72
944,944,204,1,44102.83,44102.83
945,945,124,1,19205.78,19205.78
946,946,162,2,64005.28,128010.56
947,947,167,3,32297.74,96893.22
948,948,127,3,60846.23,182538.69
949,949,132,3,55437.19,166311.57
950,950,229,4,40892.85,163571.4
951,951,160,5,5722.02,28610.1
952,952,184,5,25759.96,128799.8
953,953,216,5,21395.53,106977.65
954,954,158,2,64606.23,129212.46
955,955,17,2,36691.73,73383.46
956,956,44,4,34014.14,136056.56
957,957,59,5,43410.48,217052.4
958,958,31,3,21599.36,64798.08
959,959,241,2,29741.02,59482.04
960,960,40,5,10792.75,53963.75
961,961,201,2,29524.33,59048.66
962,962,45,2,61881.38,123762.76
963,963,148,4,45590.74,182362.96
964,964,172,2,53622.22,107244.44
965,965,247,3,1889.76,5669.28
966,966,66,1,6070.99,6070.99
967,967,29,3,21169.41,63508.23
968,968,152,2,11244.0,22488.0
969,969,141,3,11433.67,34301.01
970,970,126,3,64362.26,193086.78
971,971,75,2,42394.12,84788.24
972,972,165,1,51492.2,51492.2
973,973,130,5,17397.94,86989.7
974,974,103,3,5533.32,16599.96
975,975,93,5,46909.04,234545.2
976,976,69,4,9102.07,36408.28
977,977,140,1,48596.53,48596.53
978,978,15,4,27970.24,111880.96
979,979,209,5,39850.3,199251.5
980,980,45,3,61881.38,185644.14
981,981,193,4,1860.99,7443.96
982,982,56,4,37341.47,149365.88
983,983,106,5,19251.91,96259.55
984,984,214,5,46708.94,233544.7
985,985,62,4,62257.94,249031.76
986,986,216,3,21395.53,64186.59
987,987,93,3,46909.04,140727.12
988,988,166,1,5840.36,5840.36
989,989,72,3,54286.43,162859.29
990,990,140,2,48596.53,97193.06
991,991,139,4,22524.02,90096.08
992,992,93,1,46909.04,46909.04
993,993,4,4,54318.36,217273.44
994,994,192,4,15107.45,60429.8
995,995,249,1,30676.08,30676.08
996,996,158,5,64606.23,323031.15
997,997,14,2,4181.19,8362.38
998,998,30,4,10958.09,43832.36
999,999,203,2,52650.81,105301.62
1000,1000,25,1,22922.96,22922.96
1001,1001,204,2,44102.83,88205.66
1002,1002,197,3,30911.41,92734.23
1003,1003,151,5,12383.09,61915.45
1004,1004,1,3,10808.33,32424.99
1005,1005,50,2,38689.96,77379.92
1006,1006,61,1,58995.31,58995.31
1007,1007,207,3,68454.58,205363.74
1008,1008,173,4,50939.53,203758.12
1009,1009,149,4,10425.94,41703.76
1010,1010,68,1,43109.08,43109.08
1011,1011,30,1,10958.09,10958.09
1012,1012,22,3,42176.54,126529.62
1013,1013,104,1,18898.17,18898.17
1014,1014,24,5,9618.22,48091.1
1015,1015,174,2,56927.09,113854.18
1016,1016,236,2,12330.19,24660.38
1017,1017,84,2,18918.53,37837.06
1018,1018,2,4,2750.44,11001.76
1019,1019,43,2,29714.26,59428.52
1020,1020,208,4,41507.35,166029.4
1021,1021,14,5,4181.19,20905.95
1022,1022,54,1,3826.07,3826.07
1023,1023,100,3,55420.51,166261.53
1024,1024,34,4,55038.37,220153.48
1025,1025,103,2,5533.32,11066.64
1026,1026,60,1,49134.01,49134.01
1027,1027,98,1,45423.62,45423.62
1028,1028,75,1,42394.12,42394.12
1029,1029,232,5,18463.39,92316.95
1030,1030,245,2,7411.87,14823.74
1031,1031,49,1,10523.25,10523.25
1032,1032,2,1,2750.44,2750.44
1033,1033,122,1,24480.91,24480.91
1034,1034,177,4,25646.36,102585.44
1035,1035,31,5,21599.36,107996.8
1036,1036,204,5,44102.83,220514.15
1037,1037,76,3,22632.82,67898.46
1038,1038,120,3,36416.76,109250.28
1039,1039,12,3,29314.78,87944.34
1040,1040,196,1,50609.16,50609.16
1041,1041,155,5,646.95,3234.75
1042,1042,93,1,46909.04,46909.04
1043,1043,142,1,24742.5,24742.5
1044,1044,154,1,56227.97,56227.97
1045,1045,2,3,2750.44,8251.32
1046,1046,106,4,19251.91,77007.64
1047,1047,205,2,44040.82,88081.64
1048,1048,164,3,40728.62,122185.86
1049,1049,41,4,29618.34,118473.36
1050,1050,58,3,45571.21,136713.63
1051,1051,154,3,56227.97,168683.91
1052,1052,23,4,56494.42,225977.68
1053,1053,205,4,44040.82,176163.28
1054,1054,62,3,62257.94,186773.82
1055,1055,47,3,40909.49,122728.47
1056,1056,29,2,21169.41,42338.82
1057,1057,167,1,32297.74,32297.74
1058,1058,39,2,57498.93,114997.86
1059,1059,207,5,68454.58,342272.9
1060,1060,201,4,29524.33,118097.32
1061,1061,123,1,32240.11,32240.11
1062,1062,14,4,4181.19,16724.76
1063,1063,107,3,44008.33,132024.99
1064,1064,191,4,35165.54,140662.16
1065,1065,6,2,642.86,1285.72
1066,1066,76,5,22632.82,113164.1
1067,1067,43,2,29714.26,59428.52
1068,1068,94,4,28901.65,115606.6
1069,1069,113,4,14029.76,56119.04
1070,1070,74,1,20062.57,20062.57
1071,1071,171,3,10281.14,30843.42
1072,1072,149,1,10425.94,10425.94
1073,1073,95,4,59509.32,238037.28
1074,1074,22,4,42176.54,168706.16
1075,1075,87,2,46894.5,93789.0
1076,1076,39,2,57498.93,114997.86
1077,1077,183,4,12734.47,50937.88
1078,1078,222,5,8275.82,41379.1
1079,1079,239,5,8293.55,41467.75
1080,1080,217,4,26516.35,106065.4
1081,1081,178,3,64556.87,193670.61
1082,1082,42,4,35406.75,141627.0
1083,1083,32,3,21295.25,63885.75
1084,1084,135,4,32067.55,128270.2
1085,1085,242,5,14842.89,74214.45
1086,1086,160,5,5722.02,28610.1
1087,1087,153,1,1829.17,1829.17
1088,1088,103,5,5533.32,27666.6
1089,1089,221,2,41568.44,83136.88
1090,1090,26,4,57281.74,229126.96
1091,1091,249,1,30676.08,30676.08
1092,1092,82,1,37506.05,37506.05
1093,1093,24,1,9618.22,9618.22
1094,1094,67,2,213.0,426.0
1095,1095,186,3,43925.21,131775.63
1096,1096,30,2,10958.09,21916.18
1097,1097,75,5,42394.12,211970.6
1098,1098,80,3,21690.71,65072.13
1099,1099,228,3,66102.43,198307.29
1100,1100,248,4,55808.74,223234.96
1101,1101,113,2,14029.76,28059.52
1102,1102,20,2,20223.14,40446.28
1103,1103,114,1,25781.07,25781.07
1104,1104,237,4,27207.03,108828.12
1105,1105,230,3,31745.27,95235.81
1106,1106,24,5,9618.22,48091.1
1107,1107,229,1,40892.85,40892.85
1108,1108,175,4,66335.25,265341.0
1109,1109,103,5,5533.32,27666.6
1110,1110,83,3,62547.04,187641.12
1111,1111,232,3,18463.39,55390.17
1112,1112,168,1,18613.65,18613.65
1113,1113,139,3,22524.02,67572.06
1114,1114,122,1,24480.91,24480.91
1115,1115,50,3,38689.96,116069.88
1116,1116,2,1,2750.44,2750.44
1117,1117,167,1,32297.74,32297.74
1118,1118,239,4,8293.55,33174.2
1119,1119,104,1,18898.17,18898.17
1120,1120,119,1,33444.49,33444.49
1121,1121,100,1,55420.51,55420.51
1122,1122,53,1,13502.43,13502.43
1123,1123,30,1,10958.09,10958.09
1124,1124,173,2,50939.53,101879.06
1125,1125,116,2,45582.6,91165.2
1126,1126,137,2,23377.61,46755.22
1127,1127,220,1,29590.01,29590.01
1128,1128,171,5,10281.14,51405.7
1129,1129,162,1,64005.28,64005.28
1130,1130,117,2,13182.39,26364.78
1131,1131,8,2,31794.75,63589.5
1132,1132,247,3,1889.76,5669.28
1133,1133,121,5,12980.71,64903.55
1134,1134,98,3,45423.62,136270.86
1135,1135,245,4,7411.87,29647.48
1136,1136,67,1,213.0,213.0
1137,1137,8,1,31794.75,31794.75
1138,1138,146,1,38757.35,38757.35
1139,1139,171,3,10281.14,30843.42
1140,1140,75,2,42394.12,84788.24
1141,1141,200,4,17145.0,68580.0
1142,1142,186,1,43925.21,43925.21
1143,1143,182,4,53789.43,215157.72
1144,1144,142,2,24742.5,49485.0
1145,1145,219,3,32485.64,97456.92
1146,1146,20,1,20223.14,20223.14
1147,1147,108,3,7901.41,23704.23
1148,1148,53,3,13502.43,40507.29
1149,1149,196,2,50609.16,101218.32
1150,1150,78,1,40599.73,40599.73
1151,1151,215,1,16623.86,16623.86
1152,1152,65,4,25140.63,100562.52
1153,1153,82,3,37506.05,112518.15
1154,1154,169,4,62923.23,251692.92
1155,1155,242,4,14842.89,59371.56
1156,1156,37,3,3858.64,11575.92
1157,1157,233,5,59166.85,295834.25
1158,1158,38,2,547.71,1095.42
1159,1159,59,1,43410.48,43410.48
1160,1160,165,4,51492.2,205968.8
1161,1161,230,3,31745.27,95235.81
1162,1162,33,1,1350.02,1350.02
1163,1163,204,1,44102.83,44102.83
1164,1164,109,5,29367.34,146836.7
1165,1165,67,4,213.0,852.0
1166,1166,15,2,27970.24,55940.48
1167,1167,133,5,45678.86,228394.3
1168,1168,208,3,41507.35,124522.05
1169,1169,26,3,57281.74,171845.22
1170,1170,158,2,64606.23,129212.46
1171,1171,61,3,58995.31,176985.93
1172,1172,236,4,12330.19,49320.76
1173,1173,101,3,47716.78,143150.34
1174,1174,38,1,547.71,547.71
1175,1175,217,4,26516.35,106065.4
1176,1176,74,4,20062.57,80250.28
1177,1177,66,3,6070.99,18212.97
1178,1178,49,2,10523.25,21046.5
1179,1179,26,4,57281.74,229126.96
1180,1180,193,3,1860.99,5582.97
1181,1181,149,3,10425.94,31277.82
1182,1182,3,4,1679.44,6717.76
1183,1183,9,3,1896.99,5690.97
1184,1184,166,3,5840.36,17521.08
1185,1185,27,1,51849.33,51849.33
1186,1186,177,2,25646.36,51292.72
1187,1187,122,1,24480.91,24480.91
1188,1188,239,2,8293.55,16587.1
1189,1189,165,3,51492.2,154476.6
1190,1190,165,4,51492.2,205968.8
1191,1191,191,2,35165.54,70331.08
1192,1192,162,1,64005.28,64005.28
1193,1193,194,1,33793.71,33793.71
1194,1194,243,4,131.11,524.44
1195,1195,140,5,48596.53,242982.65
1196,1196,218,1,28695.07,28695.07
1197,1197,164,4,40728.62,162914.48
1198,1198,138,4,39621.63,158486.52
1199,1199,148,3,45590.74,136772.22
1200,1200,116,4,45582.6,182330.4
1201,1201,14,1,4181.19,4181.19
1202,1202,143,5,52558.49,262792.45
1203,1203,59,1,43410.48,43410.48
1204,1204,71,1,49802.41,49802.41
1205,1205,179,3,51970.0,155910.0
1206,1206,163,3,28241.72,84725.16
1207,1207,164,3,40728.62,122185.86
1208,1208,126,3,64362.26,193086.78
1209,1209,215,4,16623.86,66495.44
1210,1210,62,2,62257.94,124515.88
1211,1211,69,2,9102.07,18204.14
1212,1212,96,5,5276.47,26382.35
1213,1213,121,2,12980.71,25961.42
1214,1214,111,5,12779.39,63896.95
1215,1215,123,1,32240.11,32240.11
1216,1216,25,4,22922.96,91691.84
1217,1217,129,3,9524.26,28572.78
1218,1218,40,3,10792.75,32378.25
1219,1219,215,2,16623.86,33247.72
1220,1220,20,4,20223.14,80892.56
1221,1221,205,3,44040.82,132122.46
1222,1222,13,3,53776.88,161330.64
1223,1223,2,5,2750.44,13752.2
1224,1224,55,4,57983.9,231935.6
1225,1225,5,1,16804.25,16804.25
1226,1226,234,1,56146.62,56146.62
1227,1227,133,3,45678.86,137036.58
1228,1228,160,4,5722.02,22888.08
1229,1229,143,5,52558.49,262792.45
1230,1230,179,4,51970.0,207880.0
1231,1231,69,1,9102.07,9102.07
1232,1232,189,5,58222.2,291111.0
1233,1233,92,2,59038.83,118077.66
1234,1234,145,1,12802.99,12802.99
1235,1235,84,3,18918.53,56755.59
1236,1236,9,5,1896.99,9484.95
1237,1237,90,4,735.6,2942.4
1238,1238,236,5,12330.19,61650.95
1239,1239,40,5,10792.75,53963.75
1240,1240,18,5,44633.15,223165.75
1241,1241,69,4,9102.07,36408.28
1242,1242,187,2,49126.18,98252.36
1243,1243,100,4,55420.51,221682.04
1244,1244,130,1,17397.94,17397.94
1245,1245,102,2,28252.05,56504.1
1246,1246,190,5,42783.57,213917.85
1247,1247,156,2,22854.19,45708.38
1248,1248,74,1,20062.57,20062.57
1249,1249,110,1,7098.93,7098.93
1250,1250,24,5,9618.22,48091.1
1251,1251,89,3,35164.04,105492.12
1252,1252,10,4,50484.52,201938.08
1253,1253,46,4,32367.18,129468.72
1254,1254,132,5,55437.19,277185.95
1255,1255,7,5,65009.38,325046.9
1256,1256,137,1,23377.61,23377.61
1257,1257,101,5,47716.78,238583.9
1258,1258,205,2,44040.82,88081.64
1259,1259,23,1,56494.42,56494.42
1260,1260,39,1,57498.93,57498.93
1261,1261,118,5,4934.91,24674.55
1262,1262,86,5,21297.54,106487.7
1263,1263,36,5,2797.54,13987.7
1264,1264,39,2,57498.93,114997.86
1265,1265,54,2,3826.07,7652.14
1266,1266,245,1,7411.87,7411.87
1267,1267,48,3,64744.15,194232.45
1268,1268,100,4,55420.51,221682.04
1269,1269,128,2,17503.4,35006.8
1270,1270,89,1,35164.04,35164.04
1271,1271,212,2,14743.99,29487.98
1272,1272,133,3,45678.86,137036.58
1273,1273,242,4,14842.89,59371.56
1274,1274,32,4,21295.25,85181.0
1275,1275,45,4,61881.38,247525.52
1276,1276,180,1,22916.64,22916.64
1277,1277,246,3,17087.52,51262.56
1278,1278,24,2,9618.22,19236.44
1279,1279,72,2,54286.43,108572.86
1280,1280,128,4,17503.4,70013.6
1281,1281,49,2,10523.25,21046.5
1282,1282,52,3,11931.31,35793.93
1283,1283,167,4,32297.74,129190.96
1284,1284,60,4,49134.01,196536.04
1285,1285,221,3,41568.44,124705.32
1286,1286,47,1,40909.49,40909.49
1287,1287,174,3,56927.09,170781.27
1288,1288,185,2,5495.72,10991.44
1289,1289,4,5,54318.36,271591.8
1290,1290,65,2,25140.63,50281.26
1291,1291,9,4,1896.99,7587.96
1292,1292,153,2,1829.17,3658.34
1293,1293,230,4,31745.27,126981.08
1294,1294,67,1,213.0,213.0
1295,1295,95,5,59509.32,297546.6
1296,1296,117,1,13182.39,13182.39
1297,1297,159,5,2783.41,13917.05
1298,1298,74,2,20062.57,40125.14
1299,1299,88,1,38006.23,38006.23
1300,1300,221,3,41568.44,124705.32
1301,1301,146,2,38757.35,77514.7
1302,1302,170,3,55187.3,165561.9
1303,1303,58,1,45571.21,45571.21
1304,1304,222,5,8275.82,41379.1
1305,1305,94,3,28901.65,86704.95
1306,1306,177,5,25646.36,128231.8
1307,1307,126,4,64362.26,257449.04
1308,1308,156,5,22854.19,114270.95
1309,1309,58,4,45571.21,182284.84
1310,1310,76,2,22632.82,45265.64
1311,1311,126,2,64362.26,128724.52
1312,1312,118,5,4934.91,24674.55
1313,1313,90,4,735.6,2942.4
1314,1314,39,2,57498.93,114997.86
1315,1315,134,1,50043.92,50043.92
1316,1316,109,1,29367.34,29367.34
1317,1317,33,5,1350.02,6750.1
1318,1318,39,1,57498.93,57498.93
1319,1319,62,3,62257.94,186773.82
1320,1320,27,1,51849.33,51849.33
1321,1321,169,1,62923.23,62923.23
1322,1322,62,2,62257.94,124515.88
1323,1323,13,1,53776.88,53776.88
1324,1324,8,4,31794.75,127179.0
1325,1325,85,2,6828.31,13656.62
1326,1326,96,1,5276.47,5276.47
1327,1327,46,3,32367.18,97101.54
1328,1328,104,5,18898.17,94490.85
1329,1329,72,5,54286.43,271432.15
1330,1330,214,3,46708.94,140126.82
1331,1331,183,1,12734.47,12734.47
1332,1332,44,2,34014.14,68028.28
1333,1333,36,2,2797.54,5595.08
1334,1334,47,2,40909.49,81818.98
1335,1335,220,2,29590.01,59180.02
1336,1336,233,1,59166.85,59166.85
1337,1337,143,4,52558.49,210233.96
1338,1338,202,2,10640.66,21281.32
1339,1339,135,3,32067.55,96202.65
1340,1340,227,4,61598.02,246392.08
1341,1341,16,5,10378.88,51894.4
1342,1342,78,2,40599.73,81199.46
1343,1343,150,1,25258.79,25258.79
1344,1344,64,4,45985.44,183941.76
1345,1345,4,5,54318.36,271591.8
1346,1346,250,3,60076.97,180230.91
1347,1347,144,4,66090.78,264363.12
1348,1348,246,5,17087.52,85437.6
1349,1349,53,4,13502.43,54009.72
1350,1350,159,2,2783.41,5566.82
1351,1351,32,2,21295.25,42590.5
1352,1352,244,1,3395.09,3395.09
1353,1353,109,5,29367.34,146836.7
1354,1354,48,2,64744.15,129488.3
1355,1355,97,1,68459.59,68459.59
1356,1356,133,1,45678.86,45678.86
1357,1357,159,5,2783.41,13917.05
1358,1358,54,4,3826.07,15304.28
1359,1359,18,3,44633.15,133899.45
1360,1360,28,5,54176.7,270883.5
1361,1361,60,1,49134.01,49134.01
1362,1362,237,4,27207.03,108828.12
1363,1363,216,5,21395.53,106977.65
1364,1364,78,3,40599.73,121799.19
1365,1365,183,5,12734.47,63672.35
1366,1366,140,5,48596.53,242982.65
1367,1367,202,2,10640.66,21281.32
1368,1368,139,1,22524.02,22524.02
1369,1369,51,4,4745.62,18982.48
1370,1370,164,3,40728.62,122185.86
1371,1371,167,4,32297.74,129190.96
1372,1372,228,2,66102.43,132204.86
1373,1373,140,1,48596.53,48596.53
1374,1374,25,2,22922.96,45845.92
1375,1375,204,2,44102.83,88205.66
1376,1376,115,1,6132.98,6132.98
1377,1377,172,3,53622.22,160866.66
1378,1378,148,3,45590.74,136772.22
1379,1379,102,2,28252.05,56504.1
1380,1380,79,3,31796.72,95390.16
1381,1381,81,3,30957.28,92871.84
1382,1382,8,4,31794.75,127179.0
1383,1383,220,4,29590.01,118360.04
1384,1384,226,1,45400.81,45400.81
1385,1385,4,3,54318.36,162955.08
1386,1386,234,2,56146.62,112293.24
1387,1387,236,3,12330.19,36990.57
1388,1388,83,5,62547.04,312735.2
1389,1389,133,2,45678.86,91357.72
1390,1390,219,2,32485.64,64971.28
1391,1391,235,3,35669.98,107009.94
1392,1392,142,1,24742.5,24742.5
1393,1393,171,1,10281.14,10281.14
1394,1394,200,5,17145.0,85725.0
1395,1395,8,5,31794.75,158973.75
1396,1396,208,2,41507.35,83014.7
1397,1397,145,2,12802.99,25605.98
1398,1398,133,3,45678.86,137036.58
1399,1399,15,2,27970.24,55940.48
1400,1400,187,5,49126.18,245630.9
1401,1401,72,4,54286.43,217145.72
1402,1402,124,5,19205.78,96028.9
1403,1403,250,5,60076.97,300384.85
1404,1404,196,2,50609.16,101218.32
1405,1405,247,3,1889.76,5669.28
1406,1406,132,4,55437.19,221748.76
1407,1407,189,3,58222.2,174666.6
1408,1408,57,4,59016.95,236067.8
1409,1409,18,3,44633.15,133899.45
1410,1410,110,3,7098.93,21296.79
1411,1411,26,3,57281.74,171845.22
1412,1412,227,2,61598.02,123196.04
1413,1413,56,1,37341.47,37341.47
1414,1414,115,1,6132.98,6132.98
1415,1415,98,4,45423.62,181694.48
1416,1416,107,4,44008.33,176033.32
1417,1417,16,4,10378.88,41515.52
1418,1418,55,2,57983.9,115967.8
1419,1419,24,1,9618.22,9618.22
1420,1420,147,1,979.82,979.82
1421,1421,184,4,25759.96,103039.84
1422,1422,179,1,51970.0,51970.0
1423,1423,27,5,51849.33,259246.65
1424,1424,86,3,21297.54,63892.62
1425,1425,191,2,35165.54,70331.08
1426,1426,7,5,65009.38,325046.9
1427,1427,63,4,28971.16,115884.64
1428,1428,53,1,13502.43,13502.43
1429,1429,216,2,21395.53,42791.06
1430,1430,66,1,6070.99,6070.99
1431,1431,59,4,43410.48,173641.92
1432,1432,127,5,60846.23,304231.15
1433,1433,20,4,20223.14,80892.56
1434,1434,3,2,1679.44,3358.88
1435,1435,125,5,42471.61,212358.05
1436,1436,162,2,64005.28,128010.56
1437,1437,8,4,31794.75,127179.0
1438,1438,25,5,22922.96,114614.8
1439,1439,149,2,10425.94,20851.88
1440,1440,226,1,45400.81,45400.81
1441,1441,230,1,31745.27,31745.27
1442,1442,74,3,20062.57,60187.71
1443,1443,133,2,45678.86,91357.72
1444,1444,12,4,29314.78,117259.12
1445,1445,37,1,3858.64,3858.64
1446,1446,101,2,47716.78,95433.56
1447,1447,213,3,46579.95,139739.85
1448,1448,115,3,6132.98,18398.94
1449,1449,33,3,1350.02,4050.06
1450,1450,111,5,12779.39,63896.95
1451,1451,70,4,66121.59,264486.36
1452,1452,63,2,28971.16,57942.32
1453,1453,93,3,46909.04,140727.12
1454,1454,16,4,10378.88,41515.52
1455,1455,242,3,14842.89,44528.67
1456,1456,214,2,46708.94,93417.88
1457,1457,148,5,45590.74,227953.7
1458,1458,7,3,65009.38,195028.14
1459,1459,184,2,25759.96,51519.92
1460,1460,99,4,10955.12,43820.48
1461,1461,160,1,5722.02,5722.02
1462,1462,34,1,55038.37,55038.37
1463,1463,209,4,39850.3,159401.2
1464,1464,41,1,29618.34,29618.34
1465,1465,160,3,5722.02,17166.06
1466,1466,123,5,32240.11,161200.55
1467,1467,209,5,39850.3,199251.5
1468,1468,6,2,642.86,1285.72
1469,1469,81,3,30957.28,92871.84
1470,1470,3,5,1679.44,8397.2
1471,1471,26,5,57281.74,286408.7
1472,1472,155,4,646.95,2587.8
1473,1473,139,3,22524.02,67572.06
1474,1474,72,3,54286.43,162859.29
1475,1475,112,3,58381.78,175145.34
1476,1476,244,4,3395.09,13580.36
1477,1477,191,5,35165.54,175827.7
1478,1478,200,1,17145.0,17145.0
1479,1479,212,4,14743.99,58975.96
1480,1480,68,3,43109.08,129327.24
1481,1481,48,1,64744.15,64744.15
1482,1482,249,3,30676.08,92028.24
1483,1483,67,1,213.0,213.0
1484,1484,238,3,1908.64,5725.92
1485,1485,232,1,18463.39,18463.39
1486,1486,250,3,60076.97,180230.91
1487,1487,237,3,27207.03,81621.09
1488,1488,108,4,7901.41,31605.64
1489,1489,205,3,44040.82,132122.46
1490,1490,3,5,1679.44,8397.2
1491,1491,202,2,10640.66,21281.32
1492,1492,13,1,53776.88,53776.88
1493,1493,187,4,49126.18,196504.72
1494,1494,166,4,5840.36,23361.44
1495,1495,205,3,44040.82,132122.46
1496,1496,154,5,56227.97,281139.85
1497,1497,174,2,56927.09,113854.18
1498,1498,10,1,50484.52,50484.52
1499,1499,19,2,46390.24,92780.48
1500,1500,227,3,61598.02,184794.06
1501,1501,222,1,8275.82,8275.82
1502,1502,78,1,40599.73,40599.73
1503,1503,90,5,735.6,3678.0
1504,1504,14,4,4181.19,16724.76
1505,1505,162,4,64005.28,256021.12
1506,1506,5,5,16804.25,84021.25
1507,1507,19,3,46390.24,139170.72
1508,1508,201,3,29524.33,88572.99
1509,1509,245,4,7411.87,29647.48
1510,1510,92,3,59038.83,177116.49
1511,1511,133,3,45678.86,137036.58
1512,1512,2,1,2750.44,2750.44
1513,1513,4,1,54318.36,54318.36
1514,1514,228,3,66102.43,198307.29
1515,1515,10,1,50484.52,50484.52
1516,1516,75,4,42394.12,169576.48
1517,1517,66,3,6070.99,18212.97
1518,1518,65,5,25140.63,125703.15
1519,1519,119,4,33444.49,133777.96
1520,1520,136,2,21659.92,43319.84
1521,1521,76,5,22632.82,113164.1
1522,1522,208,4,41507.35,166029.4
1523,1523,90,2,735.6,1471.2
1524,1524,93,4,46909.04,187636.16
1525,1525,5,3,16804.25,50412.75
1526,1526,230,5,31745.27,158726.35
1527,1527,149,5,10425.94,52129.7
1528,1528,37,3,3858.64,11575.92
1529,1529,102,4,28252.05,113008.2
1530,1530,35,3,12662.52,37987.56
1531,1531,114,4,25781.07,103124.28
1532,1532,16,1,10378.88,10378.88
1533,1533,248,2,55808.74,111617.48
1534,1534,136,1,21659.92,21659.92
1535,1535,179,4,51970.0,207880.0
1536,1536,155,3,646.95,1940.85
1537,1537,190,1,42783.57,42783.57
1538,1538,23,5,56494.42,282472.1
1539,1539,29,2,21169.41,42338.82
1540,1540,171,1,10281.14,10281.14
1541,1541,203,4,52650.81,210603.24
1542,1542,91,2,31454.59,62909.18
1543,1543,175,3,66335.25,199005.75
1544,1544,16,5,10378.88,51894.4
1545,1545,173,1,50939.53,50939.53
1546,1546,95,5,59509.32,297546.6
1547,1547,85,5,6828.31,34141.55
1548,1548,6,3,642.86,1928.58
1549,1549,62,1,62257.94,62257.94
1550,1550,87,1,46894.5,46894.5
1551,1551,113,1,14029.76,14029.76
1552,1552,199,4,7626.21,30504.84
1553,1553,66,1,6070.99,6070.99
1554,1554,162,4,64005.28,256021.12
1555,1555,176,3,35001.92,105005.76
1556,1556,124,4,19205.78,76823.12
1557,1557,220,4,29590.01,118360.04
1558,1558,225,2,60097.04,120194.08
1559,1559,210,1,29960.64,29960.64
1560,1560,161,1,4529.81,4529.81
1561,1561,177,2,25646.36,51292.72
1562,1562,199,2,7626.21,15252.42
1563,1563,180,2,22916.64,45833.28
1564,1564,32,5,21295.25,106476.25
1565,1565,118,4,4934.91,19739.64
1566,1566,121,1,12980.71,12980.71
1567,1567,42,3,35406.75,106220.25
1568,1568,79,4,31796.72,127186.88
1569,1569,26,4,57281.74,229126.96
1570,1570,131,3,29903.35,89710.05
1571,1571,236,3,12330.19,36990.57
1572,1572,72,4,54286.43,217145.72
1573,1573,152,4,11244.0,44976.0
1574,1574,73,3,44385.63,133156.89
1575,1575,195,5,56252.99,281264.95
1576,1576,156,2,22854.19,45708.38
1577,1577,65,3,25140.63,75421.89
1578,1578,22,5,42176.54,210882.7
1579,1579,59,2,43410.48,86820.96
1580,1580,131,1,29903.35,29903.35
1581,1581,222,1,8275.82,8275.82
1582,1582,220,2,29590.01,59180.02
1583,1583,222,4,8275.82,33103.28
1584,1584,162,2,64005.28,128010.56
1585,1585,70,3,66121.59,198364.77
1586,1586,197,4,30911.41,123645.64
1587,1587,239,5,8293.55,41467.75
1588,1588,210,2,29960.64,59921.28
1589,1589,200,5,17145.0,85725.0
1590,1590,118,3,4934.91,14804.73
1591,1591,148,1,45590.74,45590.74
1592,1592,184,3,25759.96,77279.88
1593,1593,235,3,35669.98,107009.94
1594,1594,249,5,30676.08,153380.4
1595,1595,233,5,59166.85,295834.25
1596,1596,79,1,31796.72,31796.72
1597,1597,228,1,66102.43,66102.43
1598,1598,148,3,45590.74,136772.22
1599,1599,99,3,10955.12,32865.36
1600,1600,218,5,28695.07,143475.35
1601,1601,66,4,6070.99,24283.96
1602,1602,61,5,58995.31,294976.55
1603,1603,40,3,10792.75,32378.25
1604,1604,144,5,66090.78,330453.9
1605,1605,127,5,60846.23,304231.15
1606,1606,5,4,16804.25,67217.0
1607,1607,193,2,1860.99,3721.98
1608,1608,123,4,32240.11,128960.44
1609,1609,171,4,10281.14,41124.56
1610,1610,108,3,7901.41,23704.23
1611,1611,219,5,32485.64,162428.2
1612,1612,121,2,12980.71,25961.42
1613,1613,116,5,45582.6,227913.0
1614,1614,12,3,29314.78,87944.34
1615,1615,64,3,45985.44,137956.32
1616,1616,220,2,29590.01,59180.02
1617,1617,90,1,735.6,735.6
1618,1618,145,1,12802.99,12802.99
1619,1619,219,5,32485.64,162428.2
1620,1620,117,1,13182.39,13182.39
1621,1621,109,2,29367.34,58734.68
1622,1622,217,5,26516.35,132581.75
1623,1623,147,4,979.82,3919.28
1624,1624,79,4,31796.72,127186.88
1625,1625,112,4,58381.78,233527.12
1626,1626,111,4,12779.39,51117.56
1627,1627,178,4,64556.87,258227.48
1628,1628,193,1,1860.99,1860.99
1629,1629,178,5,64556.87,322784.35
1630,1630,21,5,7177.36,35886.8
1631,1631,31,5,21599.36,107996.8
1632,1632,49,3,10523.25,31569.75
1633,1633,42,4,35406.75,141627.0
1634,1634,215,3,16623.86,49871.58
1635,1635,33,3,1350.02,4050.06
1636,1636,148,5,45590.74,227953.7
1637,1637,54,1,3826.07,3826.07
1638,1638,115,4,6132.98,24531.92
1639,1639,222,5,8275.82,41379.1
1640,1640,128,1,17503.4,17503.4
1641,1641,136,3,21659.92,64979.76
1642,1642,108,4,7901.41,31605.64
1643,1643,82,5,37506.05,187530.25
1644,1644,30,1,10958.09,10958.09
1645,1645,161,3,4529.81,13589.43
1646,1646,217,4,26516.35,106065.4
1647,1647,188,2,51065.63,102131.26
1648,1648,204,5,44102.83,220514.15
1649,1649,167,4,32297.74,129190.96
1650,1650,125,1,42471.61,42471.61
1651,1651,170,3,55187.3,165561.9
1652,1652,220,3,29590.01,88770.03
1653,1653,201,4,29524.33,118097.32
1654,1654,123,4,32240.11,128960.44
1655,1655,235,1,35669.98,35669.98
1656,1656,70,1,66121.59,66121.59
1657,1657,91,4,31454.59,125818.36
1658,1658,217,4,26516.35,106065.4
1659,1659,242,1,14842.89,14842.89
1660,1660,35,3,12662.52,37987.56
1661,1661,244,1,3395.09,3395.09
1662,1662,179,1,51970.0,51970.0
1663,1663,93,3,46909.04,140727.12
1664,1664,247,3,1889.76,5669.28
1665,1665,66,5,6070.99,30354.95
1666,1666,73,1,44385.63,44385.63
1667,1667,164,5,40728.62,203643.1
1668,1668,178,5,64556.87,322784.35
1669,1669,225,5,60097.04,300485.2
1670,1670,83,4,62547.04,250188.16
1671,1671,208,3,41507.35,124522.05
1672,1672,34,3,55038.37,165115.11
1673,1673,100,2,55420.51,110841.02
1674,1674,126,3,64362.26,193086.78
1675,1675,244,3,3395.09,10185.27
1676,1676,240,5,48841.77,244208.85
1677,1677,69,3,9102.07,27306.21
1678,1678,87,3,46894.5,140683.5
1679,1679,182,4,53789.43,215157.72
1680,1680,100,4,55420.51,221682.04
1681,1681,54,2,3826.07,7652.14
1682,1682,212,3,14743.99,44231.97
1683,1683,177,3,25646.36,76939.08
1684,1684,249,2,30676.08,61352.16
1685,1685,1,3,10808.33,32424.99
1686,1686,7,5,65009.38,325046.9
1687,1687,231,3,63124.22,189372.66
1688,1688,244,2,3395.09,6790.18
1689,1689,200,1,17145.0,17145.0
1690,1690,176,4,35001.92,140007.68
1691,1691,42,4,35406.75,141627.0
1692,1692,238,4,1908.64,7634.56
1693,1693,34,5,55038.37,275191.85
1694,1694,161,2,4529.81,9059.62
1695,1695,122,4,24480.91,97923.64
1696,1696,147,3,979.82,2939.46
1697,1697,173,5,50939.53,254697.65
1698,1698,226,5,45400.81,227004.05
1699,1699,128,1,17503.4,17503.4
1700,1700,243,5,131.11,655.55
1701,1701,149,3,10425.94,31277.82
1702,1702,216,2,21395.53,42791.06
1703,1703,189,4,58222.2,232888.8
1704,1704,210,4,29960.64,119842.56
1705,1705,6,2,642.86,1285.72
1706,1706,105,4,26970.33,107881.32
1707,1707,208,5,41507.35,207536.75
1708,1708,139,1,22524.02,22524.02
1709,1709,202,2,10640.66,21281.32
1710,1710,200,4,17145.0,68580.0
1711,1711,112,3,58381.78,175145.34
1712,1712,68,5,43109.08,215545.4
1713,1713,45,5,61881.38,309406.9
1714,1714,247,3,1889.76,5669.28
1715,1715,51,3,4745.62,14236.86
1716,1716,12,1,29314.78,29314.78
1717,1717,246,4,17087.52,68350.08
1718,1718,155,4,646.95,2587.8
1719,1719,206,1,6578.5,6578.5
1720,1720,111,3,12779.39,38338.17
1721,1721,58,4,45571.21,182284.84
1722,1722,127,4,60846.23,243384.92
1723,1723,175,5,66335.25,331676.25
1724,1724,66,2,6070.99,12141.98
1725,1725,72,4,54286.43,217145.72
1726,1726,28,4,54176.7,216706.8
1727,1727,74,5,20062.57,100312.85
1728,1728,17,5,36691.73,183458.65
1729,1729,29,4,21169.41,84677.64
1730,1730,50,4,38689.96,154759.84
1731,1731,149,3,10425.94,31277.82
1732,1732,6,4,642.86,2571.44
1733,1733,206,2,6578.5,13157.0
1734,1734,88,5,38006.23,190031.15
1735,1735,46,3,32367.18,97101.54
1736,1736,10,1,50484.52,50484.52
1737,1737,100,5,55420.51,277102.55
1738,1738,19,3,46390.24,139170.72
1739,1739,110,5,7098.93,35494.65
1740,1740,122,5,24480.91,122404.55
1741,1741,16,4,10378.88,41515.52
1742,1742,160,5,5722.02,28610.1
1743,1743,37,2,3858.64,7717.28
1744,1744,14,4,4181.19,16724.76
1745,1745,172,1,53622.22,53622.22
1746,1746,6,5,642.86,3214.3
1747,1747,17,2,36691.73,73383.46
1748,1748,56,3,37341.47,112024.41
1749,1749,212,5,14743.99,73719.95
1750,1750,5,2,16804.25,33608.5
1751,1751,54,4,3826.07,15304.28
1752,1752,77,2,2172.62,4345.24
1753,1753,46,4,32367.18,129468.72
1754,1754,147,2,979.82,1959.64
1755,1755,195,3,56252.99,168758.97
1756,1756,160,3,5722.02,17166.06
1757,1757,26,5,57281.74,286408.7
1758,1758,1,1,10808.33,10808.33
1759,1759,179,4,51970.0,207880.0
1760,1760,173,5,50939.53,254697.65
1761,1761,164,3,40728.62,122185.86
1762,1762,233,5,59166.85,295834.25
1763,1763,157,1,10754.95,10754.95
1764,1764,31,2,21599.36,43198.72
1765,1765,147,3,979.82,2939.46
1766,1766,108,3,7901.41,23704.23
1767,1767,11,2,38403.76,76807.52
1768,1768,18,1,44633.15,44633.15
1769,1769,139,2,22524.02,45048.04
1770,1770,142,4,24742.5,98970.0
1771,1771,154,1,56227.97,56227.97
1772,1772,68,4,43109.08,172436.32
1773,1773,235,3,35669.98,107009.94
1774,1774,152,3,11244.0,33732.0
1775,1775,25,1,22922.96,22922.96
1776,1776,168,2,18613.65,37227.3
1777,1777,8,2,31794.75,63589.5
1778,1778,212,2,14743.99,29487.98
1779,1779,145,1,12802.99,12802.99
1780,1780,95,5,59509.32,297546.6
1781,1781,244,4,3395.09,13580.36
1782,1782,111,4,12779.39,51117.56
1783,1783,166,5,5840.36,29201.8
1784,1784,65,2,25140.63,50281.26
1785,1785,56,5,37341.47,186707.35
1786,1786,243,3,131.11,393.33
1787,1787,212,2,14743.99,29487.98
1788,1788,143,2,52558.49,105116.98
1789,1789,185,4,5495.72,21982.88
1790,1790,92,3,59038.83,177116.49
1791,1791,227,2,61598.02,123196.04
1792,1792,136,5,21659.92,108299.6
1793,1793,77,4,2172.62,8690.48
1794,1794,63,4,28971.16,115884.64
1795,1795,185,4,5495.72,21982.88
1796,1796,62,3,62257.94,186773.82
1797,1797,161,5,4529.81,22649.05
1798,1798,162,3,64005.28,192015.84
1799,1799,14,2,4181.19,8362.38
1800,1800,3,2,1679.44,3358.88
1801,1801,224,4,53537.82,214151.28
1802,1802,122,2,24480.91,48961.82
1803,1803,176,1,35001.92,35001.92
1804,1804,117,5,13182.39,65911.95
1805,1805,53,1,13502.43,13502.43
1806,1806,103,2,5533.32,11066.64
1807,1807,92,1,59038.83,59038.83
1808,1808,243,3,131.11,393.33
1809,1809,91,2,31454.59,62909.18
1810,1810,41,4,29618.34,118473.36
1811,1811,114,5,25781.07,128905.35
1812,1812,156,2,22854.19,45708.38
1813,1813,72,3,54286.43,162859.29
1814,1814,173,5,50939.53,254697.65
1815,1815,63,4,28971.16,115884.64
1816,1816,37,4,3858.64,15434.56
1817,1817,245,5,7411.87,37059.35
1818,1818,184,4,25759.96,103039.84
1819,1819,196,4,50609.16,202436.64
1820,1820,151,2,12383.09,24766.18
1821,1821,188,5,51065.63,255328.15
1822,1822,226,5,45400.81,227004.05
1823,1823,146,3,38757.35,116272.05
1824,1824,221,5,41568.44,207842.2
1825,1825,21,2,7177.36,14354.72
1826,1826,219,5,32485.64,162428.2
1827,1827,248,4,55808.74,223234.96
1828,1828,114,2,25781.07,51562.14
1829,1829,130,4,17397.94,69591.76
1830,1830,123,3,32240.11,96720.33
1831,1831,128,5,17503.4,87517.0
1832,1832,99,5,10955.12,54775.6
1833,1833,22,1,42176.54,42176.54
1834,1834,76,1,22632.82,22632.82
1835,1835,114,4,25781.07,103124.28
1836,1836,181,2,30941.3,61882.6
1837,1837,153,4,1829.17,7316.68
1838,1838,222,5,8275.82,41379.1
1839,1839,246,4,17087.52,68350.08
1840,1840,81,2,30957.28,61914.56
1841,1841,214,3,46708.94,140126.82
1842,1842,26,3,57281.74,171845.22
1843,1843,125,2,42471.61,84943.22
1844,1844,20,5,20223.14,101115.7
1845,1845,13,2,53776.88,107553.76
1846,1846,5,3,16804.25,50412.75
1847,1847,6,3,642.86,1928.58
1848,1848,20,1,20223.14,20223.14
1849,1849,118,1,4934.91,4934.91
1850,1850,146,1,38757.35,38757.35
1851,1851,35,5,12662.52,63312.6
1852,1852,199,3,7626.21,22878.63
1853,1853,64,2,45985.44,91970.88
1854,1854,117,1,13182.39,13182.39
1855,1855,238,2,1908.64,3817.28
1856,1856,109,3,29367.34,88102.02
1857,1857,113,5,14029.76,70148.8
1858,1858,237,1,27207.03,27207.03
1859,1859,75,5,42394.12,211970.6
1860,1860,102,2,28252.05,56504.1
1861,1861,205,3,44040.82,132122.46
1862,1862,82,1,37506.05,37506.05
1863,1863,21,5,7177.36,35886.8
1864,1864,54,3,3826.07,11478.21
1865,1865,54,1,3826.07,3826.07
1866,1866,170,1,55187.3,55187.3
1867,1867,8,1,31794.75,31794.75
1868,1868,185,3,5495.72,16487.16
1869,1869,131,3,29903.35,89710.05
1870,1870,95,4,59509.32,238037.28
1871,1871,114,2,25781.07,51562.14
1872,1872,245,1,7411.87,7411.87
1873,1873,209,2,39850.3,79700.6
1874,1874,123,1,32240.11,32240.11
1875,1875,178,1,64556.87,64556.87
1876,1876,186,1,43925.21,43925.21
1877,1877,171,4,10281.14,41124.56
1878,1878,71,5,49802.41,249012.05
1879,1879,49,1,10523.25,10523.25
1880,1880,232,4,18463.39,73853.56
1881,1881,93,4,46909.04,187636.16
1882,1882,244,1,3395.09,3395.09
1883,1883,206,4,6578.5,26314.0
1884,1884,60,1,49134.01,49134.01
1885,1885,48,1,64744.15,64744.15
1886,1886,181,4,30941.3,123765.2
1887,1887,55,4,57983.9,231935.6
1888,1888,55,2,57983.9,115967.8
1889,1889,214,5,46708.94,233544.7
1890,1890,124,1,19205.78,19205.78
1891,1891,22,1,42176.54,42176.54
1892,1892,26,3,57281.74,171845.22
1893,1893,145,2,12802.99,25605.98
1894,1894,106,2,19251.91,38503.82
1895,1895,20,5,20223.14,101115.7
1896,1896,158,2,64606.23,129212.46
1897,1897,236,2,12330.19,24660.38
1898,1898,244,3,3395.09,10185.27
1899,1899,4,1,54318.36,54318.36
1900,1900,107,1,44008.33,44008.33
1901,1901,54,5,3826.07,19130.35
1902,1902,98,3,45423.62,136270.86
1903,1903,70,5,66121.59,330607.95
1904,1904,110,4,7098.93,28395.72
1905,1905,14,2,4181.19,8362.38
1906,1906,235,3,35669.98,107009.94
1907,1907,219,1,32485.64,32485.64
1908,1908,250,3,60076.97,180230.91
1909,1909,64,3,45985.44,137956.32
1910,1910,139,1,22524.02,22524.02
1911,1911,214,3,46708.94,140126.82
1912,1912,213,4,46579.95,186319.8
1913,1913,22,1,42176.54,42176.54
1914,1914,213,5,46579.95,232899.75
1915,1915,183,1,12734.47,12734.47
1916,1916,202,1,10640.66,10640.66
1917,1917,245,3,7411.87,22235.61
1918,1918,87,1,46894.5,46894.5
1919,1919,22,3,42176.54,126529.62
1920,1920,192,2,15107.45,30214.9
1921,1921,237,1,27207.03,27207.03
1922,1922,182,1,53789.43,53789.43
1923,1923,147,3,979.82,2939.46
1924,1924,157,4,10754.95,43019.8
1925,1925,15,2,27970.24,55940.48
1926,1926,124,4,19205.78,76823.12
1927,1927,154,2,56227.97,112455.94
1928,1928,205,3,44040.82,132122.46
1929,1929,204,4,44102.83,176411.32
1930,1930,125,5,42471.61,212358.05
1931,1931,112,4,58381.78,233527.12
1932,1932,13,3,53776.88,161330.64
1933,1933,66,5,6070.99,30354.95
1934,1934,216,3,21395.53,64186.59
1935,1935,97,2,68459.59,136919.18
1936,1936,82,4,37506.05,150024.2
1937,1937,90,1,735.6,735.6
1938,1938,215,3,16623.86,49871.58
1939,1939,44,2,34014.14,68028.28
1940,1940,80,4,21690.71,86762.84
1941,1941,222,3,8275.82,24827.46
1942,1942,194,1,33793.71,33793.71
1943,1943,100,5,55420.51,277102.55
1944,1944,225,3,60097.04,180291.12
1945,1945,170,5,55187.3,275936.5
1946,1946,107,1,44008.33,44008.33
1947,1947,200,4,17145.0,68580.0
1948,1948,87,3,46894.5,140683.5
1949,1949,226,1,45400.81,45400.81
1950,1950,190,5,42783.57,213917.85
1951,1951,41,4,29618.34,118473.36
1952,1952,199,4,7626.21,30504.84
1953,1953,28,1,54176.7,54176.7
1954,1954,77,5,2172.62,10863.1
1955,1955,143,1,52558.49,52558.49
1956,1956,98,1,45423.62,45423.62
1957,1957,95,5,59509.32,297546.6
1958,1958,6,1,642.86,642.86
1959,1959,146,4,38757.35,155029.4
1960,1960,172,3,53622.22,160866.66
1961,1961,91,4,31454.59,125818.36
1962,1962,11,5,38403.76,192018.8
1963,1963,44,4,34014.14,136056.56
1964,1964,126,5,64362.26,321811.3
1965,1965,98,3,45423.62,136270.86
1966,1966,228,1,66102.43,66102.43
1967,1967,68,3,43109.08,129327.24
1968,1968,188,3,51065.63,153196.89
1969,1969,24,3,9618.22,28854.66
1970,1970,232,3,18463.39,55390.17
1971,1971,192,2,15107.45,30214.9
1972,1972,160,3,5722.02,17166.06
1973,1973,197,2,30911.41,61822.82
1974,1974,192,4,15107.45,60429.8
1975,1975,127,1,60846.23,60846.23
1976,1976,136,5,21659.92,108299.6
1977,1977,16,3,10378.88,31136.64
1978,1978,218,1,28695.07,28695.07
1979,1979,17,3,36691.73,110075.19
1980,1980,210,1,29960.64,29960.64
1981,1981,59,4,43410.48,173641.92
1982,1982,172,5,53622.22,268111.1
1983,1983,169,4,62923.23,251692.92
1984,1984,198,2,11169.83,22339.66
1985,1985,106,5,19251.91,96259.55
1986,1986,65,5,25140.63,125703.15
1987,1987,243,4,131.11,524.44
1988,1988,12,3,29314.78,87944.34
1989,1989,37,3,3858.64,11575.92
1990,1990,17,4,36691.73,146766.92
1991,1991,186,5,43925.21,219626.05
1992,1992,171,5,10281.14,51405.7
1993,1993,30,3,10958.09,32874.27
1994,1994,39,1,57498.93,57498.93
1995,1995,114,4,25781.07,103124.28
1996,1996,169,5,62923.23,314616.15
1997,1997,21,4,7177.36,28709.44
1998,1998,168,1,18613.65,18613.65
1999,1999,12,4,29314.78,117259.12
2000,2000,137,1,23377.61,23377.61
2001,2001,231,3,63124.22,189372.66
2002,2002,57,4,59016.95,236067.8
2003,2003,93,5,46909.04,234545.2
2004,2004,121,2,12980.71,25961.42
2005,2005,172,2,53622.22,107244.44
2006,2006,153,4,1829.17,7316.68
2007,2007,101,4,47716.78,190867.12
2008,2008,189,1,58222.2,58222.2
2009,2009,175,1,66335.25,66335.25
2010,2010,81,3,30957.28,92871.84
2011,2011,32,4,21295.25,85181.0
2012,2012,201,1,29524.33,29524.33
2013,2013,83,1,62547.04,62547.04
2014,2014,8,4,31794.75,127179.0
2015,2015,111,1,12779.39,12779.39
2016,2016,21,4,7177.36,28709.44
2017,2017,90,1,735.6,735.6
2018,2018,182,5,53789.43,268947.15
2019,2019,226,1,45400.81,45400.81
2020,2020,2,4,2750.44,11001.76
2021,2021,234,4,56146.62,224586.48
2022,2022,142,3,24742.5,74227.5
2023,2023,46,5,32367.18,161835.9
2024,2024,73,3,44385.63,133156.89
2025,2025,93,4,46909.04,187636.16
2026,2026,112,1,58381.78,58381.78
2027,2027,136,4,21659.92,86639.68
2028,2028,236,4,12330.19,49320.76
2029,2029,124,1,19205.78,19205.78
2030,2030,111,4,12779.39,51117.56
2031,2031,125,2,42471.61,84943.22
2032,2032,177,1,25646.36,25646.36
2033,2033,155,2,646.95,1293.9
2034,2034,205,2,44040.82,88081.64
2035,2035,142,2,24742.5,49485.0
2036,2036,77,5,2172.62,10863.1
2037,2037,222,1,8275.82,8275.82
2038,2038,67,2,213.0,426.0
2039,2039,3,5,1679.44,8397.2
2040,2040,204,2,44102.83,88205.66
2041,2041,29,3,21169.41,63508.23
2042,2042,41,4,29618.34,118473.36
2043,2043,244,2,3395.09,6790.18
2044,2044,191,3,35165.54,105496.62
2045,2045,160,4,5722.02,22888.08
2046,2046,137,2,23377.61,46755.22
2047,2047,51,4,4745.62,18982.48
2048,2048,245,4,7411.87,29647.48
2049,2049,234,3,56146.62,168439.86
2050,2050,201,1,29524.33,29524.33
2051,2051,230,5,31745.27,158726.35
2052,2052,174,5,56927.09,284635.45
2053,2053,27,2,51849.33,103698.66
2054,2054,176,1,35001.92,35001.92
2055,2055,89,5,35164.04,175820.2
2056,2056,150,3,25258.79,75776.37
2057,2057,207,3,68454.58,205363.74
2058,2058,177,4,25646.36,102585.44
2059,2059,161,4,4529.81,18119.24
2060,2060,152,5,11244.0,56220.0
2061,2061,221,5,41568.44,207842.2
2062,2062,8,1,31794.75,31794.75
2063,2063,46,2,32367.18,64734.36
2064,2064,88,4,38006.23,152024.92
2065,2065,205,2,44040.82,88081.64
2066,2066,16,5,10378.88,51894.4
2067,2067,56,4,37341.47,149365.88
2068,2068,25,1,22922.96,22922.96
2069,2069,221,5,41568.44,207842.2
2070,2070,139,1,22524.02,22524.02
2071,2071,39,3,57498.93,172496.79
2072,2072,126,1,64362.26,64362.26
2073,2073,203,1,52650.81,52650.81
2074,2074,218,4,28695.07,114780.28
2075,2075,224,2,53537.82,107075.64
2076,2076,184,1,25759.96,25759.96
2077,2077,189,4,58222.2,232888.8
2078,2078,184,2,25759.96,51519.92
2079,2079,118,1,4934.91,4934.91
2080,2080,58,3,45571.21,136713.63
2081,2081,238,3,1908.64,5725.92
2082,2082,159,3,2783.41,8350.23
2083,2083,227,5,61598.02,307990.1
2084,2084,28,3,54176.7,162530.1
2085,2085,32,4,21295.25,85181.0
2086,2086,113,4,14029.76,56119.04
2087,2087,193,1,1860.99,1860.99
2088,2088,112,4,58381.78,233527.12
2089,2089,39,5,57498.93,287494.65
2090,2090,104,3,18898.17,56694.51
2091,2091,139,4,22524.02,90096.08
2092,2092,237,2,27207.03,54414.06
2093,2093,99,1,10955.12,10955.12
2094,2094,34,3,55038.37,165115.11
2095,2095,63,4,28971.16,115884.64
2096,2096,132,4,55437.19,221748.76
2097,2097,49,2,10523.25,21046.5
2098,2098,208,1,41507.35,41507.35
2099,2099,159,2,2783.41,5566.82
2100,2100,46,3,32367.18,97101.54
2101,2101,224,3,53537.82,160613.46
2102,2102,93,1,46909.04,46909.04
2103,2103,207,5,68454.58,342272.9
2104,2104,242,1,14842.89,14842.89
2105,2105,100,5,55420.51,277102.55
2106,2106,69,1,9102.07,9102.07
2107,2107,157,4,10754.95,43019.8
2108,2108,144,4,66090.78,264363.12
2109,2109,210,2,29960.64,59921.28
2110,2110,211,5,50593.81,252969.05
2111,2111,128,1,17503.4,17503.4
2112,2112,210,5,29960.64,149803.2
2113,2113,235,2,35669.98,71339.96
2114,2114,163,3,28241.72,84725.16
2115,2115,229,1,40892.85,40892.85
2116,2116,194,1,33793.71,33793.71
2117,2117,14,1,4181.19,4181.19
2118,2118,112,4,58381.78,233527.12
2119,2119,83,5,62547.04,312735.2
2120,2120,75,5,42394.12,211970.6
2121,2121,74,2,20062.57,40125.14
2122,2122,219,5,32485.64,162428.2
2123,2123,60,1,49134.01,49134.01
2124,2124,194,1,33793.71,33793.71
2125,2125,71,4,49802.41,199209.64
2126,2126,16,2,10378.88,20757.76
2127,2127,180,3,22916.64,68749.92
2128,2128,215,4,16623.86,66495.44
2129,2129,1,5,10808.33,54041.65
2130,2130,156,4,22854.19,91416.76
2131,2131,228,1,66102.43,66102.43
2132,2132,99,3,10955.12,32865.36
2133,2133,145,2,12802.99,25605.98
2134,2134,121,3,12980.71,38942.13
2135,2135,160,1,5722.02,5722.02
2136,2136,73,3,44385.63,133156.89
2137,2137,120,5,36416.76,182083.8
2138,2138,14,3,4181.19,12543.57
2139,2139,192,5,15107.45,75537.25
2140,2140,211,2,50593.81,101187.62
2141,2141,15,3,27970.24,83910.72
2142,2142,121,1,12980.71,12980.71
2143,2143,33,4,1350.02,5400.08
2144,2144,168,5,18613.65,93068.25
2145,2145,148,1,45590.74,45590.74
2146,2146,41,4,29618.34,118473.36
2147,2147,109,3,29367.34,88102.02
2148,2148,95,1,59509.32,59509.32
2149,2149,49,1,10523.25,10523.25
2150,2150,176,1,35001.92,35001.92
2151,2151,83,1,62547.04,62547.04
2152,2152,230,1,31745.27,31745.27
2153,2153,230,5,31745.27,158726.35
2154,2154,140,3,48596.53,145789.59
2155,2155,235,4,35669.98,142679.92
2156,2156,85,3,6828.31,20484.93
2157,2157,124,2,19205.78,38411.56
2158,2158,232,5,18463.39,92316.95
2159,2159,131,1,29903.35,29903.35
2160,2160,139,3,22524.02,67572.06
2161,2161,47,4,40909.49,163637.96
2162,2162,79,1,31796.72,31796.72
2163,2163,98,2,45423.62,90847.24
2164,2164,131,2,29903.35,59806.7
2165,2165,129,3,9524.26,28572.78
2166,2166,201,1,29524.33,29524.33
2167,2167,114,2,25781.07,51562.14
2168,2168,89,3,35164.04,105492.12
2169,2169,58,2,45571.21,91142.42
2170,2170,4,3,54318.36,162955.08
2171,2171,178,2,64556.87,129113.74
2172,2172,247,5,1889.76,9448.8
2173,2173,93,1,46909.04,46909.04
2174,2174,82,3,37506.05,112518.15
2175,2175,230,1,31745.27,31745.27
2176,2176,30,2,10958.09,21916.18
2177,2177,85,2,6828.31,13656.62
2178,2178,65,4,25140.63,100562.52
2179,2179,21,1,7177.36,7177.36
2180,2180,206,4,6578.5,26314.0
2181,2181,142,5,24742.5,123712.5
2182,2182,122,3,24480.91,73442.73
2183,2183,4,3,54318.36,162955.08
2184,2184,32,2,21295.25,42590.5
2185,2185,222,5,8275.82,41379.1
2186,2186,192,1,15107.45,15107.45
2187,2187,225,5,60097.04,300485.2
2188,2188,163,3,28241.72,84725.16
2189,2189,23,5,56494.42,282472.1
2190,2190,7,3,65009.38,195028.14
2191,2191,192,1,15107.45,15107.45
2192,2192,211,3,50593.81,151781.43
2193,2193,27,2,51849.33,103698.66
2194,2194,6,1,642.86,642.86
2195,2195,127,3,60846.23,182538.69
2196,2196,162,1,64005.28,64005.28
2197,2197,71,3,49802.41,149407.23
2198,2198,18,3,44633.15,133899.45
2199,2199,110,5,7098.93,35494.65
2200,2200,155,2,646.95,1293.9
2201,2201,56,2,37341.47,74682.94
2202,2202,122,4,24480.91,97923.64
2203,2203,180,5,22916.64,114583.2
2204,2204,38,4,547.71,2190.84
2205,2205,144,5,66090.78,330453.9
2206,2206,229,5,40892.85,204464.25
2207,2207,68,4,43109.08,172436.32
2208,2208,58,5,45571.21,227856.05
2209,2209,120,5,36416.76,182083.8
2210,2210,52,1,11931.31,11931.31
2211,2211,146,2,38757.35,77514.7
2212,2212,173,3,50939.53,152818.59
2213,2213,46,2,32367.18,64734.36
2214,2214,155,1,646.95,646.95
2215,2215,97,1,68459.59,68459.59
2216,2216,94,4,28901.65,115606.6
2217,2217,51,4,4745.62,18982.48
2218,2218,208,1,41507.35,41507.35
2219,2219,113,1,14029.76,14029.76
2220,2220,39,3,57498.93,172496.79
2221,2221,213,1,46579.95,46579.95
2222,2222,53,4,13502.43,54009.72
2223,2223,53,5,13502.43,67512.15
2224,2224,217,3,26516.35,79549.05
2225,2225,158,1,64606.23,64606.23
2226,2226,36,3,2797.54,8392.62
2227,2227,138,1,39621.63,39621.63
2228,2228,146,2,38757.35,77514.7
2229,2229,229,4,40892.85,163571.4
2230,2230,100,5,55420.51,277102.55
2231,2231,74,2,20062.57,40125.14
2232,2232,111,3,12779.39,38338.17
2233,2233,54,4,3826.07,15304.28
2234,2234,90,2,735.6,1471.2
2235,2235,22,3,42176.54,126529.62
2236,2236,231,3,63124.22,189372.66
2237,2237,178,5,64556.87,322784.35
2238,2238,250,3,60076.97,180230.91
2239,2239,96,4,5276.47,21105.88
2240,2240,142,1,24742.5,24742.5
2241,2241,95,1,59509.32,59509.32
2242,2242,194,5,33793.71,168968.55
2243,2243,150,3,25258.79,75776.37
2244,2244,28,3,54176.7,162530.1
2245,2245,98,2,45423.62,90847.24
2246,2246,203,1,52650.81,52650.81
2247,2247,137,4,23377.61,93510.44
2248,2248,159,5,2783.41,13917.05
2249,2249,149,4,10425.94,41703.76
2250,2250,225,4,60097.04,240388.16
2251,2251,200,2,17145.0,34290.0
2252,2252,62,1,62257.94,62257.94
2253,2253,33,2,1350.02,2700.04
2254,2254,3,3,1679.44,5038.32
2255,2255,40,2,10792.75,21585.5
2256,2256,62,2,62257.94,124515.88
2257,2257,178,5,64556.87,322784.35
2258,2258,135,2,32067.55,64135.1
2259,2259,27,5,51849.33,259246.65
2260,2260,99,1,10955.12,10955.12
2261,2261,197,2,30911.41,61822.82
2262,2262,84,1,18918.53,18918.53
2263,2263,157,2,10754.95,21509.9
2264,2264,127,1,60846.23,60846.23
2265,2265,67,1,213.0,213.0
2266,2266,7,3,65009.38,195028.14
2267,2267,63,5,28971.16,144855.8
2268,2268,235,4,35669.98,142679.92
2269,2269,238,4,1908.64,7634.56
2270,2270,110,5,7098.93,35494.65
2271,2271,78,4,40599.73,162398.92
2272,2272,11,4,38403.76,153615.04
2273,2273,167,2,32297.74,64595.48
2274,2274,100,1,55420.51,55420.51
2275,2275,189,2,58222.2,116444.4
2276,2276,119,3,33444.49,100333.47
2277,2277,123,5,32240.11,161200.55
2278,2278,156,4,22854.19,91416.76
2279,2279,244,4,3395.09,13580.36
2280,2280,52,4,11931.31,47725.24
2281,2281,129,1,9524.26,9524.26
2282,2282,92,2,59038.83,118077.66
2283,2283,249,4,30676.08,122704.32
2284,2284,50,5,38689.96,193449.8
2285,2285,15,5,27970.24,139851.2
2286,2286,199,5,7626.21,38131.05
2287,2287,250,2,60076.97,120153.94
2288,2288,52,2,11931.31,23862.62
2289,2289,227,1,61598.02,61598.02
2290,2290,145,4,12802.99,51211.96
2291,2291,8,1,31794.75,31794.75
2292,2292,156,5,22854.19,114270.95
2293,2293,139,2,22524.02,45048.04
2294,2294,76,4,22632.82,90531.28
2295,2295,128,1,17503.4,17503.4
2296,2296,162,4,64005.28,256021.12
2297,2297,93,1,46909.04,46909.04
2298,2298,135,4,32067.55,128270.2
2299,2299,36,1,2797.54,2797.54
2300,2300,1,5,10808.33,54041.65
2301,2301,130,4,17397.94,69591.76
2302,2302,215,2,16623.86,33247.72
2303,2303,104,4,18898.17,75592.68
2304,2304,136,2,21659.92,43319.84
2305,2305,130,1,17397.94,17397.94
2306,2306,226,4,45400.81,181603.24
2307,2307,140,5,48596.53,242982.65
2308,2308,100,1,55420.51,55420.51
2309,2309,4,4,54318.36,217273.44
2310,2310,199,4,7626.21,30504.84
2311,2311,219,5,32485.64,162428.2
2312,2312,175,5,66335.25,331676.25
2313,2313,17,2,36691.73,73383.46
2314,2314,125,5,42471.61,212358.05
2315,2315,13,3,53776.88,161330.64
2316,2316,187,2,49126.18,98252.36
2317,2317,95,2,59509.32,119018.64
2318,2318,140,3,48596.53,145789.59
2319,2319,97,3,68459.59,205378.77
2320,2320,129,1,9524.26,9524.26
2321,2321,109,5,29367.34,146836.7
2322,2322,199,1,7626.21,7626.21
2323,2323,174,4,56927.09,227708.36
2324,2324,153,2,1829.17,3658.34
2325,2325,41,3,29618.34,88855.02
2326,2326,26,5,57281.74,286408.7
2327,2327,157,4,10754.95,43019.8
2328,2328,155,4,646.95,2587.8
2329,2329,3,2,1679.44,3358.88
2330,2330,32,1,21295.25,21295.25
2331,2331,143,1,52558.49,52558.49
2332,2332,136,2,21659.92,43319.84
2333,2333,68,5,43109.08,215545.4
2334,2334,186,1,43925.21,43925.21
2335,2335,159,5,2783.41,13917.05
2336,2336,235,3,35669.98,107009.94
2337,2337,227,3,61598.02,184794.06
2338,2338,66,5,6070.99,30354.95
2339,2339,117,5,13182.39,65911.95
2340,2340,147,1,979.82,979.82
2341,2341,242,3,14842.89,44528.67
2342,2342,230,5,31745.27,158726.35
2343,2343,64,2,45985.44,91970.88
2344,2344,66,4,6070.99,24283.96
2345,2345,231,3,63124.22,189372.66
2346,2346,139,4,22524.02,90096.08
2347,2347,235,4,35669.98,142679.92
2348,2348,235,2,35669.98,71339.96
2349,2349,100,1,55420.51,55420.51
2350,2350,47,1,40909.49,40909.49
2351,2351,56,1,37341.47,37341.47
2352,2352,172,5,53622.22,268111.1
2353,2353,177,1,25646.36,25646.36
2354,2354,109,4,29367.34,117469.36
2355,2355,192,4,15107.45,60429.8
2356,2356,77,1,2172.62,2172.62
2357,2357,82,5,37506.05,187530.25
2358,2358,227,5,61598.02,307990.1
2359,2359,122,3,24480.91,73442.73
2360,2360,57,1,59016.95,59016.95
2361,2361,136,4,21659.92,86639.68
2362,2362,186,5,43925.21,219626.05
2363,2363,3,2,1679.44,3358.88
2364,2364,114,5,25781.07,128905.35
2365,2365,45,3,61881.38,185644.14
2366,2366,181,2,30941.3,61882.6
2367,2367,113,1,14029.76,14029.76
2368,2368,33,4,1350.02,5400.08
2369,2369,189,5,58222.2,291111.0
2370,2370,136,4,21659.92,86639.68
2371,2371,6,3,642.86,1928.58
2372,2372,230,1,31745.27,31745.27
2373,2373,86,3,21297.54,63892.62
2374,2374,125,5,42471.61,212358.05
2375,2375,244,1,3395.09,3395.09
2376,2376,61,4,58995.31,235981.24
2377,2377,52,1,11931.31,11931.31
2378,2378,73,2,44385.63,88771.26
2379,2379,250,1,60076.97,60076.97
2380,2380,216,4,21395.53,85582.12
2381,2381,172,3,53622.22,160866.66
2382,2382,100,2,55420.51,110841.02
2383,2383,70,4,66121.59,264486.36
2384,2384,153,5,1829.17,9145.85
2385,2385,71,3,49802.41,149407.23
2386,2386,64,2,45985.44,91970.88
2387,2387,214,1,46708.94,46708.94
2388,2388,128,5,17503.4,87517.0
2389,2389,41,4,29618.34,118473.36
2390,2390,58,1,45571.21,45571.21
2391,2391,91,5,31454.59,157272.95
2392,2392,123,4,32240.11,128960.44
2393,2393,112,2,58381.78,116763.56
2394,2394,9,5,1896.99,9484.95
2395,2395,80,1,21690.71,21690.71
2396,2396,236,4,12330.19,49320.76
2397,2397,134,3,50043.92,150131.76
2398,2398,184,4,25759.96,103039.84
2399,2399,65,1,25140.63,25140.63
2400,2400,196,1,50609.16,50609.16
2401,2401,86,4,21297.54,85190.16
2402,2402,115,3,6132.98,18398.94
2403,2403,105,4,26970.33,107881.32
2404,2404,36,1,2797.54,2797.54
2405,2405,154,5,56227.97,281139.85
2406,2406,179,4,51970.0,207880.0
2407,2407,131,3,29903.35,89710.05
2408,2408,216,4,21395.53,85582.12
2409,2409,88,2,38006.23,76012.46
2410,2410,81,3,30957.28,92871.84
2411,2411,170,3,55187.3,165561.9
2412,2412,39,3,57498.93,172496.79
2413,2413,86,5,21297.54,106487.7
2414,2414,202,4,10640.66,42562.64
2415,2415,103,4,5533.32,22133.28
2416,2416,45,5,61881.38,309406.9
2417,2417,46,5,32367.18,161835.9
2418,2418,156,1,22854.19,22854.19
2419,2419,119,2,33444.49,66888.98
2420,2420,35,4,12662.52,50650.08
2421,2421,121,5,12980.71,64903.55
2422,2422,70,1,66121.59,66121.59
2423,2423,111,1,12779.39,12779.39
2424,2424,26,3,57281.74,171845.22
2425,2425,199,3,7626.21,22878.63
2426,2426,27,2,51849.33,103698.66
2427,2427,133,2,45678.86,91357.72
2428,2428,113,2,14029.76,28059.52
2429,2429,143,4,52558.49,210233.96
2430,2430,172,5,53622.22,268111.1
2431,2431,135,2,32067.55,64135.1
2432,2432,61,5,58995.31,294976.55
2433,2433,35,2,12662.52,25325.04
2434,2434,214,5,46708.94,233544.7
2435,2435,171,5,10281.14,51405.7
2436,2436,135,4,32067.55,128270.2
2437,2437,36,2,2797.54,5595.08
2438,2438,92,3,59038.83,177116.49
2439,2439,109,5,29367.34,146836.7
2440,2440,190,4,42783.57,171134.28
2441,2441,48,5,64744.15,323720.75
2442,2442,106,4,19251.91,77007.64
2443,2443,23,1,56494.42,56494.42
2444,2444,59,3,43410.48,130231.44
2445,2445,103,3,5533.32,16599.96
2446,2446,128,3,17503.4,52510.2
2447,2447,165,5,51492.2,257461.0
2448,2448,14,5,4181.19,20905.95
2449,2449,234,3,56146.62,168439.86
2450,2450,52,4,11931.31,47725.24
2451,2451,167,1,32297.74,32297.74
2452,2452,181,3,30941.3,92823.9
2453,2453,214,5,46708.94,233544.7
2454,2454,42,4,35406.75,141627.0
2455,2455,38,4,547.71,2190.84
2456,2456,60,3,49134.01,147402.03
2457,2457,2,4,2750.44,11001.76
2458,2458,9,1,1896.99,1896.99
2459,2459,187,1,49126.18,49126.18
2460,2460,39,4,57498.93,229995.72
2461,2461,106,3,19251.91,57755.73
2462,2462,219,4,32485.64,129942.56
2463,2463,163,1,28241.72,28241.72
2464,2464,150,4,25258.79,101035.16
2465,2465,20,3,20223.14,60669.42
2466,2466,155,1,646.95,646.95
2467,2467,146,1,38757.35,38757.35
2468,2468,2,1,2750.44,2750.44
2469,2469,153,1,1829.17,1829.17
2470,2470,111,4,12779.39,51117.56
2471,2471,92,5,59038.83,295194.15
2472,2472,224,3,53537.82,160613.46
2473,2473,80,3,21690.71,65072.13
2474,2474,242,3,14842.89,44528.67
2475,2475,240,2,48841.77,97683.54
2476,2476,10,1,50484.52,50484.52
2477,2477,25,4,22922.96,91691.84
2478,2478,227,5,61598.02,307990.1
2479,2479,223,3,41409.35,124228.05
2480,2480,219,4,32485.64,129942.56
2481,2481,34,4,55038.37,220153.48
2482,2482,187,3,49126.18,147378.54
2483,2483,221,2,41568.44,83136.88
2484,2484,206,1,6578.5,6578.5
2485,2485,234,3,56146.62,168439.86
2486,2486,47,2,40909.49,81818.98
2487,2487,88,5,38006.23,190031.15
2488,2488,147,5,979.82,4899.1
2489,2489,240,4,48841.77,195367.08
2490,2490,176,2,35001.92,70003.84
2491,2491,15,4,27970.24,111880.96
2492,2492,199,2,7626.21,15252.42
2493,2493,41,1,29618.34,29618.34
2494,2494,106,4,19251.91,77007.64
2495,2495,96,4,5276.47,21105.88
2496,2496,146,1,38757.35,38757.35
2497,2497,12,4,29314.78,117259.12
2498,2498,16,5,10378.88,51894.4
2499,2499,174,4,56927.09,227708.36
2500,2500,193,1,1860.99,1860.99
2501,2501,222,1,8275.82,8275.82
2502,2502,209,4,39850.3,159401.2
2503,2503,24,2,9618.22,19236.44
2504,2504,172,3,53622.22,160866.66
2505,2505,1,2,10808.33,21616.66
2506,2506,92,1,59038.83,59038.83
2507,2507,244,1,3395.09,3395.09
2508,2508,105,3,26970.33,80910.99
2509,2509,46,2,32367.18,64734.36
2510,2510,118,4,4934.91,19739.64
2511,2511,233,3,59166.85,177500.55
2512,2512,63,3,28971.16,86913.48
2513,2513,214,5,46708.94,233544.7
2514,2514,166,3,5840.36,17521.08
2515,2515,196,4,50609.16,202436.64
2516,2516,87,2,46894.5,93789.0
2517,2517,235,4,35669.98,142679.92
2518,2518,173,3,50939.53,152818.59
2519,2519,16,3,10378.88,31136.64
2520,2520,250,2,60076.97,120153.94
2521,2521,73,4,44385.63,177542.52
2522,2522,228,4,66102.43,264409.72
2523,2523,173,3,50939.53,152818.59
2524,2524,21,1,7177.36,7177.36
2525,2525,106,1,19251.91,19251.91
2526,2526,41,5,29618.34,148091.7
2527,2527,96,5,5276.47,26382.35
2528,2528,225,3,60097.04,180291.12
2529,2529,50,5,38689.96,193449.8
2530,2530,138,4,39621.63,158486.52
2531,2531,88,3,38006.23,114018.69
2532,2532,154,5,56227.97,281139.85
2533,2533,127,3,60846.23,182538.69
2534,2534,145,2,12802.99,25605.98
2535,2535,16,3,10378.88,31136.64
2536,2536,186,1,43925.21,43925.21
2537,2537,173,3,50939.53,152818.59
2538,2538,226,3,45400.81,136202.43
2539,2539,42,5,35406.75,177033.75
2540,2540,189,2,58222.2,116444.4
2541,2541,196,2,50609.16,101218.32
2542,2542,13,1,53776.88,53776.88
2543,2543,103,3,5533.32,16599.96
2544,2544,187,2,49126.18,98252.36
2545,2545,6,2,642.86,1285.72
2546,2546,161,2,4529.81,9059.62
2547,2547,155,4,646.95,2587.8
2548,2548,118,3,4934.91,14804.73
2549,2549,76,3,22632.82,67898.46
2550,2550,59,2,43410.48,86820.96
2551,2551,199,2,7626.21,15252.42
2552,2552,152,3,11244.0,33732.0
2553,2553,89,4,35164.04,140656.16
2554,2554,135,4,32067.55,128270.2
2555,2555,243,4,131.11,524.44
2556,2556,178,3,64556.87,193670.61
2557,2557,225,1,60097.04,60097.04
2558,2558,76,4,22632.82,90531.28
2559,2559,242,4,14842.89,59371.56
2560,2560,34,3,55038.37,165115.11
2561,2561,163,4,28241.72,112966.88
2562,2562,185,3,5495.72,16487.16
2563,2563,234,5,56146.62,280733.1
2564,2564,124,2,19205.78,38411.56
2565,2565,202,5,10640.66,53203.3
2566,2566,55,3,57983.9,173951.7
2567,2567,27,5,51849.33,259246.65
2568,2568,204,1,44102.83,44102.83
2569,2569,105,4,26970.33,107881.32
2570,2570,161,1,4529.81,4529.81
2571,2571,6,1,642.86,642.86
2572,2572,153,5,1829.17,9145.85
2573,2573,114,5,25781.07,128905.35
2574,2574,75,3,42394.12,127182.36
2575,2575,45,5,61881.38,309406.9
2576,2576,131,2,29903.35,59806.7
2577,2577,149,5,10425.94,52129.7
2578,2578,64,1,45985.44,45985.44
2579,2579,98,3,45423.62,136270.86
2580,2580,34,1,55038.37,55038.37
2581,2581,33,5,1350.02,6750.1
2582,2582,33,4,1350.02,5400.08
2583,2583,92,5,59038.83,295194.15
2584,2584,90,5,735.6,3678.0
2585,2585,121,1,12980.71,12980.71
2586,2586,248,2,55808.74,111617.48
2587,2587,73,5,44385.63,221928.15
2588,2588,152,1,11244.0,11244.0
2589,2589,1,3,10808.33,32424.99
2590,2590,165,3,51492.2,154476.6
2591,2591,121,5,12980.71,64903.55
2592,2592,147,5,979.82,4899.1
2593,2593,23,3,56494.42,169483.26
2594,2594,197,5,30911.41,154557.05
2595,2595,191,3,35165.54,105496.62
2596,2596,59,3,43410.48,130231.44
2597,2597,174,3,56927.09,170781.27
2598,2598,229,4,40892.85,163571.4
2599,2599,90,1,735.6,735.6
2600,2600,167,2,32297.74,64595.48
2601,2601,198,2,11169.83,22339.66
2602,2602,74,2,20062.57,40125.14
2603,2603,236,3,12330.19,36990.57
2604,2604,71,1,49802.41,49802.41
2605,2605,184,4,25759.96,103039.84
2606,2606,178,1,64556.87,64556.87
2607,2607,132,1,55437.19,55437.19
2608,2608,107,2,44008.33,88016.66
2609,2609,19,2,46390.24,92780.48
2610,2610,152,3,11244.0,33732.0
2611,2611,157,3,10754.95,32264.85
2612,2612,62,3,62257.94,186773.82
2613,2613,239,4,8293.55,33174.2
2614,2614,139,3,22524.02,67572.06
2615,2615,220,3,29590.01,88770.03
2616,2616,159,1,2783.41,2783.41
2617,2617,191,4,35165.54,140662.16
2618,2618,54,1,3826.07,3826.07
2619,2619,40,5,10792.75,53963.75
2620,2620,42,1,35406.75,35406.75
2621,2621,164,1,40728.62,40728.62
2622,2622,204,1,44102.83,44102.83
2623,2623,47,4,40909.49,163637.96
2624,2624,79,2,31796.72,63593.44
2625,2625,25,5,22922.96,114614.8
2626,2626,21,3,7177.36,21532.08
2627,2627,66,3,6070.99,18212.97
2628,2628,197,4,30911.41,123645.64
2629,2629,250,5,60076.97,300384.85
2630,2630,130,5,17397.94,86989.7
2631,2631,56,4,37341.47,149365.88
2632,2632,163,4,28241.72,112966.88
2633,2633,14,4,4181.19,16724.76
2634,2634,15,3,27970.24,83910.72
2635,2635,220,1,29590.01,29590.01
2636,2636,114,1,25781.07,25781.07
2637,2637,160,3,5722.02,17166.06
2638,2638,243,1,131.11,131.11
2639,2639,164,4,40728.62,162914.48
2640,2640,239,2,8293.55,16587.1
2641,2641,99,2,10955.12,21910.24
2642,2642,48,4,64744.15,258976.6
2643,2643,104,2,18898.17,37796.34
2644,2644,239,3,8293.55,24880.65
2645,2645,183,2,12734.47,25468.94
2646,2646,34,4,55038.37,220153.48
2647,2647,86,4,21297.54,85190.16
2648,2648,40,1,10792.75,10792.75
2649,2649,246,4,17087.52,68350.08
2650,2650,156,5,22854.19,114270.95
2651,2651,14,3,4181.19,12543.57
2652,2652,190,4,42783.57,171134.28
2653,2653,11,4,38403.76,153615.04
2654,2654,132,5,55437.19,277185.95
2655,2655,203,2,52650.81,105301.62
2656,2656,113,5,14029.76,70148.8
2657,2657,237,5,27207.03,136035.15
2658,2658,128,4,17503.4,70013.6
2659,2659,170,3,55187.3,165561.9
2660,2660,42,2,35406.75,70813.5
2661,2661,159,5,2783.41,13917.05
2662,2662,160,4,5722.02,22888.08
2663,2663,214,2,46708.94,93417.88
2664,2664,100,5,55420.51,277102.55
2665,2665,207,1,68454.58,68454.58
2666,2666,208,5,41507.35,207536.75
2667,2667,77,3,2172.62,6517.86
2668,2668,71,3,49802.41,149407.23
2669,2669,28,5,54176.7,270883.5
2670,2670,140,2,48596.53,97193.06
2671,2671,130,3,17397.94,52193.82
2672,2672,116,5,45582.6,227913.0
2673,2673,40,5,10792.75,53963.75
2674,2674,43,4,29714.26,118857.04
2675,2675,207,2,68454.58,136909.16
2676,2676,191,5,35165.54,175827.7
2677,2677,5,1,16804.25,16804.25
2678,2678,108,3,7901.41,23704.23
2679,2679,27,3,51849.33,155547.99
2680,2680,155,5,646.95,3234.75
2681,2681,81,2,30957.28,61914.56
2682,2682,124,3,19205.78,57617.34
2683,2683,115,5,6132.98,30664.9
2684,2684,213,4,46579.95,186319.8
2685,2685,246,1,17087.52,17087.52
2686,2686,93,3,46909.04,140727.12
2687,2687,189,2,58222.2,116444.4
2688,2688,50,2,38689.96,77379.92
2689,2689,19,4,46390.24,185560.96
2690,2690,147,2,979.82,1959.64
2691,2691,19,2,46390.24,92780.48
2692,2692,165,3,51492.2,154476.6
2693,2693,210,4,29960.64,119842.56
2694,2694,85,4,6828.31,27313.24
2695,2695,226,1,45400.81,45400.81
2696,2696,158,4,64606.23,258424.92
2697,2697,192,1,15107.45,15107.45
2698,2698,220,4,29590.01,118360.04
2699,2699,98,3,45423.62,136270.86
2700,2700,162,1,64005.28,64005.28
2701,2701,37,1,3858.64,3858.64
2702,2702,206,1,6578.5,6578.5
2703,2703,206,1,6578.5,6578.5
2704,2704,202,1,10640.66,10640.66
2705,2705,44,4,34014.14,136056.56
2706,2706,136,4,21659.92,86639.68
2707,2707,79,5,31796.72,158983.6
2708,2708,198,5,11169.83,55849.15
2709,2709,92,5,59038.83,295194.15
2710,2710,172,4,53622.22,214488.88
2711,2711,15,1,27970.24,27970.24
2712,2712,90,1,735.6,735.6
2713,2713,163,2,28241.72,56483.44
2714,2714,242,3,14842.89,44528.67
2715,2715,59,5,43410.48,217052.4
2716,2716,230,1,31745.27,31745.27
2717,2717,224,4,53537.82,214151.28
2718,2718,50,1,38689.96,38689.96
2719,2719,158,1,64606.23,64606.23
2720,2720,85,2,6828.31,13656.62
2721,2721,228,4,66102.43,264409.72
2722,2722,214,4,46708.94,186835.76
2723,2723,154,2,56227.97,112455.94
2724,2724,44,5,34014.14,170070.7
2725,2725,120,5,36416.76,182083.8
2726,2726,233,2,59166.85,118333.7
2727,2727,182,4,53789.43,215157.72
2728,2728,74,4,20062.57,80250.28
2729,2729,199,2,7626.21,15252.42
2730,2730,46,4,32367.18,129468.72
2731,2731,234,5,56146.62,280733.1
2732,2732,174,5,56927.09,284635.45
2733,2733,122,3,24480.91,73442.73
2734,2734,50,1,38689.96,38689.96
2735,2735,20,3,20223.14,60669.42
2736,2736,42,3,35406.75,106220.25
2737,2737,195,2,56252.99,112505.98
2738,2738,138,4,39621.63,158486.52
2739,2739,35,1,12662.52,12662.52
2740,2740,114,3,25781.07,77343.21
2741,2741,115,5,6132.98,30664.9
2742,2742,50,1,38689.96,38689.96
2743,2743,80,3,21690.71,65072.13
2744,2744,65,5,25140.63,125703.15
2745,2745,69,1,9102.07,9102.07
2746,2746,152,5,11244.0,56220.0
2747,2747,97,3,68459.59,205378.77
2748,2748,81,5,30957.28,154786.4
2749,2749,249,4,30676.08,122704.32
2750,2750,46,3,32367.18,97101.54
2751,2751,172,2,53622.22,107244.44
2752,2752,142,3,24742.5,74227.5
2753,2753,2,5,2750.44,13752.2
2754,2754,243,2,131.11,262.22
2755,2755,197,4,30911.41,123645.64
2756,2756,115,1,6132.98,6132.98
2757,2757,217,3,26516.35,79549.05
2758,2758,116,2,45582.6,91165.2
2759,2759,171,4,10281.14,41124.56
2760,2760,136,3,21659.92,64979.76
2761,2761,2,4,2750.44,11001.76
2762,2762,16,3,10378.88,31136.64
2763,2763,173,1,50939.53,50939.53
2764,2764,230,5,31745.27,158726.35
2765,2765,40,3,10792.75,32378.25
2766,2766,23,1,56494.42,56494.42
2767,2767,203,1,52650.81,52650.81
2768,2768,241,2,29741.02,59482.04
2769,2769,23,5,56494.42,282472.1
2770,2770,112,4,58381.78,233527.12
2771,2771,34,1,55038.37,55038.37
2772,2772,123,3,32240.11,96720.33
2773,2773,149,1,10425.94,10425.94
2774,2774,71,3,49802.41,149407.23
2775,2775,213,3,46579.95,139739.85
2776,2776,107,4,44008.33,176033.32
2777,2777,244,1,3395.09,3395.09
2778,2778,159,4,2783.41,11133.64
2779,2779,207,4,68454.58,273818.32
2780,2780,187,4,49126.18,196504.72
2781,2781,176,4,35001.92,140007.68
2782,2782,204,1,44102.83,44102.83
2783,2783,248,1,55808.74,55808.74
2784,2784,185,3,5495.72,16487.16
2785,2785,14,3,4181.19,12543.57
2786,2786,61,3,58995.31,176985.93
2787,2787,1,1,10808.33,10808.33
2788,2788,1,2,10808.33,21616.66
2789,2789,101,3,47716.78,143150.34
2790,2790,88,4,38006.23,152024.92
2791,2791,97,3,68459.59,205378.77
2792,2792,119,3,33444.49,100333.47
2793,2793,108,4,7901.41,31605.64
2794,2794,93,4,46909.04,187636.16
2795,2795,226,2,45400.81,90801.62
2796,2796,186,2,43925.21,87850.42
2797,2797,151,4,12383.09,49532.36
2798,2798,123,3,32240.11,96720.33
2799,2799,22,1,42176.54,42176.54
2800,2800,87,1,46894.5,46894.5
2801,2801,111,5,12779.39,63896.95
2802,2802,84,5,18918.53,94592.65
2803,2803,6,2,642.86,1285.72
2804,2804,62,2,62257.94,124515.88
2805,2805,14,5,4181.19,20905.95
2806,2806,201,3,29524.33,88572.99
2807,2807,229,4,40892.85,163571.4
2808,2808,195,2,56252.99,112505.98
2809,2809,31,3,21599.36,64798.08
2810,2810,180,4,22916.64,91666.56
2811,2811,163,1,28241.72,28241.72
2812,2812,222,4,8275.82,33103.28
2813,2813,215,1,16623.86,16623.86
2814,2814,215,4,16623.86,66495.44
2815,2815,244,3,3395.09,10185.27
2816,2816,57,4,59016.95,236067.8
2817,2817,57,1,59016.95,59016.95
2818,2818,83,2,62547.04,125094.08
2819,2819,199,3,7626.21,22878.63
2820,2820,43,5,29714.26,148571.3
2821,2821,153,1,1829.17,1829.17
2822,2822,244,4,3395.09,13580.36
2823,2823,182,5,53789.43,268947.15
2824,2824,18,4,44633.15,178532.6
2825,2825,39,5,57498.93,287494.65
2826,2826,52,1,11931.31,11931.31
2827,2827,240,5,48841.77,244208.85
2828,2828,206,4,6578.5,26314.0
2829,2829,29,3,21169.41,63508.23
2830,2830,223,1,41409.35,41409.35
2831,2831,123,1,32240.11,32240.11
2832,2832,220,1,29590.01,29590.01
2833,2833,111,4,12779.39,51117.56
2834,2834,32,4,21295.25,85181.0
2835,2835,155,1,646.95,646.95
2836,2836,57,4,59016.95,236067.8
2837,2837,217,4,26516.35,106065.4
2838,2838,15,3,27970.24,83910.72
2839,2839,148,1,45590.74,45590.74
2840,2840,69,1,9102.07,9102.07
2841,2841,31,4,21599.36,86397.44
2842,2842,169,5,62923.23,314616.15
2843,2843,164,4,40728.62,162914.48
2844,2844,114,5,25781.07,128905.35
2845,2845,111,2,12779.39,25558.78
2846,2846,27,5,51849.33,259246.65
2847,2847,148,3,45590.74,136772.22
2848,2848,106,4,19251.91,77007.64
2849,2849,9,5,1896.99,9484.95
2850,2850,239,5,8293.55,41467.75
2851,2851,100,1,55420.51,55420.51
2852,2852,141,4,11433.67,45734.68
2853,2853,70,5,66121.59,330607.95
2854,2854,108,1,7901.41,7901.41
2855,2855,221,2,41568.44,83136.88
2856,2856,39,5,57498.93,287494.65
2857,2857,221,5,41568.44,207842.2
2858,2858,57,1,59016.95,59016.95
2859,2859,132,4,55437.19,221748.76
2860,2860,139,5,22524.02,112620.1
2861,2861,80,4,21690.71,86762.84
2862,2862,116,5,45582.6,227913.0
2863,2863,139,5,22524.02,112620.1
2864,2864,233,5,59166.85,295834.25
2865,2865,40,3,10792.75,32378.25
2866,2866,200,2,17145.0,34290.0
2867,2867,117,3,13182.39,39547.17
2868,2868,160,4,5722.02,22888.08
2869,2869,136,4,21659.92,86639.68
2870,2870,138,4,39621.63,158486.52
2871,2871,46,4,32367.18,129468.72
2872,2872,65,5,25140.63,125703.15
2873,2873,48,2,64744.15,129488.3
2874,2874,4,1,54318.36,54318.36
2875,2875,146,4,38757.35,155029.4
2876,2876,17,3,36691.73,110075.19
2877,2877,66,4,6070.99,24283.96
2878,2878,209,3,39850.3,119550.9
2879,2879,152,3,11244.0,33732.0
2880,2880,5,1,16804.25,16804.25
2881,2881,208,2,41507.35,83014.7
2882,2882,219,2,32485.64,64971.28
2883,2883,99,4,10955.12,43820.48
2884,2884,220,2,29590.01,59180.02
2885,2885,187,1,49126.18,49126.18
2886,2886,17,3,36691.73,110075.19
2887,2887,98,4,45423.62,181694.48
2888,2888,196,5,50609.16,253045.8
2889,2889,248,1,55808.74,55808.74
2890,2890,71,1,49802.41,49802.41
2891,2891,138,2,39621.63,79243.26
2892,2892,233,5,59166.85,295834.25
2893,2893,47,3,40909.49,122728.47
2894,2894,193,4,1860.99,7443.96
2895,2895,79,5,31796.72,158983.6
2896,2896,165,1,51492.2,51492.2
2897,2897,165,2,51492.2,102984.4
2898,2898,116,1,45582.6,45582.6
2899,2899,108,3,7901.41,23704.23
2900,2900,15,5,27970.24,139851.2
2901,2901,72,2,54286.43,108572.86
2902,2902,170,2,55187.3,110374.6
2903,2903,170,1,55187.3,55187.3
2904,2904,96,5,5276.47,26382.35
2905,2905,105,2,26970.33,53940.66
2906,2906,121,5,12980.71,64903.55
2907,2907,22,2,42176.54,84353.08
2908,2908,31,5,21599.36,107996.8
2909,2909,17,3,36691.73,110075.19
2910,2910,28,5,54176.7,270883.5
2911,2911,187,1,49126.18,49126.18
2912,2912,182,2,53789.43,107578.86
2913,2913,98,5,45423.62,227118.1
2914,2914,206,1,6578.5,6578.5
2915,2915,7,3,65009.38,195028.14
2916,2916,232,4,18463.39,73853.56
2917,2917,153,1,1829.17,1829.17
2918,2918,78,4,40599.73,162398.92
2919,2919,188,3,51065.63,153196.89
2920,2920,73,5,44385.63,221928.15
2921,2921,68,1,43109.08,43109.08
2922,2922,198,3,11169.83,33509.49
2923,2923,175,5,66335.25,331676.25
2924,2924,17,3,36691.73,110075.19
2925,2925,26,5,57281.74,286408.7
2926,2926,195,2,56252.99,112505.98
2927,2927,158,3,64606.23,193818.69
2928,2928,233,2,59166.85,118333.7
2929,2929,127,5,60846.23,304231.15
2930,2930,145,1,12802.99,12802.99
2931,2931,222,1,8275.82,8275.82
2932,2932,160,2,5722.02,11444.04
2933,2933,112,5,58381.78,291908.9
2934,2934,153,1,1829.17,1829.17
2935,2935,6,5,642.86,3214.3
2936,2936,129,4,9524.26,38097.04
2937,2937,246,1,17087.52,17087.52
2938,2938,164,4,40728.62,162914.48
2939,2939,212,5,14743.99,73719.95
2940,2940,19,3,46390.24,139170.72
2941,2941,79,1,31796.72,31796.72
2942,2942,110,4,7098.93,28395.72
2943,2943,223,4,41409.35,165637.4
2944,2944,25,1,22922.96,22922.96
2945,2945,123,4,32240.11,128960.44
2946,2946,176,2,35001.92,70003.84
2947,2947,214,5,46708.94,233544.7
2948,2948,72,2,54286.43,108572.86
2949,2949,249,1,30676.08,30676.08
2950,2950,105,4,26970.33,107881.32
2951,2951,13,5,53776.88,268884.4
2952,2952,249,1,30676.08,30676.08
2953,2953,88,5,38006.23,190031.15
2954,2954,191,3,35165.54,105496.62
2955,2955,142,2,24742.5,49485.0
2956,2956,72,1,54286.43,54286.43
2957,2957,66,5,6070.99,30354.95
2958,2958,166,4,5840.36,23361.44
2959,2959,125,5,42471.61,212358.05
2960,2960,250,3,60076.97,180230.91
2961,2961,180,4,22916.64,91666.56
2962,2962,46,3,32367.18,97101.54
2963,2963,2,1,2750.44,2750.44
2964,2964,60,1,49134.01,49134.01
2965,2965,51,1,4745.62,4745.62
2966,2966,94,1,28901.65,28901.65
2967,2967,192,5,15107.45,75537.25
2968,2968,222,4,8275.82,33103.28
2969,2969,24,4,9618.22,38472.88
2970,2970,89,5,35164.04,175820.2
2971,2971,143,5,52558.49,262792.45
2972,2972,112,2,58381.78,116763.56
2973,2973,198,2,11169.83,22339.66
2974,2974,176,3,35001.92,105005.76
2975,2975,157,3,10754.95,32264.85
2976,2976,163,4,28241.72,112966.88
2977,2977,108,3,7901.41,23704.23
2978,2978,166,1,5840.36,5840.36
2979,2979,157,3,10754.95,32264.85
2980,2980,151,3,12383.09,37149.27
2981,2981,222,5,8275.82,41379.1
2982,2982,239,2,8293.55,16587.1
2983,2983,47,3,40909.49,122728.47
2984,2984,20,5,20223.14,101115.7
2985,2985,147,1,979.82,979.82
2986,2986,22,1,42176.54,42176.54
2987,2987,35,4,12662.52,50650.08
2988,2988,60,2,49134.01,98268.02
2989,2989,68,5,43109.08,215545.4
2990,2990,214,2,46708.94,93417.88
2991,2991,38,4,547.71,2190.84
2992,2992,236,4,12330.19,49320.76
2993,2993,179,4,51970.0,207880.0
2994,2994,15,5,27970.24,139851.2
2995,2995,84,5,18918.53,94592.65
2996,2996,79,2,31796.72,63593.44
2997,2997,109,5,29367.34,146836.7
2998,2998,45,2,61881.38,123762.76
2999,2999,158,3,64606.23,193818.69
3000,3000,190,3,42783.57,128350.71
3001,3001,68,2,43109.08,86218.16
3002,3002,178,3,64556.87,193670.61
3003,3003,66,5,6070.99,30354.95
3004,3004,202,2,10640.66,21281.32
3005,3005,24,2,9618.22,19236.44
3006,3006,134,1,50043.92,50043.92
3007,3007,31,1,21599.36,21599.36
3008,3008,81,3,30957.28,92871.84
3009,3009,123,4,32240.11,128960.44
3010,3010,155,3,646.95,1940.85
3011,3011,200,1,17145.0,17145.0
3012,3012,173,3,50939.53,152818.59
3013,3013,223,1,41409.35,41409.35
3014,3014,54,5,3826.07,19130.35
3015,3015,140,3,48596.53,145789.59
3016,3016,95,2,59509.32,119018.64
3017,3017,41,2,29618.34,59236.68
3018,3018,121,3,12980.71,38942.13
3019,3019,4,5,54318.36,271591.8
3020,3020,195,2,56252.99,112505.98
3021,3021,157,4,10754.95,43019.8
3022,3022,63,1,28971.16,28971.16
3023,3023,119,3,33444.49,100333.47
3024,3024,230,2,31745.27,63490.54
3025,3025,209,3,39850.3,119550.9
3026,3026,39,2,57498.93,114997.86
3027,3027,38,3,547.71,1643.13
3028,3028,61,3,58995.31,176985.93
3029,3029,179,2,51970.0,103940.0
3030,3030,25,2,22922.96,45845.92
3031,3031,146,3,38757.35,116272.05
3032,3032,205,4,44040.82,176163.28
3033,3033,203,5,52650.81,263254.05
3034,3034,227,4,61598.02,246392.08
3035,3035,84,4,18918.53,75674.12
3036,3036,43,5,29714.26,148571.3
3037,3037,2,4,2750.44,11001.76
3038,3038,51,2,4745.62,9491.24
3039,3039,96,1,5276.47,5276.47
3040,3040,4,4,54318.36,217273.44
3041,3041,182,3,53789.43,161368.29
3042,3042,220,3,29590.01,88770.03
3043,3043,198,3,11169.83,33509.49
3044,3044,185,5,5495.72,27478.6
3045,3045,12,3,29314.78,87944.34
3046,3046,201,5,29524.33,147621.65
3047,3047,44,5,34014.14,170070.7
3048,3048,229,3,40892.85,122678.55
3049,3049,11,4,38403.76,153615.04
3050,3050,220,5,29590.01,147950.05
3051,3051,41,5,29618.34,148091.7
3052,3052,98,2,45423.62,90847.24
3053,3053,94,3,28901.65,86704.95
3054,3054,134,4,50043.92,200175.68
3055,3055,192,2,15107.45,30214.9
3056,3056,148,2,45590.74,91181.48
3057,3057,223,4,41409.35,165637.4
3058,3058,6,4,642.86,2571.44
3059,3059,225,2,60097.04,120194.08
3060,3060,162,3,64005.28,192015.84
3061,3061,223,5,41409.35,207046.75
3062,3062,244,4,3395.09,13580.36
3063,3063,186,2,43925.21,87850.42
3064,3064,98,1,45423.62,45423.62
3065,3065,135,1,32067.55,32067.55
3066,3066,95,3,59509.32,178527.96
3067,3067,138,2,39621.63,79243.26
3068,3068,212,2,14743.99,29487.98
3069,3069,108,2,7901.41,15802.82
3070,3070,194,2,33793.71,67587.42
3071,3071,240,1,48841.77,48841.77
3072,3072,249,4,30676.08,122704.32
3073,3073,118,3,4934.91,14804.73
3074,3074,218,1,28695.07,28695.07
3075,3075,17,1,36691.73,36691.73
3076,3076,95,2,59509.32,119018.64
3077,3077,218,2,28695.07,57390.14
3078,3078,163,4,28241.72,112966.88
3079,3079,192,1,15107.45,15107.45
3080,3080,199,2,7626.21,15252.42
3081,3081,214,3,46708.94,140126.82
3082,3082,197,1,30911.41,30911.41
3083,3083,213,3,46579.95,139739.85
3084,3084,240,4,48841.77,195367.08
3085,3085,123,3,32240.11,96720.33
3086,3086,194,4,33793.71,135174.84
3087,3087,218,5,28695.07,143475.35
3088,3088,131,4,29903.35,119613.4
3089,3089,55,4,57983.9,231935.6
3090,3090,23,2,56494.42,112988.84
3091,3091,113,5,14029.76,70148.8
3092,3092,151,5,12383.09,61915.45
3093,3093,121,1,12980.71,12980.71
3094,3094,135,1,32067.55,32067.55
3095,3095,221,3,41568.44,124705.32
3096,3096,64,5,45985.44,229927.2
3097,3097,48,5,64744.15,323720.75
3098,3098,240,5,48841.77,244208.85
3099,3099,141,1,11433.67,11433.67
3100,3100,205,2,44040.82,88081.64
3101,3101,181,2,30941.3,61882.6
3102,3102,168,2,18613.65,37227.3
3103,3103,169,5,62923.23,314616.15
3104,3104,100,3,55420.51,166261.53
3105,3105,116,3,45582.6,136747.8
3106,3106,217,2,26516.35,53032.7
3107,3107,195,4,56252.99,225011.96
3108,3108,203,4,52650.81,210603.24
3109,3109,70,3,66121.59,198364.77
3110,3110,86,1,21297.54,21297.54
3111,3111,41,3,29618.34,88855.02
3112,3112,238,4,1908.64,7634.56
3113,3113,40,2,10792.75,21585.5
3114,3114,40,1,10792.75,10792.75
3115,3115,139,2,22524.02,45048.04
3116,3116,201,3,29524.33,88572.99
3117,3117,198,4,11169.83,44679.32
3118,3118,213,3,46579.95,139739.85
3119,3119,174,3,56927.09,170781.27
3120,3120,205,2,44040.82,88081.64
3121,3121,151,5,12383.09,61915.45
3122,3122,176,4,35001.92,140007.68
3123,3123,32,2,21295.25,42590.5
3124,3124,133,1,45678.86,45678.86
3125,3125,115,1,6132.98,6132.98
3126,3126,144,4,66090.78,264363.12
3127,3127,12,4,29314.78,117259.12
3128,3128,146,5,38757.35,193786.75
3129,3129,205,2,44040.82,88081.64
3130,3130,155,5,646.95,3234.75
3131,3131,68,3,43109.08,129327.24
3132,3132,20,1,20223.14,20223.14
3133,3133,244,4,3395.09,13580.36
3134,3134,169,5,62923.23,314616.15
3135,3135,52,5,11931.31,59656.55
3136,3136,185,2,5495.72,10991.44
3137,3137,158,2,64606.23,129212.46
3138,3138,19,4,46390.24,185560.96
3139,3139,38,5,547.71,2738.55
3140,3140,133,4,45678.86,182715.44
3141,3141,4,3,54318.36,162955.08
3142,3142,178,2,64556.87,129113.74
3143,3143,125,5,42471.61,212358.05
3144,3144,96,4,5276.47,21105.88
3145,3145,204,1,44102.83,44102.83
3146,3146,193,1,1860.99,1860.99
3147,3147,63,4,28971.16,115884.64
3148,3148,167,2,32297.74,64595.48
3149,3149,163,1,28241.72,28241.72
3150,3150,93,4,46909.04,187636.16
3151,3151,154,3,56227.97,168683.91
3152,3152,167,4,32297.74,129190.96
3153,3153,234,2,56146.62,112293.24
3154,3154,81,1,30957.28,30957.28
3155,3155,176,5,35001.92,175009.6
3156,3156,99,5,10955.12,54775.6
3157,3157,77,1,2172.62,2172.62
3158,3158,36,2,2797.54,5595.08
3159,3159,82,2,37506.05,75012.1
3160,3160,141,5,11433.67,57168.35
3161,3161,140,5,48596.53,242982.65
3162,3162,150,1,25258.79,25258.79
3163,3163,174,5,56927.09,284635.45
3164,3164,228,5,66102.43,330512.15
3165,3165,195,5,56252.99,281264.95
3166,3166,240,4,48841.77,195367.08
3167,3167,196,1,50609.16,50609.16
3168,3168,135,1,32067.55,32067.55
3169,3169,24,1,9618.22,9618.22
3170,3170,118,1,4934.91,4934.91
3171,3171,73,5,44385.63,221928.15
3172,3172,191,2,35165.54,70331.08
3173,3173,235,2,35669.98,71339.96
3174,3174,181,4,30941.3,123765.2
3175,3175,7,2,65009.38,130018.76
3176,3176,200,4,17145.0,68580.0
3177,3177,131,1,29903.35,29903.35
3178,3178,130,3,17397.94,52193.82
3179,3179,143,5,52558.49,262792.45
3180,3180,74,3,20062.57,60187.71
3181,3181,201,3,29524.33,88572.99
3182,3182,54,4,3826.07,15304.28
3183,3183,35,1,12662.52,12662.52
3184,3184,216,2,21395.53,42791.06
3185,3185,45,4,61881.38,247525.52
3186,3186,220,4,29590.01,118360.04
3187,3187,127,4,60846.23,243384.92
3188,3188,55,5,57983.9,289919.5
3189,3189,201,2,29524.33,59048.66
3190,3190,199,1,7626.21,7626.21
3191,3191,184,5,25759.96,128799.8
3192,3192,20,5,20223.14,101115.7
3193,3193,15,3,27970.24,83910.72
3194,3194,60,5,49134.01,245670.05
3195,3195,229,3,40892.85,122678.55
3196,3196,179,2,51970.0,103940.0
3197,3197,12,5,29314.78,146573.9
3198,3198,121,5,12980.71,64903.55
3199,3199,248,4,55808.74,223234.96
3200,3200,85,4,6828.31,27313.24
3201,3201,132,3,55437.19,166311.57
3202,3202,46,1,32367.18,32367.18
3203,3203,143,1,52558.49,52558.49
3204,3204,143,1,52558.49,52558.49
3205,3205,17,5,36691.73,183458.65
3206,3206,218,4,28695.07,114780.28
3207,3207,72,4,54286.43,217145.72
3208,3208,43,5,29714.26,148571.3
3209,3209,24,2,9618.22,19236.44
3210,3210,27,1,51849.33,51849.33
3211,3211,41,4,29618.34,118473.36
3212,3212,92,5,59038.83,295194.15
3213,3213,178,4,64556.87,258227.48
3214,3214,80,4,21690.71,86762.84
3215,3215,2,2,2750.44,5500.88
3216,3216,15,2,27970.24,55940.48
3217,3217,176,2,35001.92,70003.84
3218,3218,28,2,54176.7,108353.4
3219,3219,19,4,46390.24,185560.96
3220,3220,136,1,21659.92,21659.92
3221,3221,115,1,6132.98,6132.98
3222,3222,79,2,31796.72,63593.44
3223,3223,181,2,30941.3,61882.6
3224,3224,223,2,41409.35,82818.7
3225,3225,127,3,60846.23,182538.69
3226,3226,135,5,32067.55,160337.75
3227,3227,142,1,24742.5,24742.5
3228,3228,224,1,53537.82,53537.82
3229,3229,137,3,23377.61,70132.83
3230,3230,157,2,10754.95,21509.9
3231,3231,7,4,65009.38,260037.52
3232,3232,56,1,37341.47,37341.47
3233,3233,220,3,29590.01,88770.03
3234,3234,30,4,10958.09,43832.36
3235,3235,89,2,35164.04,70328.08
3236,3236,222,4,8275.82,33103.28
3237,3237,43,4,29714.26,118857.04
3238,3238,23,5,56494.42,282472.1
3239,3239,228,5,66102.43,330512.15
3240,3240,27,1,51849.33,51849.33
3241,3241,148,3,45590.74,136772.22
3242,3242,58,1,45571.21,45571.21
3243,3243,240,1,48841.77,48841.77
3244,3244,5,1,16804.25,16804.25
3245,3245,118,5,4934.91,24674.55
3246,3246,169,2,62923.23,125846.46
3247,3247,194,3,33793.71,101381.13
3248,3248,17,2,36691.73,73383.46
3249,3249,102,2,28252.05,56504.1
3250,3250,40,2,10792.75,21585.5
3251,3251,140,1,48596.53,48596.53
3252,3252,20,2,20223.14,40446.28
3253,3253,170,4,55187.3,220749.2
3254,3254,245,1,7411.87,7411.87
3255,3255,46,1,32367.18,32367.18
3256,3256,218,5,28695.07,143475.35
3257,3257,168,5,18613.65,93068.25
3258,3258,228,1,66102.43,66102.43
3259,3259,214,5,46708.94,233544.7
3260,3260,80,1,21690.71,21690.71
3261,3261,20,3,20223.14,60669.42
3262,3262,100,5,55420.51,277102.55
3263,3263,100,1,55420.51,55420.51
3264,3264,222,2,8275.82,16551.64
3265,3265,209,4,39850.3,159401.2
3266,3266,10,4,50484.52,201938.08
3267,3267,127,2,60846.23,121692.46
3268,3268,229,4,40892.85,163571.4
3269,3269,41,1,29618.34,29618.34
3270,3270,162,3,64005.28,192015.84
3271,3271,94,1,28901.65,28901.65
3272,3272,179,5,51970.0,259850.0
3273,3273,245,5,7411.87,37059.35
3274,3274,2,4,2750.44,11001.76
3275,3275,189,2,58222.2,116444.4
3276,3276,177,3,25646.36,76939.08
3277,3277,59,2,43410.48,86820.96
3278,3278,246,2,17087.52,34175.04
3279,3279,93,1,46909.04,46909.04
3280,3280,29,4,21169.41,84677.64
3281,3281,182,2,53789.43,107578.86
3282,3282,108,2,7901.41,15802.82
3283,3283,84,1,18918.53,18918.53
3284,3284,10,3,50484.52,151453.56
3285,3285,216,5,21395.53,106977.65
3286,3286,70,4,66121.59,264486.36
3287,3287,241,1,29741.02,29741.02
3288,3288,125,2,42471.61,84943.22
3289,3289,10,3,50484.52,151453.56
3290,3290,171,1,10281.14,10281.14
3291,3291,208,3,41507.35,124522.05
3292,3292,26,2,57281.74,114563.48
3293,3293,57,2,59016.95,118033.9
3294,3294,8,5,31794.75,158973.75
3295,3295,102,4,28252.05,113008.2
3296,3296,52,1,11931.31,11931.31
3297,3297,222,5,8275.82,41379.1
3298,3298,214,2,46708.94,93417.88
3299,3299,76,1,22632.82,22632.82
3300,3300,123,3,32240.11,96720.33
3301,3301,24,2,9618.22,19236.44
3302,3302,87,5,46894.5,234472.5
3303,3303,162,4,64005.28,256021.12
3304,3304,107,3,44008.33,132024.99
3305,3305,62,2,62257.94,124515.88
3306,3306,145,1,12802.99,12802.99
3307,3307,57,4,59016.95,236067.8
3308,3308,58,5,45571.21,227856.05
3309,3309,245,3,7411.87,22235.61
3310,3310,124,3,19205.78,57617.34
3311,3311,52,2,11931.31,23862.62
3312,3312,155,1,646.95,646.95
3313,3313,151,3,12383.09,37149.27
3314,3314,224,5,53537.82,267689.1
3315,3315,5,1,16804.25,16804.25
3316,3316,8,5,31794.75,158973.75
3317,3317,77,1,2172.62,2172.62
3318,3318,101,2,47716.78,95433.56
3319,3319,175,4,66335.25,265341.0
3320,3320,125,3,42471.61,127414.83
3321,3321,12,1,29314.78,29314.78
3322,3322,183,3,12734.47,38203.41
3323,3323,111,5,12779.39,63896.95
3324,3324,62,1,62257.94,62257.94
3325,3325,69,4,9102.07,36408.28
3326,3326,93,1,46909.04,46909.04
3327,3327,248,1,55808.74,55808.74
3328,3328,58,5,45571.21,227856.05
3329,3329,66,3,6070.99,18212.97
3330,3330,223,3,41409.35,124228.05
3331,3331,131,3,29903.35,89710.05
3332,3332,100,3,55420.51,166261.53
3333,3333,165,2,51492.2,102984.4
3334,3334,16,1,10378.88,10378.88
3335,3335,129,1,9524.26,9524.26
3336,3336,196,5,50609.16,253045.8
3337,3337,6,2,642.86,1285.72
3338,3338,55,2,57983.9,115967.8
3339,3339,1,1,10808.33,10808.33
3340,3340,97,3,68459.59,205378.77
3341,3341,27,5,51849.33,259246.65
3342,3342,134,5,50043.92,250219.6
3343,3343,239,5,8293.55,41467.75
3344,3344,2,4,2750.44,11001.76
3345,3345,191,1,35165.54,35165.54
3346,3346,216,5,21395.53,106977.65
3347,3347,29,4,21169.41,84677.64
3348,3348,197,3,30911.41,92734.23
3349,3349,9,4,1896.99,7587.96
3350,3350,249,3,30676.08,92028.24
3351,3351,31,5,21599.36,107996.8
3352,3352,237,2,27207.03,54414.06
3353,3353,100,4,55420.51,221682.04
3354,3354,122,3,24480.91,73442.73
3355,3355,206,1,6578.5,6578.5
3356,3356,72,4,54286.43,217145.72
3357,3357,25,4,22922.96,91691.84
3358,3358,166,2,5840.36,11680.72
3359,3359,170,2,55187.3,110374.6
3360,3360,173,5,50939.53,254697.65
3361,3361,161,3,4529.81,13589.43
3362,3362,51,5,4745.62,23728.1
3363,3363,173,4,50939.53,203758.12
3364,3364,89,4,35164.04,140656.16
3365,3365,138,5,39621.63,198108.15
3366,3366,213,4,46579.95,186319.8
3367,3367,201,2,29524.33,59048.66
3368,3368,3,2,1679.44,3358.88
3369,3369,228,1,66102.43,66102.43
3370,3370,66,5,6070.99,30354.95
3371,3371,125,1,42471.61,42471.61
3372,3372,228,1,66102.43,66102.43
3373,3373,213,2,46579.95,93159.9
3374,3374,99,3,10955.12,32865.36
3375,3375,59,3,43410.48,130231.44
3376,3376,125,4,42471.61,169886.44
3377,3377,193,3,1860.99,5582.97
3378,3378,23,3,56494.42,169483.26
3379,3379,75,2,42394.12,84788.24
3380,3380,185,4,5495.72,21982.88
3381,3381,30,5,10958.09,54790.45
3382,3382,240,4,48841.77,195367.08
3383,3383,241,3,29741.02,89223.06
3384,3384,87,2,46894.5,93789.0
3385,3385,17,3,36691.73,110075.19
3386,3386,94,5,28901.65,144508.25
3387,3387,95,3,59509.32,178527.96
3388,3388,4,5,54318.36,271591.8
3389,3389,247,1,1889.76,1889.76
3390,3390,13,2,53776.88,107553.76
3391,3391,161,5,4529.81,22649.05
3392,3392,230,1,31745.27,31745.27
3393,3393,110,5,7098.93,35494.65
3394,3394,90,3,735.6,2206.8
3395,3395,121,2,12980.71,25961.42
3396,3396,250,3,60076.97,180230.91
3397,3397,109,3,29367.34,88102.02
3398,3398,35,4,12662.52,50650.08
3399,3399,177,2,25646.36,51292.72
3400,3400,152,3,11244.0,33732.0
3401,3401,53,4,13502.43,54009.72
3402,3402,162,1,64005.28,64005.28
3403,3403,10,5,50484.52,252422.6
3404,3404,7,5,65009.38,325046.9
3405,3405,134,2,50043.92,100087.84
3406,3406,67,3,213.0,639.0
3407,3407,15,5,27970.24,139851.2
3408,3408,30,3,10958.09,32874.27
3409,3409,182,4,53789.43,215157.72
3410,3410,171,3,10281.14,30843.42
3411,3411,114,1,25781.07,25781.07
3412,3412,39,2,57498.93,114997.86
3413,3413,108,1,7901.41,7901.41
3414,3414,113,3,14029.76,42089.28
3415,3415,29,4,21169.41,84677.64
3416,3416,16,4,10378.88,41515.52
3417,3417,4,2,54318.36,108636.72
3418,3418,45,3,61881.38,185644.14
3419,3419,44,3,34014.14,102042.42
3420,3420,83,2,62547.04,125094.08
3421,3421,170,1,55187.3,55187.3
3422,3422,49,3,10523.25,31569.75
3423,3423,191,1,35165.54,35165.54
3424,3424,116,4,45582.6,182330.4
3425,3425,48,2,64744.15,129488.3
3426,3426,140,1,48596.53,48596.53
3427,3427,233,5,59166.85,295834.25
3428,3428,89,3,35164.04,105492.12
3429,3429,238,1,1908.64,1908.64
3430,3430,126,3,64362.26,193086.78
3431,3431,69,1,9102.07,9102.07
3432,3432,25,4,22922.96,91691.84
3433,3433,64,4,45985.44,183941.76
3434,3434,158,1,64606.23,64606.23
3435,3435,90,5,735.6,3678.0
3436,3436,69,5,9102.07,45510.35
3437,3437,43,5,29714.26,148571.3
3438,3438,30,4,10958.09,43832.36
3439,3439,49,5,10523.25,52616.25
3440,3440,53,2,13502.43,27004.86
3441,3441,194,5,33793.71,168968.55
3442,3442,191,4,35165.54,140662.16
3443,3443,159,1,2783.41,2783.41
3444,3444,7,5,65009.38,325046.9
3445,3445,42,5,35406.75,177033.75
3446,3446,109,3,29367.34,88102.02
3447,3447,112,1,58381.78,58381.78
3448,3448,35,1,12662.52,12662.52
3449,3449,201,4,29524.33,118097.32
3450,3450,73,4,44385.63,177542.52
3451,3451,72,4,54286.43,217145.72
3452,3452,215,4,16623.86,66495.44
3453,3453,97,3,68459.59,205378.77
3454,3454,119,5,33444.49,167222.45
3455,3455,210,3,29960.64,89881.92
3456,3456,98,2,45423.62,90847.24
3457,3457,85,1,6828.31,6828.31
3458,3458,143,3,52558.49,157675.47
3459,3459,236,3,12330.19,36990.57
3460,3460,15,1,27970.24,27970.24
3461,3461,167,3,32297.74,96893.22
3462,3462,64,5,45985.44,229927.2
3463,3463,149,5,10425.94,52129.7
3464,3464,40,3,10792.75,32378.25
3465,3465,120,1,36416.76,36416.76
3466,3466,226,5,45400.81,227004.05
3467,3467,149,2,10425.94,20851.88
3468,3468,132,4,55437.19,221748.76
3469,3469,31,1,21599.36,21599.36
3470,3470,37,5,3858.64,19293.2
3471,3471,89,3,35164.04,105492.12
3472,3472,196,1,50609.16,50609.16
3473,3473,65,2,25140.63,50281.26
3474,3474,136,2,21659.92,43319.84
3475,3475,83,3,62547.04,187641.12
3476,3476,37,1,3858.64,3858.64
3477,3477,64,2,45985.44,91970.88
3478,3478,241,5,29741.02,148705.1
3479,3479,195,4,56252.99,225011.96
3480,3480,87,5,46894.5,234472.5
3481,3481,31,5,21599.36,107996.8
3482,3482,196,1,50609.16,50609.16
3483,3483,221,5,41568.44,207842.2
3484,3484,203,5,52650.81,263254.05
3485,3485,10,3,50484.52,151453.56
3486,3486,48,5,64744.15,323720.75
3487,3487,220,2,29590.01,59180.02
3488,3488,208,5,41507.35,207536.75
3489,3489,198,1,11169.83,11169.83
3490,3490,218,3,28695.07,86085.21
3491,3491,50,1,38689.96,38689.96
3492,3492,249,4,30676.08,122704.32
3493,3493,126,2,64362.26,128724.52
3494,3494,228,1,66102.43,66102.43
3495,3495,188,5,51065.63,255328.15
3496,3496,58,1,45571.21,45571.21
3497,3497,59,5,43410.48,217052.4
3498,3498,231,5,63124.22,315621.1
3499,3499,75,1,42394.12,42394.12
3500,3500,27,4,51849.33,207397.32
3501,3501,164,4,40728.62,162914.48
3502,3502,119,4,33444.49,133777.96
3503,3503,152,2,11244.0,22488.0
3504,3504,179,1,51970.0,51970.0
3505,3505,149,1,10425.94,10425.94
3506,3506,189,1,58222.2,58222.2
3507,3507,85,1,6828.31,6828.31
3508,3508,217,4,26516.35,106065.4
3509,3509,226,1,45400.81,45400.81
3510,3510,149,4,10425.94,41703.76
3511,3511,9,5,1896.99,9484.95
3512,3512,91,4,31454.59,125818.36
3513,3513,76,3,22632.82,67898.46
3514,3514,90,3,735.6,2206.8
3515,3515,7,4,65009.38,260037.52
3516,3516,152,1,11244.0,11244.0
3517,3517,228,3,66102.43,198307.29
3518,3518,64,5,45985.44,229927.2
3519,3519,117,4,13182.39,52729.56
3520,3520,121,2,12980.71,25961.42
3521,3521,142,3,24742.5,74227.5
3522,3522,63,1,28971.16,28971.16
3523,3523,198,3,11169.83,33509.49
3524,3524,191,3,35165.54,105496.62
3525,3525,106,4,19251.91,77007.64
3526,3526,109,5,29367.34,146836.7
3527,3527,81,5,30957.28,154786.4
3528,3528,235,4,35669.98,142679.92
3529,3529,160,2,5722.02,11444.04
3530,3530,145,4,12802.99,51211.96
3531,3531,47,4,40909.49,163637.96
3532,3532,59,2,43410.48,86820.96
3533,3533,184,4,25759.96,103039.84
3534,3534,56,2,37341.47,74682.94
3535,3535,247,3,1889.76,5669.28
3536,3536,243,2,131.11,262.22
3537,3537,126,1,64362.26,64362.26
3538,3538,49,5,10523.25,52616.25
3539,3539,21,5,7177.36,35886.8
3540,3540,171,1,10281.14,10281.14
3541,3541,84,4,18918.53,75674.12
3542,3542,104,3,18898.17,56694.51
3543,3543,175,1,66335.25,66335.25
3544,3544,237,3,27207.03,81621.09
3545,3545,17,2,36691.73,73383.46
3546,3546,79,2,31796.72,63593.44
3547,3547,6,4,642.86,2571.44
3548,3548,102,5,28252.05,141260.25
3549,3549,167,2,32297.74,64595.48
3550,3550,39,5,57498.93,287494.65
3551,3551,200,5,17145.0,85725.0
3552,3552,114,4,25781.07,103124.28
3553,3553,208,5,41507.35,207536.75
3554,3554,22,4,42176.54,168706.16
3555,3555,9,3,1896.99,5690.97
3556,3556,208,1,41507.35,41507.35
3557,3557,150,1,25258.79,25258.79
3558,3558,121,1,12980.71,12980.71
3559,3559,41,3,29618.34,88855.02
3560,3560,48,2,64744.15,129488.3
3561,3561,110,2,7098.93,14197.86
3562,3562,114,3,25781.07,77343.21
3563,3563,187,2,49126.18,98252.36
3564,3564,119,2,33444.49,66888.98
3565,3565,137,1,23377.61,23377.61
3566,3566,18,2,44633.15,89266.3
3567,3567,249,1,30676.08,30676.08
3568,3568,135,3,32067.55,96202.65
3569,3569,50,3,38689.96,116069.88
3570,3570,20,2,20223.14,40446.28
3571,3571,89,4,35164.04,140656.16
3572,3572,184,1,25759.96,25759.96
3573,3573,207,4,68454.58,273818.32
3574,3574,192,5,15107.45,75537.25
3575,3575,37,4,3858.64,15434.56
3576,3576,32,1,21295.25,21295.25
3577,3577,28,3,54176.7,162530.1
3578,3578,119,4,33444.49,133777.96
3579,3579,237,2,27207.03,54414.06
3580,3580,7,4,65009.38,260037.52
3581,3581,53,3,13502.43,40507.29
3582,3582,119,5,33444.49,167222.45
3583,3583,124,2,19205.78,38411.56
3584,3584,188,3,51065.63,153196.89
3585,3585,80,1,21690.71,21690.71
3586,3586,72,3,54286.43,162859.29
3587,3587,239,3,8293.55,24880.65
3588,3588,204,4,44102.83,176411.32
3589,3589,223,3,41409.35,124228.05
3590,3590,116,2,45582.6,91165.2
3591,3591,17,1,36691.73,36691.73
3592,3592,200,4,17145.0,68580.0
3593,3593,132,5,55437.19,277185.95
3594,3594,84,5,18918.53,94592.65
3595,3595,46,4,32367.18,129468.72
3596,3596,104,2,18898.17,37796.34
3597,3597,122,1,24480.91,24480.91
3598,3598,4,5,54318.36,271591.8
3599,3599,223,5,41409.35,207046.75
3600,3600,228,5,66102.43,330512.15
3601,3601,69,2,9102.07,18204.14
3602,3602,141,2,11433.67,22867.34
3603,3603,12,1,29314.78,29314.78
3604,3604,77,5,2172.62,10863.1
3605,3605,171,3,10281.14,30843.42
3606,3606,122,5,24480.91,122404.55
3607,3607,189,1,58222.2,58222.2
3608,3608,104,3,18898.17,56694.51
3609,3609,231,4,63124.22,252496.88
3610,3610,3,5,1679.44,8397.2
3611,3611,136,1,21659.92,21659.92
3612,3612,228,3,66102.43,198307.29
3613,3613,230,1,31745.27,31745.27
3614,3614,131,5,29903.35,149516.75
3615,3615,10,2,50484.52,100969.04
3616,3616,73,3,44385.63,133156.89
3617,3617,243,4,131.11,524.44
3618,3618,207,2,68454.58,136909.16
3619,3619,143,5,52558.49,262792.45
3620,3620,201,2,29524.33,59048.66
3621,3621,111,1,12779.39,12779.39
3622,3622,120,2,36416.76,72833.52
3623,3623,68,4,43109.08,172436.32
3624,3624,9,5,1896.99,9484.95
3625,3625,118,2,4934.91,9869.82
3626,3626,196,4,50609.16,202436.64
3627,3627,214,2,46708.94,93417.88
3628,3628,21,3,7177.36,21532.08
3629,3629,145,2,12802.99,25605.98
3630,3630,177,1,25646.36,25646.36
3631,3631,133,1,45678.86,45678.86
3632,3632,49,4,10523.25,42093.0
3633,3633,234,2,56146.62,112293.24
3634,3634,196,2,50609.16,101218.32
3635,3635,151,2,12383.09,24766.18
3636,3636,134,1,50043.92,50043.92
3637,3637,79,3,31796.72,95390.16
3638,3638,2,2,2750.44,5500.88
3639,3639,1,5,10808.33,54041.65
3640,3640,202,2,10640.66,21281.32
3641,3641,71,5,49802.41,249012.05
3642,3642,29,1,21169.41,21169.41
3643,3643,103,3,5533.32,16599.96
3644,3644,126,4,64362.26,257449.04
3645,3645,66,5,6070.99,30354.95
3646,3646,48,4,64744.15,258976.6
3647,3647,51,5,4745.62,23728.1
3648,3648,177,4,25646.36,102585.44
3649,3649,143,1,52558.49,52558.49
3650,3650,53,2,13502.43,27004.86
3651,3651,238,4,1908.64,7634.56
3652,3652,167,2,32297.74,64595.48
3653,3653,228,2,66102.43,132204.86
3654,3654,163,4,28241.72,112966.88
3655,3655,208,5,41507.35,207536.75
3656,3656,27,5,51849.33,259246.65
3657,3657,20,3,20223.14,60669.42
3658,3658,89,2,35164.04,70328.08
3659,3659,169,5,62923.23,314616.15
3660,3660,48,3,64744.15,194232.45
3661,3661,177,5,25646.36,128231.8
3662,3662,137,2,23377.61,46755.22
3663,3663,9,2,1896.99,3793.98
3664,3664,23,2,56494.42,112988.84
3665,3665,102,4,28252.05,113008.2
3666,3666,17,4,36691.73,146766.92
3667,3667,14,2,4181.19,8362.38
3668,3668,63,5,28971.16,144855.8
3669,3669,80,1,21690.71,21690.71
3670,3670,234,4,56146.62,224586.48
3671,3671,195,5,56252.99,281264.95
3672,3672,117,4,13182.39,52729.56
3673,3673,4,2,54318.36,108636.72
3674,3674,131,4,29903.35,119613.4
3675,3675,80,5,21690.71,108453.55
3676,3676,4,4,54318.36,217273.44
3677,3677,41,4,29618.34,118473.36
3678,3678,234,3,56146.62,168439.86
3679,3679,136,5,21659.92,108299.6
3680,3680,19,1,46390.24,46390.24
3681,3681,87,1,46894.5,46894.5
3682,3682,64,5,45985.44,229927.2
3683,3683,23,4,56494.42,225977.68
3684,3684,124,5,19205.78,96028.9
3685,3685,20,2,20223.14,40446.28
3686,3686,136,5,21659.92,108299.6
3687,3687,172,2,53622.22,107244.44
3688,3688,114,5,25781.07,128905.35
3689,3689,163,2,28241.72,56483.44
3690,3690,155,5,646.95,3234.75
3691,3691,85,5,6828.31,34141.55
3692,3692,58,1,45571.21,45571.21
3693,3693,199,5,7626.21,38131.05
3694,3694,229,2,40892.85,81785.7
3695,3695,248,2,55808.74,111617.48
3696,3696,202,4,10640.66,42562.64
3697,3697,166,5,5840.36,29201.8
3698,3698,25,3,22922.96,68768.88
3699,3699,109,5,29367.34,146836.7
3700,3700,90,2,735.6,1471.2
3701,3701,152,3,11244.0,33732.0
3702,3702,63,4,28971.16,115884.64
3703,3703,152,5,11244.0,56220.0
3704,3704,187,2,49126.18,98252.36
3705,3705,63,2,28971.16,57942.32
3706,3706,11,4,38403.76,153615.04
3707,3707,43,3,29714.26,89142.78
3708,3708,209,5,39850.3,199251.5
3709,3709,107,1,44008.33,44008.33
3710,3710,221,1,41568.44,41568.44
3711,3711,88,4,38006.23,152024.92
3712,3712,205,2,44040.82,88081.64
3713,3713,60,1,49134.01,49134.01
3714,3714,210,4,29960.64,119842.56
3715,3715,128,5,17503.4,87517.0
3716,3716,8,1,31794.75,31794.75
3717,3717,174,5,56927.09,284635.45
3718,3718,72,4,54286.43,217145.72
3719,3719,126,1,64362.26,64362.26
3720,3720,22,3,42176.54,126529.62
3721,3721,181,1,30941.3,30941.3
3722,3722,218,2,28695.07,57390.14
3723,3723,144,1,66090.78,66090.78
3724,3724,66,3,6070.99,18212.97
3725,3725,113,1,14029.76,14029.76
3726,3726,228,2,66102.43,132204.86
3727,3727,10,5,50484.52,252422.6
3728,3728,52,4,11931.31,47725.24
3729,3729,33,3,1350.02,4050.06
3730,3730,141,4,11433.67,45734.68
3731,3731,79,5,31796.72,158983.6
3732,3732,85,4,6828.31,27313.24
3733,3733,48,2,64744.15,129488.3
3734,3734,209,4,39850.3,159401.2
3735,3735,140,5,48596.53,242982.65
3736,3736,109,1,29367.34,29367.34
3737,3737,123,2,32240.11,64480.22
3738,3738,206,2,6578.5,13157.0
3739,3739,205,4,44040.82,176163.28
3740,3740,118,4,4934.91,19739.64
3741,3741,7,4,65009.38,260037.52
3742,3742,250,2,60076.97,120153.94
3743,3743,157,3,10754.95,32264.85
3744,3744,164,1,40728.62,40728.62
3745,3745,181,2,30941.3,61882.6
3746,3746,105,5,26970.33,134851.65
3747,3747,146,5,38757.35,193786.75
3748,3748,13,4,53776.88,215107.52
3749,3749,93,4,46909.04,187636.16
3750,3750,75,1,42394.12,42394.12
3751,3751,179,4,51970.0,207880.0
3752,3752,152,5,11244.0,56220.0
3753,3753,65,2,25140.63,50281.26
3754,3754,246,4,17087.52,68350.08
3755,3755,104,2,18898.17,37796.34
3756,3756,173,2,50939.53,101879.06
3757,3757,122,3,24480.91,73442.73
3758,3758,107,1,44008.33,44008.33
3759,3759,232,5,18463.39,92316.95
3760,3760,70,3,66121.59,198364.77
3761,3761,57,3,59016.95,177050.85
3762,3762,124,4,19205.78,76823.12
3763,3763,124,4,19205.78,76823.12
3764,3764,228,5,66102.43,330512.15
3765,3765,93,5,46909.04,234545.2
3766,3766,36,5,2797.54,13987.7
3767,3767,71,3,49802.41,149407.23
3768,3768,130,2,17397.94,34795.88
3769,3769,106,1,19251.91,19251.91
3770,3770,138,5,39621.63,198108.15
3771,3771,234,2,56146.62,112293.24
3772,3772,113,3,14029.76,42089.28
3773,3773,80,5,21690.71,108453.55
3774,3774,225,5,60097.04,300485.2
3775,3775,232,2,18463.39,36926.78
3776,3776,49,5,10523.25,52616.25
3777,3777,227,4,61598.02,246392.08
3778,3778,10,3,50484.52,151453.56
3779,3779,34,3,55038.37,165115.11
3780,3780,69,3,9102.07,27306.21
3781,3781,2,2,2750.44,5500.88
3782,3782,90,4,735.6,2942.4
3783,3783,128,1,17503.4,17503.4
3784,3784,40,1,10792.75,10792.75
3785,3785,123,5,32240.11,161200.55
3786,3786,45,5,61881.38,309406.9
3787,3787,86,5,21297.54,106487.7
3788,3788,143,5,52558.49,262792.45
3789,3789,234,1,56146.62,56146.62
3790,3790,234,4,56146.62,224586.48
3791,3791,195,1,56252.99,56252.99
3792,3792,186,1,43925.21,43925.21
3793,3793,247,2,1889.76,3779.52
3794,3794,113,4,14029.76,56119.04
3795,3795,54,2,3826.07,7652.14
3796,3796,151,3,12383.09,37149.27
3797,3797,1,2,10808.33,21616.66
3798,3798,214,5,46708.94,233544.7
3799,3799,210,1,29960.64,29960.64
3800,3800,78,2,40599.73,81199.46
3801,3801,126,3,64362.26,193086.78
3802,3802,24,2,9618.22,19236.44
3803,3803,112,5,58381.78,291908.9
3804,3804,229,5,40892.85,204464.25
3805,3805,241,1,29741.02,29741.02
3806,3806,132,4,55437.19,221748.76
3807,3807,82,3,37506.05,112518.15
3808,3808,220,1,29590.01,29590.01
3809,3809,4,5,54318.36,271591.8
3810,3810,106,1,19251.91,19251.91
3811,3811,158,5,64606.23,323031.15
3812,3812,119,1,33444.49,33444.49
3813,3813,222,4,8275.82,33103.28
3814,3814,218,5,28695.07,143475.35
3815,3815,53,5,13502.43,67512.15
3816,3816,203,2,52650.81,105301.62
3817,3817,174,1,56927.09,56927.09
3818,3818,61,2,58995.31,117990.62
3819,3819,160,3,5722.02,17166.06
3820,3820,9,2,1896.99,3793.98
3821,3821,174,4,56927.09,227708.36
3822,3822,204,3,44102.83,132308.49
3823,3823,151,3,12383.09,37149.27
3824,3824,47,3,40909.49,122728.47
3825,3825,231,1,63124.22,63124.22
3826,3826,17,4,36691.73,146766.92
3827,3827,96,4,5276.47,21105.88
3828,3828,94,3,28901.65,86704.95
3829,3829,82,4,37506.05,150024.2
3830,3830,78,5,40599.73,202998.65
3831,3831,97,2,68459.59,136919.18
3832,3832,163,2,28241.72,56483.44
3833,3833,143,1,52558.49,52558.49
3834,3834,249,1,30676.08,30676.08
3835,3835,176,4,35001.92,140007.68
3836,3836,172,1,53622.22,53622.22
3837,3837,201,3,29524.33,88572.99
3838,3838,101,1,47716.78,47716.78
3839,3839,224,3,53537.82,160613.46
3840,3840,81,4,30957.28,123829.12
3841,3841,54,5,3826.07,19130.35
3842,3842,184,3,25759.96,77279.88
3843,3843,30,1,10958.09,10958.09
3844,3844,147,4,979.82,3919.28
3845,3845,2,1,2750.44,2750.44
3846,3846,192,4,15107.45,60429.8
3847,3847,238,4,1908.64,7634.56
3848,3848,212,1,14743.99,14743.99
3849,3849,105,1,26970.33,26970.33
3850,3850,169,3,62923.23,188769.69
3851,3851,50,1,38689.96,38689.96
3852,3852,113,4,14029.76,56119.04
3853,3853,104,1,18898.17,18898.17
3854,3854,206,2,6578.5,13157.0
3855,3855,76,3,22632.82,67898.46
3856,3856,178,3,64556.87,193670.61
3857,3857,97,5,68459.59,342297.95
3858,3858,119,5,33444.49,167222.45
3859,3859,24,5,9618.22,48091.1
3860,3860,22,3,42176.54,126529.62
3861,3861,55,2,57983.9,115967.8
3862,3862,195,4,56252.99,225011.96
3863,3863,222,5,8275.82,41379.1
3864,3864,250,4,60076.97,240307.88
3865,3865,85,4,6828.31,27313.24
3866,3866,86,3,21297.54,63892.62
3867,3867,68,4,43109.08,172436.32
3868,3868,202,1,10640.66,10640.66
3869,3869,99,5,10955.12,54775.6
3870,3870,49,3,10523.25,31569.75
3871,3871,199,2,7626.21,15252.42
3872,3872,107,1,44008.33,44008.33
3873,3873,96,2,5276.47,10552.94
3874,3874,61,5,58995.31,294976.55
3875,3875,140,2,48596.53,97193.06
3876,3876,209,3,39850.3,119550.9
3877,3877,156,5,22854.19,114270.95
3878,3878,244,4,3395.09,13580.36
3879,3879,151,4,12383.09,49532.36
3880,3880,97,1,68459.59,68459.59
3881,3881,140,1,48596.53,48596.53
3882,3882,132,4,55437.19,221748.76
3883,3883,194,3,33793.71,101381.13
3884,3884,133,5,45678.86,228394.3
3885,3885,10,3,50484.52,151453.56
3886,3886,28,3,54176.7,162530.1
3887,3887,164,1,40728.62,40728.62
3888,3888,50,4,38689.96,154759.84
3889,3889,58,3,45571.21,136713.63
3890,3890,135,4,32067.55,128270.2
3891,3891,67,3,213.0,639.0
3892,3892,27,2,51849.33,103698.66
3893,3893,206,4,6578.5,26314.0
3894,3894,31,5,21599.36,107996.8
3895,3895,226,2,45400.81,90801.62
3896,3896,222,4,8275.82,33103.28
3897,3897,157,1,10754.95,10754.95
3898,3898,222,2,8275.82,16551.64
3899,3899,41,5,29618.34,148091.7
3900,3900,54,1,3826.07,3826.07
3901,3901,154,3,56227.97,168683.91
3902,3902,76,2,22632.82,45265.64
3903,3903,242,1,14842.89,14842.89
3904,3904,176,2,35001.92,70003.84
3905,3905,22,2,42176.54,84353.08
3906,3906,71,3,49802.41,149407.23
3907,3907,85,4,6828.31,27313.24
3908,3908,156,5,22854.19,114270.95
3909,3909,153,1,1829.17,1829.17
3910,3910,236,1,12330.19,12330.19
3911,3911,122,2,24480.91,48961.82
3912,3912,88,4,38006.23,152024.92
3913,3913,100,5,55420.51,277102.55
3914,3914,125,2,42471.61,84943.22
3915,3915,241,2,29741.02,59482.04
3916,3916,15,4,27970.24,111880.96
3917,3917,165,2,51492.2,102984.4
3918,3918,241,4,29741.02,118964.08
3919,3919,90,4,735.6,2942.4
3920,3920,222,5,8275.82,41379.1
3921,3921,250,2,60076.97,120153.94
3922,3922,114,1,25781.07,25781.07
3923,3923,166,3,5840.36,17521.08
3924,3924,28,1,54176.7,54176.7
3925,3925,73,1,44385.63,44385.63
3926,3926,61,4,58995.31,235981.24
3927,3927,125,4,42471.61,169886.44
3928,3928,124,4,19205.78,76823.12
3929,3929,125,5,42471.61,212358.05
3930,3930,93,5,46909.04,234545.2
3931,3931,169,2,62923.23,125846.46
3932,3932,191,2,35165.54,70331.08
3933,3933,185,2,5495.72,10991.44
3934,3934,70,5,66121.59,330607.95
3935,3935,99,4,10955.12,43820.48
3936,3936,56,4,37341.47,149365.88
3937,3937,21,5,7177.36,35886.8
3938,3938,108,4,7901.41,31605.64
3939,3939,81,3,30957.28,92871.84
3940,3940,200,4,17145.0,68580.0
3941,3941,150,1,25258.79,25258.79
3942,3942,208,2,41507.35,83014.7
3943,3943,8,5,31794.75,158973.75
3944,3944,79,3,31796.72,95390.16
3945,3945,68,1,43109.08,43109.08
3946,3946,237,2,27207.03,54414.06
3947,3947,138,5,39621.63,198108.15
3948,3948,227,3,61598.02,184794.06
3949,3949,231,3,63124.22,189372.66
3950,3950,53,5,13502.43,67512.15
3951,3951,237,5,27207.03,136035.15
3952,3952,36,4,2797.54,11190.16
3953,3953,216,5,21395.53,106977.65
3954,3954,115,4,6132.98,24531.92
3955,3955,147,3,979.82,2939.46
3956,3956,245,1,7411.87,7411.87
3957,3957,61,4,58995.31,235981.24
3958,3958,100,4,55420.51,221682.04
3959,3959,70,5,66121.59,330607.95
3960,3960,134,4,50043.92,200175.68
3961,3961,216,5,21395.53,106977.65
3962,3962,155,5,646.95,3234.75
3963,3963,101,5,47716.78,238583.9
3964,3964,224,1,53537.82,53537.82
3965,3965,133,4,45678.86,182715.44
3966,3966,133,4,45678.86,182715.44
3967,3967,60,5,49134.01,245670.05
3968,3968,234,1,56146.62,56146.62
3969,3969,245,3,7411.87,22235.61
3970,3970,32,5,21295.25,106476.25
3971,3971,178,2,64556.87,129113.74
3972,3972,83,5,62547.04,312735.2
3973,3973,10,5,50484.52,252422.6
3974,3974,74,5,20062.57,100312.85
3975,3975,14,3,4181.19,12543.57
3976,3976,203,3,52650.81,157952.43
3977,3977,67,4,213.0,852.0
3978,3978,72,2,54286.43,108572.86
3979,3979,118,1,4934.91,4934.91
3980,3980,116,2,45582.6,91165.2
3981,3981,93,3,46909.04,140727.12
3982,3982,70,3,66121.59,198364.77
3983,3983,186,2,43925.21,87850.42
3984,3984,123,5,32240.11,161200.55
3985,3985,106,1,19251.91,19251.91
3986,3986,16,5,10378.88,51894.4
3987,3987,86,3,21297.54,63892.62
3988,3988,118,2,4934.91,9869.82
3989,3989,141,4,11433.67,45734.68
3990,3990,71,1,49802.41,49802.41
3991,3991,117,3,13182.39,39547.17
3992,3992,24,5,9618.22,48091.1
3993,3993,63,5,28971.16,144855.8
3994,3994,32,3,21295.25,63885.75
3995,3995,98,1,45423.62,45423.62
3996,3996,62,4,62257.94,249031.76
3997,3997,140,2,48596.53,97193.06
3998,3998,144,1,66090.78,66090.78
3999,3999,59,3,43410.48,130231.44
4000,4000,106,5,19251.91,96259.55
4001,4001,244,5,3395.09,16975.45
4002,4002,156,1,22854.19,22854.19
4003,4003,174,1,56927.09,56927.09
4004,4004,144,3,66090.78,198272.34
4005,4005,137,4,23377.61,93510.44
4006,4006,123,4,32240.11,128960.44
4007,4007,1,4,10808.33,43233.32
4008,4008,92,1,59038.83,59038.83
4009,4009,28,2,54176.7,108353.4
4010,4010,148,5,45590.74,227953.7
4011,4011,56,5,37341.47,186707.35
4012,4012,161,2,4529.81,9059.62
4013,4013,83,4,62547.04,250188.16
4014,4014,248,4,55808.74,223234.96
4015,4015,215,5,16623.86,83119.3
4016,4016,239,4,8293.55,33174.2
4017,4017,178,3,64556.87,193670.61
4018,4018,198,4,11169.83,44679.32
4019,4019,209,2,39850.3,79700.6
4020,4020,24,4,9618.22,38472.88
4021,4021,200,4,17145.0,68580.0
4022,4022,18,5,44633.15,223165.75
4023,4023,104,2,18898.17,37796.34
4024,4024,105,4,26970.33,107881.32
4025,4025,188,4,51065.63,204262.52
4026,4026,189,5,58222.2,291111.0
4027,4027,106,1,19251.91,19251.91
4028,4028,104,2,18898.17,37796.34
4029,4029,204,2,44102.83,88205.66
4030,4030,196,5,50609.16,253045.8
4031,4031,101,2,47716.78,95433.56
4032,4032,203,5,52650.81,263254.05
4033,4033,31,2,21599.36,43198.72
4034,4034,3,2,1679.44,3358.88
4035,4035,37,4,3858.64,15434.56
4036,4036,34,3,55038.37,165115.11
4037,4037,176,5,35001.92,175009.6
4038,4038,133,4,45678.86,182715.44
4039,4039,78,1,40599.73,40599.73
4040,4040,157,3,10754.95,32264.85
4041,4041,104,4,18898.17,75592.68
4042,4042,94,3,28901.65,86704.95
4043,4043,146,4,38757.35,155029.4
4044,4044,116,1,45582.6,45582.6
4045,4045,200,3,17145.0,51435.0
4046,4046,58,4,45571.21,182284.84
4047,4047,77,3,2172.62,6517.86
4048,4048,247,2,1889.76,3779.52
4049,4049,210,3,29960.64,89881.92
4050,4050,248,5,55808.74,279043.7
4051,4051,167,3,32297.74,96893.22
4052,4052,74,1,20062.57,20062.57
4053,4053,34,1,55038.37,55038.37
4054,4054,168,4,18613.65,74454.6
4055,4055,98,2,45423.62,90847.24
4056,4056,13,5,53776.88,268884.4
4057,4057,167,1,32297.74,32297.74
4058,4058,218,1,28695.07,28695.07
4059,4059,180,2,22916.64,45833.28
4060,4060,222,5,8275.82,41379.1
4061,4061,158,2,64606.23,129212.46
4062,4062,230,3,31745.27,95235.81
4063,4063,235,5,35669.98,178349.9
4064,4064,42,5,35406.75,177033.75
4065,4065,3,1,1679.44,1679.44
4066,4066,203,5,52650.81,263254.05
4067,4067,42,1,35406.75,35406.75
4068,4068,91,2,31454.59,62909.18
4069,4069,220,4,29590.01,118360.04
4070,4070,83,1,62547.04,62547.04
4071,4071,74,3,20062.57,60187.71
4072,4072,103,5,5533.32,27666.6
4073,4073,110,5,7098.93,35494.65
4074,4074,108,5,7901.41,39507.05
4075,4075,11,1,38403.76,38403.76
4076,4076,238,1,1908.64,1908.64
4077,4077,154,2,56227.97,112455.94
4078,4078,225,2,60097.04,120194.08
4079,4079,49,1,10523.25,10523.25
4080,4080,202,3,10640.66,31921.98
4081,4081,35,3,12662.52,37987.56
4082,4082,4,3,54318.36,162955.08
4083,4083,229,1,40892.85,40892.85
4084,4084,238,3,1908.64,5725.92
4085,4085,164,4,40728.62,162914.48
4086,4086,84,5,18918.53,94592.65
4087,4087,177,3,25646.36,76939.08
4088,4088,178,2,64556.87,129113.74
4089,4089,119,4,33444.49,133777.96
4090,4090,133,4,45678.86,182715.44
4091,4091,250,1,60076.97,60076.97
4092,4092,167,2,32297.74,64595.48
4093,4093,123,4,32240.11,128960.44
4094,4094,209,5,39850.3,199251.5
4095,4095,191,2,35165.54,70331.08
4096,4096,206,2,6578.5,13157.0
4097,4097,58,2,45571.21,91142.42
4098,4098,213,3,46579.95,139739.85
4099,4099,112,5,58381.78,291908.9
4100,4100,80,2,21690.71,43381.42
4101,4101,6,1,642.86,642.86
4102,4102,142,3,24742.5,74227.5
4103,4103,66,3,6070.99,18212.97
4104,4104,115,4,6132.98,24531.92
4105,4105,247,4,1889.76,7559.04
4106,4106,22,4,42176.54,168706.16
4107,4107,223,2,41409.35,82818.7
4108,4108,227,5,61598.02,307990.1
4109,4109,216,3,21395.53,64186.59
4110,4110,14,4,4181.19,16724.76
4111,4111,73,1,44385.63,44385.63
4112,4112,4,2,54318.36,108636.72
4113,4113,20,5,20223.14,101115.7
4114,4114,79,1,31796.72,31796.72
4115,4115,163,4,28241.72,112966.88
4116,4116,228,2,66102.43,132204.86
4117,4117,172,2,53622.22,107244.44
4118,4118,164,4,40728.62,162914.48
4119,4119,95,2,59509.32,119018.64
4120,4120,55,3,57983.9,173951.7
4121,4121,163,4,28241.72,112966.88
4122,4122,95,3,59509.32,178527.96
4123,4123,73,4,44385.63,177542.52
4124,4124,192,1,15107.45,15107.45
4125,4125,33,1,1350.02,1350.02
4126,4126,57,5,59016.95,295084.75
4127,4127,72,4,54286.43,217145.72
4128,4128,117,2,13182.39,26364.78
4129,4129,112,3,58381.78,175145.34
4130,4130,78,1,40599.73,40599.73
4131,4131,20,5,20223.14,101115.7
4132,4132,242,5,14842.89,74214.45
4133,4133,159,2,2783.41,5566.82
4134,4134,181,5,30941.3,154706.5
4135,4135,230,5,31745.27,158726.35
4136,4136,30,3,10958.09,32874.27
4137,4137,174,2,56927.09,113854.18
4138,4138,212,3,14743.99,44231.97
4139,4139,55,3,57983.9,173951.7
4140,4140,225,3,60097.04,180291.12
4141,4141,212,2,14743.99,29487.98
4142,4142,88,4,38006.23,152024.92
4143,4143,33,5,1350.02,6750.1
4144,4144,172,4,53622.22,214488.88
4145,4145,207,1,68454.58,68454.58
4146,4146,128,5,17503.4,87517.0
4147,4147,22,2,42176.54,84353.08
4148,4148,201,5,29524.33,147621.65
4149,4149,73,4,44385.63,177542.52
4150,4150,204,3,44102.83,132308.49
4151,4151,217,1,26516.35,26516.35
4152,4152,63,3,28971.16,86913.48
4153,4153,199,1,7626.21,7626.21
4154,4154,119,3,33444.49,100333.47
4155,4155,159,1,2783.41,2783.41
4156,4156,129,3,9524.26,28572.78
4157,4157,5,3,16804.25,50412.75
4158,4158,179,5,51970.0,259850.0
4159,4159,227,2,61598.02,123196.04
4160,4160,172,3,53622.22,160866.66
4161,4161,14,3,4181.19,12543.57
4162,4162,172,3,53622.22,160866.66
4163,4163,197,3,30911.41,92734.23
4164,4164,107,3,44008.33,132024.99
4165,4165,20,2,20223.14,40446.28
4166,4166,16,4,10378.88,41515.52
4167,4167,158,1,64606.23,64606.23
4168,4168,170,4,55187.3,220749.2
4169,4169,28,1,54176.7,54176.7
4170,4170,160,3,5722.02,17166.06
4171,4171,198,5,11169.83,55849.15
4172,4172,117,2,13182.39,26364.78
4173,4173,164,4,40728.62,162914.48
4174,4174,40,3,10792.75,32378.25
4175,4175,62,1,62257.94,62257.94
4176,4176,60,1,49134.01,49134.01
4177,4177,81,5,30957.28,154786.4
4178,4178,70,4,66121.59,264486.36
4179,4179,80,2,21690.71,43381.42
4180,4180,248,5,55808.74,279043.7
4181,4181,201,3,29524.33,88572.99
4182,4182,70,2,66121.59,132243.18
4183,4183,141,1,11433.67,11433.67
4184,4184,177,3,25646.36,76939.08
4185,4185,66,1,6070.99,6070.99
4186,4186,16,5,10378.88,51894.4
4187,4187,43,2,29714.26,59428.52
4188,4188,28,5,54176.7,270883.5
4189,4189,91,1,31454.59,31454.59
4190,4190,245,4,7411.87,29647.48
4191,4191,144,4,66090.78,264363.12
4192,4192,63,1,28971.16,28971.16
4193,4193,226,3,45400.81,136202.43
4194,4194,176,2,35001.92,70003.84
4195,4195,149,1,10425.94,10425.94
4196,4196,218,1,28695.07,28695.07
4197,4197,62,3,62257.94,186773.82
4198,4198,163,2,28241.72,56483.44
4199,4199,243,2,131.11,262.22
4200,4200,191,5,35165.54,175827.7
4201,4201,41,4,29618.34,118473.36
4202,4202,37,1,3858.64,3858.64
4203,4203,229,3,40892.85,122678.55
4204,4204,175,3,66335.25,199005.75
4205,4205,197,3,30911.41,92734.23
4206,4206,181,3,30941.3,92823.9
4207,4207,241,4,29741.02,118964.08
4208,4208,210,2,29960.64,59921.28
4209,4209,228,5,66102.43,330512.15
4210,4210,78,5,40599.73,202998.65
4211,4211,128,3,17503.4,52510.2
4212,4212,99,3,10955.12,32865.36
4213,4213,188,4,51065.63,204262.52
4214,4214,140,2,48596.53,97193.06
4215,4215,214,2,46708.94,93417.88
4216,4216,153,2,1829.17,3658.34
4217,4217,155,5,646.95,3234.75
4218,4218,198,3,11169.83,33509.49
4219,4219,54,1,3826.07,3826.07
4220,4220,8,5,31794.75,158973.75
4221,4221,175,3,66335.25,199005.75
4222,4222,21,5,7177.36,35886.8
4223,4223,130,5,17397.94,86989.7
4224,4224,91,4,31454.59,125818.36
4225,4225,141,4,11433.67,45734.68
4226,4226,136,2,21659.92,43319.84
4227,4227,202,5,10640.66,53203.3
4228,4228,241,1,29741.02,29741.02
4229,4229,174,5,56927.09,284635.45
4230,4230,88,4,38006.23,152024.92
4231,4231,47,5,40909.49,204547.45
4232,4232,63,5,28971.16,144855.8
4233,4233,115,5,6132.98,30664.9
4234,4234,51,1,4745.62,4745.62
4235,4235,175,1,66335.25,66335.25
4236,4236,144,5,66090.78,330453.9
4237,4237,144,4,66090.78,264363.12
4238,4238,209,3,39850.3,119550.9
4239,4239,162,5,64005.28,320026.4
4240,4240,220,5,29590.01,147950.05
4241,4241,75,4,42394.12,169576.48
4242,4242,194,1,33793.71,33793.71
4243,4243,214,4,46708.94,186835.76
4244,4244,193,3,1860.99,5582.97
4245,4245,88,4,38006.23,152024.92
4246,4246,41,3,29618.34,88855.02
4247,4247,174,4,56927.09,227708.36
4248,4248,164,4,40728.62,162914.48
4249,4249,1,2,10808.33,21616.66
4250,4250,234,2,56146.62,112293.24
4251,4251,115,1,6132.98,6132.98
4252,4252,241,5,29741.02,148705.1
4253,4253,207,5,68454.58,342272.9
4254,4254,115,3,6132.98,18398.94
4255,4255,134,4,50043.92,200175.68
4256,4256,211,3,50593.81,151781.43
4257,4257,14,5,4181.19,20905.95
4258,4258,142,1,24742.5,24742.5
4259,4259,171,2,10281.14,20562.28
4260,4260,9,4,1896.99,7587.96
4261,4261,88,2,38006.23,76012.46
4262,4262,12,3,29314.78,87944.34
4263,4263,103,5,5533.32,27666.6
4264,4264,234,1,56146.62,56146.62
4265,4265,227,4,61598.02,246392.08
4266,4266,74,2,20062.57,40125.14
4267,4267,149,1,10425.94,10425.94
4268,4268,162,4,64005.28,256021.12
4269,4269,212,3,14743.99,44231.97
4270,4270,236,5,12330.19,61650.95
4271,4271,65,4,25140.63,100562.52
4272,4272,127,2,60846.23,121692.46
4273,4273,158,2,64606.23,129212.46
4274,4274,11,2,38403.76,76807.52
4275,4275,77,3,2172.62,6517.86
4276,4276,212,3,14743.99,44231.97
4277,4277,4,4,54318.36,217273.44
4278,4278,61,1,58995.31,58995.31
4279,4279,147,4,979.82,3919.28
4280,4280,21,5,7177.36,35886.8
4281,4281,168,5,18613.65,93068.25
4282,4282,192,1,15107.45,15107.45
4283,4283,31,1,21599.36,21599.36
4284,4284,47,1,40909.49,40909.49
4285,4285,194,2,33793.71,67587.42
4286,4286,194,4,33793.71,135174.84
4287,4287,126,2,64362.26,128724.52
4288,4288,157,1,10754.95,10754.95
4289,4289,189,4,58222.2,232888.8
4290,4290,159,3,2783.41,8350.23
4291,4291,238,2,1908.64,3817.28
4292,4292,229,4,40892.85,163571.4
4293,4293,22,4,42176.54,168706.16
4294,4294,107,4,44008.33,176033.32
4295,4295,71,4,49802.41,199209.64
4296,4296,17,1,36691.73,36691.73
4297,4297,126,5,64362.26,321811.3
4298,4298,57,3,59016.95,177050.85
4299,4299,47,4,40909.49,163637.96
4300,4300,88,4,38006.23,152024.92
4301,4301,94,2,28901.65,57803.3
4302,4302,180,1,22916.64,22916.64
4303,4303,140,2,48596.53,97193.06
4304,4304,28,2,54176.7,108353.4
4305,4305,3,1,1679.44,1679.44
4306,4306,20,4,20223.14,80892.56
4307,4307,21,5,7177.36,35886.8
4308,4308,57,2,59016.95,118033.9
4309,4309,24,3,9618.22,28854.66
4310,4310,41,5,29618.34,148091.7
4311,4311,240,1,48841.77,48841.77
4312,4312,16,4,10378.88,41515.52
4313,4313,76,1,22632.82,22632.82
4314,4314,207,4,68454.58,273818.32
4315,4315,225,4,60097.04,240388.16
4316,4316,183,3,12734.47,38203.41
4317,4317,54,1,3826.07,3826.07
4318,4318,141,4,11433.67,45734.68
4319,4319,7,3,65009.38,195028.14
4320,4320,38,5,547.71,2738.55
4321,4321,220,2,29590.01,59180.02
4322,4322,25,4,22922.96,91691.84
4323,4323,126,2,64362.26,128724.52
4324,4324,55,2,57983.9,115967.8
4325,4325,218,3,28695.07,86085.21
4326,4326,98,3,45423.62,136270.86
4327,4327,72,4,54286.43,217145.72
4328,4328,30,1,10958.09,10958.09
4329,4329,98,1,45423.62,45423.62
4330,4330,203,4,52650.81,210603.24
4331,4331,16,4,10378.88,41515.52
4332,4332,117,2,13182.39,26364.78
4333,4333,126,4,64362.26,257449.04
4334,4334,136,5,21659.92,108299.6
4335,4335,227,5,61598.02,307990.1
4336,4336,43,1,29714.26,29714.26
4337,4337,66,1,6070.99,6070.99
4338,4338,140,1,48596.53,48596.53
4339,4339,11,1,38403.76,38403.76
4340,4340,118,2,4934.91,9869.82
4341,4341,207,5,68454.58,342272.9
4342,4342,7,5,65009.38,325046.9
4343,4343,170,3,55187.3,165561.9
4344,4344,121,5,12980.71,64903.55
4345,4345,208,5,41507.35,207536.75
4346,4346,185,1,5495.72,5495.72
4347,4347,186,1,43925.21,43925.21
4348,4348,168,1,18613.65,18613.65
4349,4349,117,1,13182.39,13182.39
4350,4350,189,3,58222.2,174666.6
4351,4351,197,4,30911.41,123645.64
4352,4352,70,4,66121.59,264486.36
4353,4353,164,4,40728.62,162914.48
4354,4354,190,3,42783.57,128350.71
4355,4355,139,3,22524.02,67572.06
4356,4356,117,3,13182.39,39547.17
4357,4357,116,5,45582.6,227913.0
4358,4358,6,2,642.86,1285.72
4359,4359,207,2,68454.58,136909.16
4360,4360,103,4,5533.32,22133.28
4361,4361,223,3,41409.35,124228.05
4362,4362,163,5,28241.72,141208.6
4363,4363,193,3,1860.99,5582.97
4364,4364,197,4,30911.41,123645.64
4365,4365,239,5,8293.55,41467.75
4366,4366,22,1,42176.54,42176.54
4367,4367,210,5,29960.64,149803.2
4368,4368,195,5,56252.99,281264.95
4369,4369,184,5,25759.96,128799.8
4370,4370,150,2,25258.79,50517.58
4371,4371,191,4,35165.54,140662.16
4372,4372,136,3,21659.92,64979.76
4373,4373,139,4,22524.02,90096.08
4374,4374,81,2,30957.28,61914.56
4375,4375,56,1,37341.47,37341.47
4376,4376,138,1,39621.63,39621.63
4377,4377,74,3,20062.57,60187.71
4378,4378,215,2,16623.86,33247.72
4379,4379,50,3,38689.96,116069.88
4380,4380,225,2,60097.04,120194.08
4381,4381,7,3,65009.38,195028.14
4382,4382,157,5,10754.95,53774.75
4383,4383,45,1,61881.38,61881.38
4384,4384,202,4,10640.66,42562.64
4385,4385,218,1,28695.07,28695.07
4386,4386,1,1,10808.33,10808.33
4387,4387,40,4,10792.75,43171.0
4388,4388,244,4,3395.09,13580.36
4389,4389,90,3,735.6,2206.8
4390,4390,68,4,43109.08,172436.32
4391,4391,89,2,35164.04,70328.08
4392,4392,208,5,41507.35,207536.75
4393,4393,112,3,58381.78,175145.34
4394,4394,203,1,52650.81,52650.81
4395,4395,243,4,131.11,524.44
4396,4396,54,5,3826.07,19130.35
4397,4397,36,3,2797.54,8392.62
4398,4398,21,1,7177.36,7177.36
4399,4399,121,2,12980.71,25961.42
4400,4400,210,2,29960.64,59921.28
4401,4401,14,2,4181.19,8362.38
4402,4402,216,3,21395.53,64186.59
4403,4403,130,2,17397.94,34795.88
4404,4404,23,4,56494.42,225977.68
4405,4405,206,2,6578.5,13157.0
4406,4406,100,2,55420.51,110841.02
4407,4407,176,2,35001.92,70003.84
4408,4408,222,1,8275.82,8275.82
4409,4409,140,1,48596.53,48596.53
4410,4410,201,3,29524.33,88572.99
4411,4411,142,1,24742.5,24742.5
4412,4412,138,5,39621.63,198108.15
4413,4413,183,4,12734.47,50937.88
4414,4414,226,1,45400.81,45400.81
4415,4415,28,2,54176.7,108353.4
4416,4416,198,3,11169.83,33509.49
4417,4417,129,1,9524.26,9524.26
4418,4418,78,3,40599.73,121799.19
4419,4419,180,2,22916.64,45833.28
4420,4420,16,4,10378.88,41515.52
4421,4421,82,4,37506.05,150024.2
4422,4422,237,4,27207.03,108828.12
4423,4423,33,1,1350.02,1350.02
4424,4424,26,2,57281.74,114563.48
4425,4425,114,1,25781.07,25781.07
4426,4426,180,4,22916.64,91666.56
4427,4427,133,1,45678.86,45678.86
4428,4428,1,5,10808.33,54041.65
4429,4429,136,1,21659.92,21659.92
4430,4430,247,4,1889.76,7559.04
4431,4431,107,4,44008.33,176033.32
4432,4432,250,2,60076.97,120153.94
4433,4433,234,3,56146.62,168439.86
4434,4434,33,1,1350.02,1350.02
4435,4435,86,2,21297.54,42595.08
4436,4436,239,4,8293.55,33174.2
4437,4437,124,2,19205.78,38411.56
4438,4438,212,4,14743.99,58975.96
4439,4439,30,1,10958.09,10958.09
4440,4440,4,4,54318.36,217273.44
4441,4441,196,1,50609.16,50609.16
4442,4442,240,4,48841.77,195367.08
4443,4443,137,4,23377.61,93510.44
4444,4444,135,4,32067.55,128270.2
4445,4445,71,4,49802.41,199209.64
4446,4446,189,3,58222.2,174666.6
4447,4447,26,3,57281.74,171845.22
4448,4448,122,2,24480.91,48961.82
4449,4449,90,5,735.6,3678.0
4450,4450,216,3,21395.53,64186.59
4451,4451,110,5,7098.93,35494.65
4452,4452,146,3,38757.35,116272.05
4453,4453,50,4,38689.96,154759.84
4454,4454,75,2,42394.12,84788.24
4455,4455,88,2,38006.23,76012.46
4456,4456,82,4,37506.05,150024.2
4457,4457,114,4,25781.07,103124.28
4458,4458,138,5,39621.63,198108.15
4459,4459,214,5,46708.94,233544.7
4460,4460,164,4,40728.62,162914.48
4461,4461,184,4,25759.96,103039.84
4462,4462,208,2,41507.35,83014.7
4463,4463,175,5,66335.25,331676.25
4464,4464,96,1,5276.47,5276.47
4465,4465,100,4,55420.51,221682.04
4466,4466,9,2,1896.99,3793.98
4467,4467,186,2,43925.21,87850.42
4468,4468,250,2,60076.97,120153.94
4469,4469,169,4,62923.23,251692.92
4470,4470,190,1,42783.57,42783.57
4471,4471,26,3,57281.74,171845.22
4472,4472,174,1,56927.09,56927.09
4473,4473,226,5,45400.81,227004.05
4474,4474,91,1,31454.59,31454.59
4475,4475,174,4,56927.09,227708.36
4476,4476,204,1,44102.83,44102.83
4477,4477,90,1,735.6,735.6
4478,4478,159,5,2783.41,13917.05
4479,4479,243,4,131.11,524.44
4480,4480,187,2,49126.18,98252.36
4481,4481,37,2,3858.64,7717.28
4482,4482,15,3,27970.24,83910.72
4483,4483,125,4,42471.61,169886.44
4484,4484,39,3,57498.93,172496.79
4485,4485,184,5,25759.96,128799.8
4486,4486,108,1,7901.41,7901.41
4487,4487,180,1,22916.64,22916.64
4488,4488,93,5,46909.04,234545.2
4489,4489,181,3,30941.3,92823.9
4490,4490,176,2,35001.92,70003.84
4491,4491,59,5,43410.48,217052.4
4492,4492,199,3,7626.21,22878.63
4493,4493,24,4,9618.22,38472.88
4494,4494,33,5,1350.02,6750.1
4495,4495,175,1,66335.25,66335.25
4496,4496,112,2,58381.78,116763.56
4497,4497,141,5,11433.67,57168.35
4498,4498,23,3,56494.42,169483.26
4499,4499,185,4,5495.72,21982.88
4500,4500,102,1,28252.05,28252.05
4501,4501,170,2,55187.3,110374.6
4502,4502,7,5,65009.38,325046.9
4503,4503,137,1,23377.61,23377.61
4504,4504,90,1,735.6,735.6
4505,4505,164,5,40728.62,203643.1
4506,4506,56,3,37341.47,112024.41
4507,4507,239,2,8293.55,16587.1
4508,4508,71,5,49802.41,249012.05
4509,4509,53,4,13502.43,54009.72
4510,4510,64,3,45985.44,137956.32
4511,4511,112,5,58381.78,291908.9
4512,4512,16,5,10378.88,51894.4
4513,4513,128,4,17503.4,70013.6
4514,4514,158,2,64606.23,129212.46
4515,4515,73,4,44385.63,177542.52
4516,4516,38,3,547.71,1643.13
4517,4517,231,3,63124.22,189372.66
4518,4518,25,4,22922.96,91691.84
4519,4519,119,4,33444.49,133777.96
4520,4520,37,1,3858.64,3858.64
4521,4521,205,5,44040.82,220204.1
4522,4522,126,3,64362.26,193086.78
4523,4523,62,1,62257.94,62257.94
4524,4524,159,4,2783.41,11133.64
4525,4525,74,4,20062.57,80250.28
4526,4526,78,2,40599.73,81199.46
4527,4527,155,2,646.95,1293.9
4528,4528,36,4,2797.54,11190.16
4529,4529,136,2,21659.92,43319.84
4530,4530,187,3,49126.18,147378.54
4531,4531,134,4,50043.92,200175.68
4532,4532,7,5,65009.38,325046.9
4533,4533,185,2,5495.72,10991.44
4534,4534,150,3,25258.79,75776.37
4535,4535,27,4,51849.33,207397.32
4536,4536,173,2,50939.53,101879.06
4537,4537,144,5,66090.78,330453.9
4538,4538,11,5,38403.76,192018.8
4539,4539,80,3,21690.71,65072.13
4540,4540,68,5,43109.08,215545.4
4541,4541,203,2,52650.81,105301.62
4542,4542,97,2,68459.59,136919.18
4543,4543,113,4,14029.76,56119.04
4544,4544,232,2,18463.39,36926.78
4545,4545,58,1,45571.21,45571.21
4546,4546,221,2,41568.44,83136.88
4547,4547,87,5,46894.5,234472.5
4548,4548,25,2,22922.96,45845.92
4549,4549,172,5,53622.22,268111.1
4550,4550,234,4,56146.62,224586.48
4551,4551,101,4,47716.78,190867.12
4552,4552,58,3,45571.21,136713.63
4553,4553,2,3,2750.44,8251.32
4554,4554,205,1,44040.82,44040.82
4555,4555,160,4,5722.02,22888.08
4556,4556,250,3,60076.97,180230.91
4557,4557,67,4,213.0,852.0
4558,4558,109,3,29367.34,88102.02
4559,4559,184,2,25759.96,51519.92
4560,4560,218,2,28695.07,57390.14
4561,4561,78,4,40599.73,162398.92
4562,4562,217,5,26516.35,132581.75
4563,4563,103,5,5533.32,27666.6
4564,4564,205,3,44040.82,132122.46
4565,4565,241,1,29741.02,29741.02
4566,4566,106,5,19251.91,96259.55
4567,4567,46,1,32367.18,32367.18
4568,4568,123,3,32240.11,96720.33
4569,4569,19,4,46390.24,185560.96
4570,4570,27,2,51849.33,103698.66
4571,4571,96,2,5276.47,10552.94
4572,4572,162,5,64005.28,320026.4
4573,4573,77,3,2172.62,6517.86
4574,4574,67,4,213.0,852.0
4575,4575,8,3,31794.75,95384.25
4576,4576,2,1,2750.44,2750.44
4577,4577,91,4,31454.59,125818.36
4578,4578,67,3,213.0,639.0
4579,4579,182,5,53789.43,268947.15
4580,4580,245,1,7411.87,7411.87
4581,4581,125,4,42471.61,169886.44
4582,4582,108,3,7901.41,23704.23
4583,4583,137,4,23377.61,93510.44
4584,4584,133,3,45678.86,137036.58
4585,4585,30,2,10958.09,21916.18
4586,4586,140,2,48596.53,97193.06
4587,4587,31,2,21599.36,43198.72
4588,4588,117,4,13182.39,52729.56
4589,4589,12,4,29314.78,117259.12
4590,4590,138,2,39621.63,79243.26
4591,4591,51,3,4745.62,14236.86
4592,4592,156,3,22854.19,68562.57
4593,4593,139,2,22524.02,45048.04
4594,4594,164,2,40728.62,81457.24
4595,4595,236,3,12330.19,36990.57
4596,4596,93,2,46909.04,93818.08
4597,4597,74,5,20062.57,100312.85
4598,4598,138,1,39621.63,39621.63
4599,4599,100,1,55420.51,55420.51
4600,4600,170,2,55187.3,110374.6
4601,4601,226,3,45400.81,136202.43
4602,4602,207,2,68454.58,136909.16
4603,4603,80,1,21690.71,21690.71
4604,4604,125,4,42471.61,169886.44
4605,4605,180,3,22916.64,68749.92
4606,4606,80,4,21690.71,86762.84
4607,4607,28,3,54176.7,162530.1
4608,4608,26,1,57281.74,57281.74
4609,4609,166,5,5840.36,29201.8
4610,4610,168,1,18613.65,18613.65
4611,4611,9,1,1896.99,1896.99
4612,4612,75,4,42394.12,169576.48
4613,4613,222,2,8275.82,16551.64
4614,4614,146,1,38757.35,38757.35
4615,4615,162,2,64005.28,128010.56
4616,4616,213,5,46579.95,232899.75
4617,4617,130,2,17397.94,34795.88
4618,4618,241,3,29741.02,89223.06
4619,4619,134,3,50043.92,150131.76
4620,4620,73,5,44385.63,221928.15
4621,4621,230,1,31745.27,31745.27
4622,4622,173,1,50939.53,50939.53
4623,4623,35,4,12662.52,50650.08
4624,4624,122,1,24480.91,24480.91
4625,4625,35,4,12662.52,50650.08
4626,4626,126,1,64362.26,64362.26
4627,4627,235,3,35669.98,107009.94
4628,4628,99,5,10955.12,54775.6
4629,4629,87,2,46894.5,93789.0
4630,4630,212,5,14743.99,73719.95
4631,4631,2,5,2750.44,13752.2
4632,4632,25,4,22922.96,91691.84
4633,4633,73,3,44385.63,133156.89
4634,4634,125,5,42471.61,212358.05
4635,4635,233,3,59166.85,177500.55
4636,4636,4,5,54318.36,271591.8
4637,4637,1,2,10808.33,21616.66
4638,4638,8,5,31794.75,158973.75
4639,4639,153,2,1829.17,3658.34
4640,4640,43,5,29714.26,148571.3
4641,4641,163,1,28241.72,28241.72
4642,4642,221,4,41568.44,166273.76
4643,4643,67,1,213.0,213.0
4644,4644,155,5,646.95,3234.75
4645,4645,196,4,50609.16,202436.64
4646,4646,84,5,18918.53,94592.65
4647,4647,192,3,15107.45,45322.35
4648,4648,9,2,1896.99,3793.98
4649,4649,178,5,64556.87,322784.35
4650,4650,63,4,28971.16,115884.64
4651,4651,108,3,7901.41,23704.23
4652,4652,83,2,62547.04,125094.08
4653,4653,211,4,50593.81,202375.24
4654,4654,164,3,40728.62,122185.86
4655,4655,143,4,52558.49,210233.96
4656,4656,248,2,55808.74,111617.48
4657,4657,135,1,32067.55,32067.55
4658,4658,238,2,1908.64,3817.28
4659,4659,61,5,58995.31,294976.55
4660,4660,225,4,60097.04,240388.16
4661,4661,82,4,37506.05,150024.2
4662,4662,46,4,32367.18,129468.72
4663,4663,12,1,29314.78,29314.78
4664,4664,142,1,24742.5,24742.5
4665,4665,94,5,28901.65,144508.25
4666,4666,140,1,48596.53,48596.53
4667,4667,172,1,53622.22,53622.22
4668,4668,221,5,41568.44,207842.2
4669,4669,197,5,30911.41,154557.05
4670,4670,131,1,29903.35,29903.35
4671,4671,2,2,2750.44,5500.88
4672,4672,1,1,10808.33,10808.33
4673,4673,86,2,21297.54,42595.08
4674,4674,117,5,13182.39,65911.95
4675,4675,40,5,10792.75,53963.75
4676,4676,249,4,30676.08,122704.32
4677,4677,222,5,8275.82,41379.1
4678,4678,189,4,58222.2,232888.8
4679,4679,162,2,64005.28,128010.56
4680,4680,202,2,10640.66,21281.32
4681,4681,14,2,4181.19,8362.38
4682,4682,3,4,1679.44,6717.76
4683,4683,19,1,46390.24,46390.24
4684,4684,220,5,29590.01,147950.05
4685,4685,17,4,36691.73,146766.92
4686,4686,147,2,979.82,1959.64
4687,4687,241,2,29741.02,59482.04
4688,4688,53,5,13502.43,67512.15
4689,4689,120,4,36416.76,145667.04
4690,4690,242,4,14842.89,59371.56
4691,4691,43,1,29714.26,29714.26
4692,4692,94,3,28901.65,86704.95
4693,4693,18,3,44633.15,133899.45
4694,4694,218,1,28695.07,28695.07
4695,4695,250,5,60076.97,300384.85
4696,4696,144,1,66090.78,66090.78
4697,4697,115,1,6132.98,6132.98
4698,4698,215,2,16623.86,33247.72
4699,4699,117,2,13182.39,26364.78
4700,4700,159,2,2783.41,5566.82
4701,4701,213,5,46579.95,232899.75
4702,4702,79,2,31796.72,63593.44
4703,4703,170,5,55187.3,275936.5
4704,4704,105,2,26970.33,53940.66
4705,4705,86,5,21297.54,106487.7
4706,4706,197,2,30911.41,61822.82
4707,4707,79,5,31796.72,158983.6
4708,4708,43,4,29714.26,118857.04
4709,4709,52,5,11931.31,59656.55
4710,4710,150,5,25258.79,126293.95
4711,4711,125,3,42471.61,127414.83
4712,4712,158,3,64606.23,193818.69
4713,4713,90,5,735.6,3678.0
4714,4714,23,1,56494.42,56494.42
4715,4715,157,2,10754.95,21509.9
4716,4716,198,2,11169.83,22339.66
4717,4717,241,2,29741.02,59482.04
4718,4718,93,3,46909.04,140727.12
4719,4719,218,5,28695.07,143475.35
4720,4720,130,3,17397.94,52193.82
4721,4721,117,2,13182.39,26364.78
4722,4722,229,5,40892.85,204464.25
4723,4723,167,2,32297.74,64595.48
4724,4724,68,4,43109.08,172436.32
4725,4725,168,2,18613.65,37227.3
4726,4726,166,5,5840.36,29201.8
4727,4727,209,5,39850.3,199251.5
4728,4728,25,4,22922.96,91691.84
4729,4729,21,5,7177.36,35886.8
4730,4730,7,3,65009.38,195028.14
4731,4731,83,5,62547.04,312735.2
4732,4732,125,3,42471.61,127414.83
4733,4733,54,1,3826.07,3826.07
4734,4734,179,2,51970.0,103940.0
4735,4735,151,4,12383.09,49532.36
4736,4736,23,3,56494.42,169483.26
4737,4737,185,5,5495.72,27478.6
4738,4738,154,1,56227.97,56227.97
4739,4739,203,5,52650.81,263254.05
4740,4740,77,1,2172.62,2172.62
4741,4741,110,4,7098.93,28395.72
4742,4742,145,3,12802.99,38408.97
4743,4743,161,2,4529.81,9059.62
4744,4744,167,1,32297.74,32297.74
4745,4745,48,4,64744.15,258976.6
4746,4746,153,5,1829.17,9145.85
4747,4747,158,1,64606.23,64606.23
4748,4748,71,3,49802.41,149407.23
4749,4749,218,3,28695.07,86085.21
4750,4750,237,5,27207.03,136035.15
4751,4751,21,1,7177.36,7177.36
4752,4752,144,5,66090.78,330453.9
4753,4753,246,1,17087.52,17087.52
4754,4754,122,2,24480.91,48961.82
4755,4755,132,3,55437.19,166311.57
4756,4756,87,5,46894.5,234472.5
4757,4757,78,5,40599.73,202998.65
4758,4758,190,4,42783.57,171134.28
4759,4759,70,5,66121.59,330607.95
4760,4760,66,1,6070.99,6070.99
4761,4761,216,1,21395.53,21395.53
4762,4762,148,2,45590.74,91181.48
4763,4763,108,2,7901.41,15802.82
4764,4764,142,5,24742.5,123712.5
4765,4765,249,4,30676.08,122704.32
4766,4766,89,5,35164.04,175820.2
4767,4767,216,1,21395.53,21395.53
4768,4768,227,4,61598.02,246392.08
4769,4769,169,2,62923.23,125846.46
4770,4770,6,1,642.86,642.86
4771,4771,143,1,52558.49,52558.49
4772,4772,92,4,59038.83,236155.32
4773,4773,206,1,6578.5,6578.5
4774,4774,21,5,7177.36,35886.8
4775,4775,232,4,18463.39,73853.56
4776,4776,74,2,20062.57,40125.14
4777,4777,247,3,1889.76,5669.28
4778,4778,115,3,6132.98,18398.94
4779,4779,176,2,35001.92,70003.84
4780,4780,169,5,62923.23,314616.15
4781,4781,33,3,1350.02,4050.06
4782,4782,89,3,35164.04,105492.12
4783,4783,224,4,53537.82,214151.28
4784,4784,129,1,9524.26,9524.26
4785,4785,180,5,22916.64,114583.2
4786,4786,69,4,9102.07,36408.28
4787,4787,210,5,29960.64,149803.2
4788,4788,187,1,49126.18,49126.18
4789,4789,1,1,10808.33,10808.33
4790,4790,87,5,46894.5,234472.5
4791,4791,29,2,21169.41,42338.82
4792,4792,200,2,17145.0,34290.0
4793,4793,98,2,45423.62,90847.24
4794,4794,70,2,66121.59,132243.18
4795,4795,76,5,22632.82,113164.1
4796,4796,166,3,5840.36,17521.08
4797,4797,201,4,29524.33,118097.32
4798,4798,174,1,56927.09,56927.09
4799,4799,2,2,2750.44,5500.88
4800,4800,250,3,60076.97,180230.91
4801,4801,30,5,10958.09,54790.45
4802,4802,178,1,64556.87,64556.87
4803,4803,101,4,47716.78,190867.12
4804,4804,232,2,18463.39,36926.78
4805,4805,79,3,31796.72,95390.16
4806,4806,200,4,17145.0,68580.0
4807,4807,13,5,53776.88,268884.4
4808,4808,241,3,29741.02,89223.06
4809,4809,208,4,41507.35,166029.4
4810,4810,177,4,25646.36,102585.44
4811,4811,230,2,31745.27,63490.54
4812,4812,215,3,16623.86,49871.58
4813,4813,137,4,23377.61,93510.44
4814,4814,125,3,42471.61,127414.83
4815,4815,118,4,4934.91,19739.64
4816,4816,63,1,28971.16,28971.16
4817,4817,242,5,14842.89,74214.45
4818,4818,55,3,57983.9,173951.7
4819,4819,113,2,14029.76,28059.52
4820,4820,172,5,53622.22,268111.1
4821,4821,155,1,646.95,646.95
4822,4822,242,5,14842.89,74214.45
4823,4823,25,1,22922.96,22922.96
4824,4824,10,4,50484.52,201938.08
4825,4825,64,3,45985.44,137956.32
4826,4826,165,4,51492.2,205968.8
4827,4827,79,1,31796.72,31796.72
4828,4828,130,1,17397.94,17397.94
4829,4829,210,3,29960.64,89881.92
4830,4830,228,2,66102.43,132204.86
4831,4831,12,2,29314.78,58629.56
4832,4832,41,2,29618.34,59236.68
4833,4833,4,3,54318.36,162955.08
4834,4834,200,5,17145.0,85725.0
4835,4835,123,3,32240.11,96720.33
4836,4836,117,2,13182.39,26364.78
4837,4837,55,4,57983.9,231935.6
4838,4838,143,2,52558.49,105116.98
4839,4839,239,5,8293.55,41467.75
4840,4840,218,4,28695.07,114780.28
4841,4841,97,3,68459.59,205378.77
4842,4842,246,4,17087.52,68350.08
4843,4843,93,3,46909.04,140727.12
4844,4844,89,2,35164.04,70328.08
4845,4845,85,5,6828.31,34141.55
4846,4846,106,5,19251.91,96259.55
4847,4847,83,4,62547.04,250188.16
4848,4848,225,5,60097.04,300485.2
4849,4849,93,1,46909.04,46909.04
4850,4850,186,4,43925.21,175700.84
4851,4851,196,4,50609.16,202436.64
4852,4852,69,5,9102.07,45510.35
4853,4853,123,5,32240.11,161200.55
4854,4854,43,4,29714.26,118857.04
4855,4855,80,5,21690.71,108453.55
4856,4856,122,1,24480.91,24480.91
4857,4857,58,1,45571.21,45571.21
4858,4858,14,1,4181.19,4181.19
4859,4859,45,3,61881.38,185644.14
4860,4860,91,3,31454.59,94363.77
4861,4861,104,3,18898.17,56694.51
4862,4862,88,2,38006.23,76012.46
4863,4863,62,3,62257.94,186773.82
4864,4864,114,5,25781.07,128905.35
4865,4865,131,3,29903.35,89710.05
4866,4866,35,5,12662.52,63312.6
4867,4867,68,5,43109.08,215545.4
4868,4868,74,3,20062.57,60187.71
4869,4869,117,1,13182.39,13182.39
4870,4870,74,1,20062.57,20062.57
4871,4871,177,3,25646.36,76939.08
4872,4872,96,1,5276.47,5276.47
4873,4873,85,4,6828.31,27313.24
4874,4874,55,2,57983.9,115967.8
4875,4875,124,1,19205.78,19205.78
4876,4876,110,5,7098.93,35494.65
4877,4877,233,3,59166.85,177500.55
4878,4878,167,1,32297.74,32297.74
4879,4879,219,1,32485.64,32485.64
4880,4880,134,1,50043.92,50043.92
4881,4881,152,4,11244.0,44976.0
4882,4882,166,1,5840.36,5840.36
4883,4883,51,5,4745.62,23728.1
4884,4884,166,4,5840.36,23361.44
4885,4885,220,3,29590.01,88770.03
4886,4886,168,5,18613.65,93068.25
4887,4887,90,3,735.6,2206.8
4888,4888,145,3,12802.99,38408.97
4889,4889,42,2,35406.75,70813.5
4890,4890,148,5,45590.74,227953.7
4891,4891,241,1,29741.02,29741.02
4892,4892,171,2,10281.14,20562.28
4893,4893,64,2,45985.44,91970.88
4894,4894,74,1,20062.57,20062.57
4895,4895,158,5,64606.23,323031.15
4896,4896,118,4,4934.91,19739.64
4897,4897,185,1,5495.72,5495.72
4898,4898,21,5,7177.36,35886.8
4899,4899,2,1,2750.44,2750.44
4900,4900,183,4,12734.47,50937.88
4901,4901,114,4,25781.07,103124.28
4902,4902,76,2,22632.82,45265.64
4903,4903,98,1,45423.62,45423.62
4904,4904,213,3,46579.95,139739.85
4905,4905,140,5,48596.53,242982.65
4906,4906,249,1,30676.08,30676.08
4907,4907,222,5,8275.82,41379.1
4908,4908,134,3,50043.92,150131.76
4909,4909,155,2,646.95,1293.9
4910,4910,113,1,14029.76,14029.76
4911,4911,67,2,213.0,426.0
4912,4912,176,4,35001.92,140007.68
4913,4913,147,3,979.82,2939.46
4914,4914,121,3,12980.71,38942.13
4915,4915,155,2,646.95,1293.9
4916,4916,249,3,30676.08,92028.24
4917,4917,199,4,7626.21,30504.84
4918,4918,100,5,55420.51,277102.55
4919,4919,137,5,23377.61,116888.05
4920,4920,55,5,57983.9,289919.5
4921,4921,107,1,44008.33,44008.33
4922,4922,101,1,47716.78,47716.78
4923,4923,180,5,22916.64,114583.2
4924,4924,171,4,10281.14,41124.56
4925,4925,207,4,68454.58,273818.32
4926,4926,99,3,10955.12,32865.36
4927,4927,248,3,55808.74,167426.22
4928,4928,135,1,32067.55,32067.55
4929,4929,139,3,22524.02,67572.06
4930,4930,49,1,10523.25,10523.25
4931,4931,203,5,52650.81,263254.05
4932,4932,107,3,44008.33,132024.99
4933,4933,42,1,35406.75,35406.75
4934,4934,232,4,18463.39,73853.56
4935,4935,215,5,16623.86,83119.3
4936,4936,189,1,58222.2,58222.2
4937,4937,164,1,40728.62,40728.62
4938,4938,221,3,41568.44,124705.32
4939,4939,50,1,38689.96,38689.96
4940,4940,35,4,12662.52,50650.08
4941,4941,6,3,642.86,1928.58
4942,4942,82,4,37506.05,150024.2
4943,4943,77,1,2172.62,2172.62
4944,4944,36,5,2797.54,13987.7
4945,4945,193,3,1860.99,5582.97
4946,4946,238,3,1908.64,5725.92
4947,4947,160,3,5722.02,17166.06
4948,4948,138,4,39621.63,158486.52
4949,4949,109,5,29367.34,146836.7
4950,4950,83,3,62547.04,187641.12
4951,4951,145,1,12802.99,12802.99
4952,4952,164,2,40728.62,81457.24
4953,4953,107,5,44008.33,220041.65
4954,4954,24,2,9618.22,19236.44
4955,4955,9,4,1896.99,7587.96
4956,4956,133,2,45678.86,91357.72
4957,4957,116,2,45582.6,91165.2
4958,4958,28,5,54176.7,270883.5
4959,4959,178,2,64556.87,129113.74
4960,4960,90,5,735.6,3678.0
4961,4961,236,3,12330.19,36990.57
4962,4962,28,2,54176.7,108353.4
4963,4963,189,2,58222.2,116444.4
4964,4964,196,3,50609.16,151827.48
4965,4965,84,5,18918.53,94592.65
4966,4966,184,2,25759.96,51519.92
4967,4967,52,2,11931.31,23862.62
4968,4968,208,3,41507.35,124522.05
4969,4969,178,5,64556.87,322784.35
4970,4970,15,2,27970.24,55940.48
4971,4971,74,3,20062.57,60187.71
4972,4972,82,4,37506.05,150024.2
4973,4973,20,1,20223.14,20223.14
4974,4974,197,4,30911.41,123645.64
4975,4975,46,4,32367.18,129468.72
4976,4976,70,2,66121.59,132243.18
4977,4977,86,1,21297.54,21297.54
4978,4978,234,3,56146.62,168439.86
4979,4979,153,2,1829.17,3658.34
4980,4980,132,4,55437.19,221748.76
4981,4981,52,2,11931.31,23862.62
4982,4982,127,1,60846.23,60846.23
4983,4983,40,2,10792.75,21585.5
4984,4984,26,4,57281.74,229126.96
4985,4985,66,1,6070.99,6070.99
4986,4986,34,5,55038.37,275191.85
4987,4987,191,1,35165.54,35165.54
4988,4988,12,4,29314.78,117259.12
4989,4989,1,4,10808.33,43233.32
4990,4990,100,2,55420.51,110841.02
4991,4991,213,3,46579.95,139739.85
4992,4992,71,2,49802.41,99604.82
4993,4993,54,3,3826.07,11478.21
4994,4994,175,4,66335.25,265341.0
4995,4995,1,2,10808.33,21616.66
4996,4996,167,4,32297.74,129190.96
4997,4997,249,2,30676.08,61352.16
4998,4998,63,3,28971.16,86913.48
4999,4999,102,3,28252.05,84756.15
5000,5000,19,4,46390.24,185560.96
5001,1469,152,5,11244.0,56220.0
5002,4058,10,2,50484.52,100969.04
5003,2710,39,1,57498.93,57498.93
5004,2950,185,1,5495.72,5495.72
5005,2204,174,2,56927.09,113854.18
5006,2876,219,1,32485.64,32485.64
5007,3890,34,2,55038.37,110076.74
5008,3124,237,5,27207.03,136035.15
5009,2998,12,3,29314.78,87944.34
5010,2556,138,3,39621.63,118864.89
5011,1389,100,1,55420.51,55420.51
5012,1161,211,2,50593.81,101187.62
5013,2735,74,4,20062.57,80250.28
5014,1260,225,2,60097.04,120194.08
5015,2102,10,3,50484.52,151453.56
5016,2951,206,2,6578.5,13157.0
5017,373,196,4,50609.16,202436.64
5018,630,247,1,1889.76,1889.76
5019,1849,157,1,10754.95,10754.95
5020,35,69,3,9102.07,27306.21
5021,4349,234,5,56146.62,280733.1
5022,1108,122,3,24480.91,73442.73
5023,1353,51,3,4745.62,14236.86
5024,422,130,4,17397.94,69591.76
5025,293,193,3,1860.99,5582.97
5026,3432,144,2,66090.78,132181.56
5027,1794,86,3,21297.54,63892.62
5028,2931,103,2,5533.32,11066.64
5029,4171,95,5,59509.32,297546.6
5030,4546,17,5,36691.73,183458.65
5031,1261,143,3,52558.49,157675.47
5032,1720,157,5,10754.95,53774.75
5033,3595,77,5,2172.62,10863.1
5034,3192,149,5,10425.94,52129.7
5035,347,12,3,29314.78,87944.34
5036,2946,126,2,64362.26,128724.52
5037,1659,233,5,59166.85,295834.25
5038,28,118,5,4934.91,24674.55
5039,1031,104,4,18898.17,75592.68
5040,8,148,3,45590.74,136772.22
5041,83,78,3,40599.73,121799.19
5042,3736,227,3,61598.02,184794.06
5043,215,27,4,51849.33,207397.32
5044,2578,4,3,54318.36,162955.08
5045,3379,174,4,56927.09,227708.36
5046,2843,201,3,29524.33,88572.99
5047,4226,153,5,1829.17,9145.85
5048,319,166,4,5840.36,23361.44
5049,2647,137,4,23377.61,93510.44
5050,4840,128,2,17503.4,35006.8
5051,1342,52,2,11931.31,23862.62
5052,2372,47,1,40909.49,40909.49
5053,2065,62,1,62257.94,62257.94
5054,502,103,2,5533.32,11066.64
5055,525,147,1,979.82,979.82
5056,305,212,4,14743.99,58975.96
5057,4618,121,1,12980.71,12980.71
5058,2018,98,2,45423.62,90847.24
5059,2785,152,1,11244.0,11244.0
5060,745,217,3,26516.35,79549.05
5061,1205,214,1,46708.94,46708.94
5062,1262,141,4,11433.67,45734.68
5063,892,35,2,12662.52,25325.04
5064,1772,41,5,29618.34,148091.7
5065,3369,174,1,56927.09,56927.09
5066,2209,1,2,10808.33,21616.66
5067,2356,239,3,8293.55,24880.65
5068,2441,35,2,12662.52,25325.04
5069,2141,189,5,58222.2,291111.0
5070,1280,44,3,34014.14,102042.42
5071,1965,6,2,642.86,1285.72
5072,1896,177,2,25646.36,51292.72
5073,457,4,1,54318.36,54318.36
5074,791,49,2,10523.25,21046.5
5075,3667,135,5,32067.55,160337.75
5076,1404,140,2,48596.53,97193.06
5077,2169,170,2,55187.3,110374.6
5078,2728,16,5,10378.88,51894.4
5079,4001,146,1,38757.35,38757.35
5080,1912,86,2,21297.54,42595.08
5081,1326,155,3,646.95,1940.85
5082,3119,30,4,10958.09,43832.36
5083,3366,48,5,64744.15,323720.75
5084,2300,229,5,40892.85,204464.25
5085,2252,105,4,26970.33,107881.32
5086,3079,74,1,20062.57,20062.57
5087,4403,193,5,1860.99,9304.95
5088,3722,118,5,4934.91,24674.55
5089,2973,56,4,37341.47,149365.88
5090,567,232,3,18463.39,55390.17
5091,29,142,2,24742.5,49485.0
5092,3,165,4,51492.2,205968.8
5093,326,153,1,1829.17,1829.17
5094,3213,63,2,28971.16,57942.32
5095,3087,15,2,27970.24,55940.48
5096,3975,243,2,131.11,262.22
5097,1000,185,3,5495.72,16487.16
5098,3466,121,2,12980.71,25961.42
5099,3453,18,4,44633.15,178532.6
5100,1621,110,2,7098.93,14197.86
5101,4815,38,3,547.71,1643.13
5102,2632,208,5,41507.35,207536.75
5103,4467,147,4,979.82,3919.28
5104,3691,222,4,8275.82,33103.28
5105,1602,140,2,48596.53,97193.06
5106,2464,50,5,38689.96,193449.8
5107,1280,17,3,36691.73,110075.19
5108,3541,43,5,29714.26,148571.3
5109,1311,43,2,29714.26,59428.52
5110,1316,243,5,131.11,655.55
5111,1828,51,5,4745.62,23728.1
5112,678,51,5,4745.62,23728.1
5113,2666,46,2,32367.18,64734.36
5114,1782,87,5,46894.5,234472.5
5115,229,99,2,10955.12,21910.24
5116,3976,175,1,66335.25,66335.25
5117,4759,221,3,41568.44,124705.32
5118,348,225,1,60097.04,60097.04
5119,2277,77,1,2172.62,2172.62
5120,1408,80,3,21690.71,65072.13
5121,1315,48,5,64744.15,323720.75
5122,1269,65,3,25140.63,75421.89
5123,3178,114,1,25781.07,25781.07
5124,4280,171,5,10281.14,51405.7
5125,1807,148,2,45590.74,91181.48
5126,2855,9,3,1896.99,5690.97
5127,3400,233,2,59166.85,118333.7
5128,1550,51,4,4745.62,18982.48
5129,2281,29,3,21169.41,63508.23
5130,1612,220,3,29590.01,88770.03
5131,4529,210,2,29960.64,59921.28
5132,1698,184,5,25759.96,128799.8
5133,3661,131,5,29903.35,149516.75
5134,2992,202,5,10640.66,53203.3
5135,653,188,5,51065.63,255328.15
5136,178,88,2,38006.23,76012.46
5137,265,149,3,10425.94,31277.82
5138,2788,144,4,66090.78,264363.12
5139,2961,147,3,979.82,2939.46
5140,485,131,2,29903.35,59806.7
5141,2830,208,4,41507.35,166029.4
5142,1058,58,2,45571.21,91142.42
5143,1566,4,1,54318.36,54318.36
5144,3949,2,5,2750.44,13752.2
5145,3452,224,1,53537.82,53537.82
5146,4568,112,5,58381.78,291908.9
5147,2487,129,3,9524.26,28572.78
5148,3227,175,4,66335.25,265341.0
5149,2336,120,3,36416.76,109250.28
5150,1378,191,5,35165.54,175827.7
5151,803,69,5,9102.07,45510.35
5152,2045,190,3,42783.57,128350.71
5153,3120,223,3,41409.35,124228.05
5154,339,143,4,52558.49,210233.96
5155,4681,35,2,12662.52,25325.04
5156,3753,217,1,26516.35,26516.35
5157,1415,86,2,21297.54,42595.08
5158,3023,206,3,6578.5,19735.5
5159,847,204,1,44102.83,44102.83
5160,509,229,3,40892.85,122678.55
5161,2909,190,4,42783.57,171134.28
5162,1458,168,3,18613.65,55840.95
5163,588,37,4,3858.64,15434.56
5164,3344,115,4,6132.98,24531.92
5165,4157,7,5,65009.38,325046.9
5166,2174,244,1,3395.09,3395.09
5167,2565,146,4,38757.35,155029.4
5168,2476,124,1,19205.78,19205.78
5169,2035,52,4,11931.31,47725.24
5170,2185,44,3,34014.14,102042.42
5171,2662,195,2,56252.99,112505.98
5172,1277,7,4,65009.38,260037.52
5173,2623,70,2,66121.59,132243.18
5174,1149,105,1,26970.33,26970.33
5175,2417,57,3,59016.95,177050.85
5176,481,179,2,51970.0,103940.0
5177,3920,19,3,46390.24,139170.72
5178,1224,228,3,66102.43,198307.29
5179,1558,204,1,44102.83,44102.83
5180,353,156,1,22854.19,22854.19
5181,2746,174,4,56927.09,227708.36
5182,4371,64,1,45985.44,45985.44
5183,2992,62,1,62257.94,62257.94
5184,1527,42,3,35406.75,106220.25
5185,1339,189,4,58222.2,232888.8
5186,2259,151,4,12383.09,49532.36
5187,2308,113,5,14029.76,70148.8
5188,3798,16,4,10378.88,41515.52
5189,3591,167,4,32297.74,129190.96
5190,2380,73,2,44385.63,88771.26
5191,4148,106,2,19251.91,38503.82
5192,304,120,1,36416.76,36416.76
5193,3770,135,1,32067.55,32067.55
5194,326,188,1,51065.63,51065.63
5195,301,28,2,54176.7,108353.4
5196,2412,215,3,16623.86,49871.58
5197,4291,198,1,11169.83,11169.83
5198,3047,101,5,47716.78,238583.9
5199,2436,242,2,14842.89,29685.78
5200,859,29,5,21169.41,105847.05
5201,3952,79,5,31796.72,158983.6
5202,162,7,3,65009.38,195028.14
5203,2099,150,1,25258.79,25258.79
5204,448,169,1,62923.23,62923.23
5205,3599,44,2,34014.14,68028.28
5206,585,188,3,51065.63,153196.89
5207,4670,45,1,61881.38,61881.38
5208,2321,146,5,38757.35,193786.75
5209,1704,5,4,16804.25,67217.0
5210,2369,15,3,27970.24,83910.72
5211,702,34,1,55038.37,55038.37
5212,484,118,1,4934.91,4934.91
5213,2249,176,2,35001.92,70003.84
5214,615,8,3,31794.75,95384.25
5215,3035,202,1,10640.66,10640.66
5216,1778,23,3,56494.42,169483.26
5217,4278,132,4,55437.19,221748.76
5218,4503,82,1,37506.05,37506.05
5219,3171,107,1,44008.33,44008.33
5220,3528,114,3,25781.07,77343.21
5221,949,69,1,9102.07,9102.07
5222,2170,134,2,50043.92,100087.84
5223,2831,240,1,48841.77,48841.77
5224,2721,104,1,18898.17,18898.17
5225,4644,90,1,735.6,735.6
5226,2178,185,2,5495.72,10991.44
5227,3751,122,1,24480.91,24480.91
5228,1279,17,3,36691.73,110075.19
5229,1887,139,4,22524.02,90096.08
5230,941,27,3,51849.33,155547.99
5231,1001,31,1,21599.36,21599.36
5232,3559,45,4,61881.38,247525.52
5233,789,66,2,6070.99,12141.98
5234,3030,158,2,64606.23,129212.46
5235,2157,29,1,21169.41,21169.41
5236,3219,27,4,51849.33,207397.32
5237,2668,3,3,1679.44,5038.32
5238,4088,48,3,64744.15,194232.45
5239,2849,56,1,37341.47,37341.47
5240,296,128,2,17503.4,35006.8
5241,4090,230,1,31745.27,31745.27
5242,1532,38,1,547.71,547.71
5243,3594,38,3,547.71,1643.13
5244,261,140,3,48596.53,145789.59
5245,2629,209,2,39850.3,79700.6
5246,2463,238,1,1908.64,1908.64
5247,4496,133,4,45678.86,182715.44
5248,283,190,5,42783.57,213917.85
5249,3511,173,5,50939.53,254697.65
5250,1052,82,2,37506.05,75012.1
5251,1924,105,1,26970.33,26970.33
5252,813,173,1,50939.53,50939.53
5253,4771,189,5,58222.2,291111.0
5254,4712,61,1,58995.31,58995.31
5255,4840,26,3,57281.74,171845.22
5256,483,7,5,65009.38,325046.9
5257,4138,30,2,10958.09,21916.18
5258,3701,242,1,14842.89,14842.89
5259,4811,35,2,12662.52,25325.04
5260,4230,134,4,50043.92,200175.68
5261,2506,188,1,51065.63,51065.63
5262,2748,182,5,53789.43,268947.15
5263,2105,160,2,5722.02,11444.04
5264,2916,68,2,43109.08,86218.16
5265,2441,182,3,53789.43,161368.29
5266,361,39,4,57498.93,229995.72
5267,3493,67,2,213.0,426.0
5268,3926,63,5,28971.16,144855.8
5269,3552,161,5,4529.81,22649.05
5270,3226,216,4,21395.53,85582.12
5271,2282,141,1,11433.67,11433.67
5272,681,10,3,50484.52,151453.56
5273,575,244,2,3395.09,6790.18
5274,4633,164,2,40728.62,81457.24
5275,3837,38,3,547.71,1643.13
5276,1549,5,4,16804.25,67217.0
5277,4037,121,4,12980.71,51922.84
5278,4233,60,4,49134.01,196536.04
5279,3732,118,5,4934.91,24674.55
5280,546,3,4,1679.44,6717.76
5281,25,131,2,29903.35,59806.7
5282,2060,246,1,17087.52,17087.52
5283,4124,157,2,10754.95,21509.9
5284,2937,22,2,42176.54,84353.08
5285,1565,191,1,35165.54,35165.54
5286,2912,117,5,13182.39,65911.95
5287,1462,15,5,27970.24,139851.2
5288,1477,172,2,53622.22,107244.44
5289,3542,99,1,10955.12,10955.12
5290,3174,165,2,51492.2,102984.4
5291,133,22,4,42176.54,168706.16
5292,1238,151,3,12383.09,37149.27
5293,960,174,2,56927.09,113854.18
5294,3125,165,4,51492.2,205968.8
5295,475,226,5,45400.81,227004.05
5296,3429,244,5,3395.09,16975.45
5297,3468,199,1,7626.21,7626.21
5298,717,218,1,28695.07,28695.07
5299,4544,70,1,66121.59,66121.59
5300,1961,160,1,5722.02,5722.02
5301,4653,47,4,40909.49,163637.96
5302,3204,230,4,31745.27,126981.08
5303,1773,194,4,33793.71,135174.84
5304,170,199,5,7626.21,38131.05
5305,3420,59,2,43410.48,86820.96
5306,1791,209,5,39850.3,199251.5
5307,4879,166,3,5840.36,17521.08
5308,361,101,4,47716.78,190867.12
5309,3313,165,4,51492.2,205968.8
5310,3508,3,3,1679.44,5038.32
5311,2902,6,5,642.86,3214.3
5312,218,167,1,32297.74,32297.74
5313,2784,213,1,46579.95,46579.95
5314,4985,14,5,4181.19,20905.95
5315,1787,12,4,29314.78,117259.12
5316,1531,93,1,46909.04,46909.04
5317,4838,195,5,56252.99,281264.95
5318,293,90,3,735.6,2206.8
5319,3532,238,3,1908.64,5725.92
5320,2553,205,1,44040.82,44040.82
5321,4793,147,3,979.82,2939.46
5322,554,217,2,26516.35,53032.7
5323,2141,55,4,57983.9,231935.6
5324,540,101,1,47716.78,47716.78
5325,3046,4,2,54318.36,108636.72
5326,4885,163,5,28241.72,141208.6
5327,4998,248,1,55808.74,55808.74
5328,3607,103,1,5533.32,5533.32
5329,4762,31,5,21599.36,107996.8
5330,898,190,3,42783.57,128350.71
5331,3384,127,5,60846.23,304231.15
5332,2159,157,1,10754.95,10754.95
5333,1942,35,1,12662.52,12662.52
5334,3686,114,3,25781.07,77343.21
5335,4617,214,1,46708.94,46708.94
5336,975,197,4,30911.41,123645.64
5337,3568,113,3,14029.76,42089.28
5338,3043,6,1,642.86,642.86
5339,2287,49,4,10523.25,42093.0
5340,2778,165,2,51492.2,102984.4
5341,862,86,4,21297.54,85190.16
5342,2904,166,2,5840.36,11680.72
5343,1453,159,3,2783.41,8350.23
5344,430,184,5,25759.96,128799.8
5345,2030,211,5,50593.81,252969.05
5346,3225,10,2,50484.52,100969.04
5347,4778,16,2,10378.88,20757.76
5348,3478,127,3,60846.23,182538.69
5349,4549,110,4,7098.93,28395.72
5350,2950,226,4,45400.81,181603.24
5351,3867,244,3,3395.09,10185.27
5352,1667,198,3,11169.83,33509.49
5353,615,228,3,66102.43,198307.29
5354,2035,67,4,213.0,852.0
5355,2331,52,5,11931.31,59656.55
5356,1120,128,1,17503.4,17503.4
5357,4245,27,2,51849.33,103698.66
5358,465,118,5,4934.91,24674.55
5359,367,196,1,50609.16,50609.16
5360,1700,127,5,60846.23,304231.15
5361,730,220,1,29590.01,29590.01
5362,948,1,2,10808.33,21616.66
5363,1174,206,1,6578.5,6578.5
5364,4119,39,2,57498.93,114997.86
5365,2107,233,1,59166.85,59166.85
5366,3318,3,5,1679.44,8397.2
5367,202,148,4,45590.74,182362.96
5368,2847,126,5,64362.26,321811.3
5369,4381,207,3,68454.58,205363.74
5370,933,227,4,61598.02,246392.08
5371,3266,22,5,42176.54,210882.7
5372,152,128,4,17503.4,70013.6
5373,2136,80,3,21690.71,65072.13
5374,4909,13,3,53776.88,161330.64
5375,1830,201,5,29524.33,147621.65
5376,2367,191,4,35165.54,140662.16
5377,614,112,2,58381.78,116763.56
5378,1026,177,2,25646.36,51292.72
5379,3820,177,4,25646.36,102585.44
5380,1084,111,1,12779.39,12779.39
5381,153,88,3,38006.23,114018.69
5382,309,44,4,34014.14,136056.56
5383,159,191,2,35165.54,70331.08
5384,4287,167,3,32297.74,96893.22
5385,3378,92,3,59038.83,177116.49
5386,4791,37,1,3858.64,3858.64
5387,4346,151,3,12383.09,37149.27
5388,3139,139,5,22524.02,112620.1
5389,3283,232,3,18463.39,55390.17
5390,4720,230,2,31745.27,63490.54
5391,1573,172,5,53622.22,268111.1
5392,3685,71,3,49802.41,149407.23
5393,1559,225,5,60097.04,300485.2
5394,520,137,1,23377.61,23377.61
5395,1444,60,5,49134.01,245670.05
5396,2409,143,4,52558.49,210233.96
5397,3364,22,3,42176.54,126529.62
5398,2488,66,2,6070.99,12141.98
5399,1840,172,4,53622.22,214488.88
5400,1900,97,1,68459.59,68459.59
5401,508,132,3,55437.19,166311.57
5402,3592,87,2,46894.5,93789.0
5403,3833,155,3,646.95,1940.85
5404,3628,101,2,47716.78,95433.56
5405,858,136,2,21659.92,43319.84
5406,2089,47,5,40909.49,204547.45
5407,132,4,2,54318.36,108636.72
5408,2339,239,5,8293.55,41467.75
5409,1360,165,4,51492.2,205968.8
5410,4401,240,3,48841.77,146525.31
5411,1287,217,2,26516.35,53032.7
5412,2420,103,1,5533.32,5533.32
5413,2600,18,2,44633.15,89266.3
5414,913,194,4,33793.71,135174.84
5415,4030,104,1,18898.17,18898.17
5416,4285,239,5,8293.55,41467.75
5417,3350,12,1,29314.78,29314.78
5418,162,97,4,68459.59,273838.36
5419,2600,130,5,17397.94,86989.7
5420,3652,129,2,9524.26,19048.52
5421,2544,34,3,55038.37,165115.11
5422,3454,93,5,46909.04,234545.2
5423,1072,194,5,33793.71,168968.55
5424,1791,143,3,52558.49,157675.47
5425,2053,180,1,22916.64,22916.64
5426,2463,185,3,5495.72,16487.16
5427,2759,5,2,16804.25,33608.5
5428,4705,141,4,11433.67,45734.68
5429,1587,135,2,32067.55,64135.1
5430,2079,97,4,68459.59,273838.36
5431,4938,194,1,33793.71,33793.71
5432,4286,31,3,21599.36,64798.08
5433,2411,156,5,22854.19,114270.95
5434,3206,12,2,29314.78,58629.56
5435,4957,183,4,12734.47,50937.88
5436,2710,58,2,45571.21,91142.42
5437,4554,182,2,53789.43,107578.86
5438,629,89,2,35164.04,70328.08
5439,182,123,1,32240.11,32240.11
5440,3820,229,5,40892.85,204464.25
5441,856,159,1,2783.41,2783.41
5442,2388,181,5,30941.3,154706.5
5443,4065,133,4,45678.86,182715.44
5444,188,20,3,20223.14,60669.42
5445,509,132,2,55437.19,110874.38
5446,1956,239,3,8293.55,24880.65
5447,2612,19,2,46390.24,92780.48
5448,4966,136,2,21659.92,43319.84
5449,4939,166,3,5840.36,17521.08
5450,2844,70,1,66121.59,66121.59
5451,4162,54,2,3826.07,7652.14
5452,4065,144,5,66090.78,330453.9
5453,886,78,4,40599.73,162398.92
5454,2520,38,3,547.71,1643.13
5455,194,118,3,4934.91,14804.73
5456,1822,135,2,32067.55,64135.1
5457,376,211,2,50593.81,101187.62
5458,4873,92,1,59038.83,59038.83
5459,455,114,5,25781.07,128905.35
5460,3505,115,4,6132.98,24531.92
5461,2728,86,1,21297.54,21297.54
5462,284,199,3,7626.21,22878.63
5463,1558,249,3,30676.08,92028.24
5464,3967,204,4,44102.83,176411.32
5465,489,167,2,32297.74,64595.48
5466,3216,220,4,29590.01,118360.04
5467,1712,56,4,37341.47,149365.88
5468,557,69,2,9102.07,18204.14
5469,2075,121,3,12980.71,38942.13
5470,693,92,1,59038.83,59038.83
5471,3560,189,2,58222.2,116444.4
5472,1228,158,3,64606.23,193818.69
5473,3578,107,1,44008.33,44008.33
5474,2255,131,2,29903.35,59806.7
5475,2167,168,2,18613.65,37227.3
5476,3413,78,5,40599.73,202998.65
5477,2802,20,4,20223.14,80892.56
5478,4322,42,4,35406.75,141627.0
5479,2963,191,4,35165.54,140662.16
5480,3884,52,1,11931.31,11931.31
5481,3169,18,3,44633.15,133899.45
5482,3204,8,1,31794.75,31794.75
5483,4036,172,3,53622.22,160866.66
5484,705,153,4,1829.17,7316.68
5485,2512,7,1,65009.38,65009.38
5486,504,212,5,14743.99,73719.95
5487,1271,84,4,18918.53,75674.12
5488,4185,203,2,52650.81,105301.62
5489,2704,238,5,1908.64,9543.2
5490,3495,213,2,46579.95,93159.9
5491,3655,134,2,50043.92,100087.84
5492,4562,122,4,24480.91,97923.64
5493,3921,98,3,45423.62,136270.86
5494,2136,1,2,10808.33,21616.66
5495,1839,77,4,2172.62,8690.48
5496,995,73,3,44385.63,133156.89
5497,938,227,2,61598.02,123196.04
5498,3701,70,1,66121.59,66121.59
5499,1047,137,2,23377.61,46755.22
5500,3426,210,3,29960.64,89881.92
5501,3536,247,3,1889.76,5669.28
5502,1482,146,2,38757.35,77514.7
5503,3084,123,3,32240.11,96720.33
5504,3183,46,4,32367.18,129468.72
5505,3030,195,3,56252.99,168758.97
5506,2794,173,3,50939.53,152818.59
5507,114,60,3,49134.01,147402.03
5508,4786,163,5,28241.72,141208.6
5509,4690,64,5,45985.44,229927.2
5510,3678,93,5,46909.04,234545.2
5511,2933,85,2,6828.31,13656.62
5512,3272,169,3,62923.23,188769.69
5513,1389,47,1,40909.49,40909.49
5514,4739,68,4,43109.08,172436.32
5515,276,85,3,6828.31,20484.93
5516,2130,127,4,60846.23,243384.92
5517,2934,130,2,17397.94,34795.88
5518,5000,170,1,55187.3,55187.3
5519,558,242,5,14842.89,74214.45
5520,3838,99,5,10955.12,54775.6
5521,1347,214,4,46708.94,186835.76
5522,512,70,2,66121.59,132243.18
5523,4190,139,3,22524.02,67572.06
5524,1203,222,5,8275.82,41379.1
5525,3693,17,3,36691.73,110075.19
5526,4242,60,3,49134.01,147402.03
5527,2184,58,1,45571.21,45571.21
5528,1077,211,5,50593.81,252969.05
5529,3819,231,2,63124.22,126248.44
5530,4499,82,3,37506.05,112518.15
5531,2215,224,2,53537.82,107075.64
5532,2297,16,2,10378.88,20757.76
5533,2127,210,5,29960.64,149803.2
5534,61,78,4,40599.73,162398.92
5535,4224,135,4,32067.55,128270.2
5536,4571,163,5,28241.72,141208.6
5537,384,139,4,22524.02,90096.08
5538,3282,52,3,11931.31,35793.93
5539,1427,125,2,42471.61,84943.22
5540,2518,113,4,14029.76,56119.04
5541,849,29,3,21169.41,63508.23
5542,3649,141,4,11433.67,45734.68
5543,1586,123,5,32240.11,161200.55
5544,697,88,4,38006.23,152024.92
5545,1005,215,4,16623.86,66495.44
5546,1285,17,4,36691.73,146766.92
5547,1734,97,4,68459.59,273838.36
5548,703,61,5,58995.31,294976.55
5549,4058,51,1,4745.62,4745.62
5550,2391,6,2,642.86,1285.72
5551,618,146,1,38757.35,38757.35
5552,3259,109,4,29367.34,117469.36
5553,986,109,2,29367.34,58734.68
5554,2546,192,4,15107.45,60429.8
5555,4470,134,5,50043.92,250219.6
5556,3536,123,4,32240.11,128960.44
5557,1412,240,1,48841.77,48841.77
5558,4115,36,2,2797.54,5595.08
5559,2557,119,5,33444.49,167222.45
5560,1486,33,3,1350.02,4050.06
5561,4048,104,5,18898.17,94490.85
5562,3471,113,1,14029.76,14029.76
5563,3735,27,4,51849.33,207397.32
5564,3631,24,3,9618.22,28854.66
5565,4251,171,5,10281.14,51405.7
5566,2944,118,5,4934.91,24674.55
5567,1155,86,4,21297.54,85190.16
5568,4398,95,2,59509.32,119018.64
5569,1576,245,3,7411.87,22235.61
5570,1240,153,5,1829.17,9145.85
5571,452,7,5,65009.38,325046.9
5572,1550,75,1,42394.12,42394.12
5573,1825,199,4,7626.21,30504.84
5574,1960,65,3,25140.63,75421.89
5575,2207,33,3,1350.02,4050.06
5576,3919,214,1,46708.94,46708.94
5577,537,89,3,35164.04,105492.12
5578,4243,48,2,64744.15,129488.3
5579,543,143,1,52558.49,52558.49
5580,4635,86,1,21297.54,21297.54
5581,3643,24,5,9618.22,48091.1
5582,16,116,1,45582.6,45582.6
5583,3562,117,4,13182.39,52729.56
5584,3502,250,5,60076.97,300384.85
5585,1618,212,1,14743.99,14743.99
5586,1717,25,4,22922.96,91691.84
5587,2440,81,2,30957.28,61914.56
5588,4535,51,2,4745.62,9491.24
5589,3279,228,3,66102.43,198307.29
5590,1322,90,3,735.6,2206.8
5591,67,219,2,32485.64,64971.28
5592,2956,63,2,28971.16,57942.32
5593,1433,209,1,39850.3,39850.3
5594,271,26,2,57281.74,114563.48
5595,2764,243,3,131.11,393.33
5596,3306,116,3,45582.6,136747.8
5597,4881,18,3,44633.15,133899.45
5598,4746,151,5,12383.09,61915.45
5599,2935,218,5,28695.07,143475.35
5600,3679,121,1,12980.71,12980.71
5601,1905,25,4,22922.96,91691.84
5602,16,93,4,46909.04,187636.16
5603,4366,169,2,62923.23,125846.46
5604,3029,142,2,24742.5,49485.0
5605,1529,11,1,38403.76,38403.76
5606,2178,206,2,6578.5,13157.0
5607,2702,79,3,31796.72,95390.16
5608,3182,206,2,6578.5,13157.0
5609,3245,224,4,53537.82,214151.28
5610,4181,132,2,55437.19,110874.38
5611,3580,129,4,9524.26,38097.04
5612,1928,108,3,7901.41,23704.23
5613,2556,185,3,5495.72,16487.16
5614,4748,130,1,17397.94,17397.94
5615,249,170,4,55187.3,220749.2
5616,1590,193,2,1860.99,3721.98
5617,3380,221,4,41568.44,166273.76
5618,1581,145,2,12802.99,25605.98
5619,223,97,1,68459.59,68459.59
5620,2251,36,5,2797.54,13987.7
5621,2413,38,5,547.71,2738.55
5622,4996,222,2,8275.82,16551.64
5623,1433,69,4,9102.07,36408.28
5624,2152,245,2,7411.87,14823.74
5625,2796,13,4,53776.88,215107.52
5626,4933,170,4,55187.3,220749.2
5627,4436,231,2,63124.22,126248.44
5628,490,148,5,45590.74,227953.7
5629,1697,129,4,9524.26,38097.04
5630,1101,224,1,53537.82,53537.82
5631,774,36,1,2797.54,2797.54
5632,1766,131,2,29903.35,59806.7
5633,4851,158,5,64606.23,323031.15
5634,1573,151,5,12383.09,61915.45
5635,336,27,3,51849.33,155547.99
5636,22,200,3,17145.0,51435.0
5637,2863,241,3,29741.02,89223.06
5638,4015,110,1,7098.93,7098.93
5639,3561,144,1,66090.78,66090.78
5640,3181,132,1,55437.19,55437.19
5641,1946,10,3,50484.52,151453.56
5642,253,2,3,2750.44,8251.32
5643,2213,223,4,41409.35,165637.4
5644,4267,5,1,16804.25,16804.25
5645,1644,31,3,21599.36,64798.08
5646,1731,235,2,35669.98,71339.96
5647,3411,1,3,10808.33,32424.99
5648,4044,68,2,43109.08,86218.16
5649,1522,27,1,51849.33,51849.33
5650,981,233,3,59166.85,177500.55
5651,2180,148,3,45590.74,136772.22
5652,1066,148,1,45590.74,45590.74
5653,3883,153,1,1829.17,1829.17
5654,4886,98,5,45423.62,227118.1
5655,387,155,1,646.95,646.95
5656,1925,98,3,45423.62,136270.86
5657,539,126,4,64362.26,257449.04
5658,2597,245,5,7411.87,37059.35
5659,1056,5,3,16804.25,50412.75
5660,4702,78,5,40599.73,202998.65
5661,1672,202,4,10640.66,42562.64
5662,206,231,5,63124.22,315621.1
5663,224,228,1,66102.43,66102.43
5664,3446,212,5,14743.99,73719.95
5665,112,28,1,54176.7,54176.7
5666,2788,229,2,40892.85,81785.7
5667,3411,5,5,16804.25,84021.25
5668,3154,75,2,42394.12,84788.24
5669,4985,77,3,2172.62,6517.86
5670,1603,168,3,18613.65,55840.95
5671,4979,127,2,60846.23,121692.46
5672,1034,16,1,10378.88,10378.88
5673,4780,106,1,19251.91,19251.91
5674,955,96,2,5276.47,10552.94
5675,2743,52,1,11931.31,11931.31
5676,2940,57,2,59016.95,118033.9
5677,2818,248,4,55808.74,223234.96
5678,1416,238,3,1908.64,5725.92
5679,4593,140,5,48596.53,242982.65
5680,4420,5,3,16804.25,50412.75
5681,4882,127,1,60846.23,60846.23
5682,2169,106,3,19251.91,57755.73
5683,4517,227,3,61598.02,184794.06
5684,2644,92,1,59038.83,59038.83
5685,3314,146,2,38757.35,77514.7
5686,1336,184,3,25759.96,77279.88
5687,259,216,3,21395.53,64186.59
5688,3691,194,3,33793.71,101381.13
5689,818,21,5,7177.36,35886.8
5690,1679,95,2,59509.32,119018.64
5691,4644,26,1,57281.74,57281.74
5692,1921,132,5,55437.19,277185.95
5693,603,178,4,64556.87,258227.48
5694,3280,128,4,17503.4,70013.6
5695,218,160,3,5722.02,17166.06
5696,1272,19,5,46390.24,231951.2
5697,2722,174,5,56927.09,284635.45
5698,3103,136,1,21659.92,21659.92
5699,2140,178,2,64556.87,129113.74
5700,4966,67,2,213.0,426.0
5701,268,203,5,52650.81,263254.05
5702,4351,151,2,12383.09,24766.18
5703,2676,199,5,7626.21,38131.05
5704,2658,124,5,19205.78,96028.9
5705,1638,156,5,22854.19,114270.95
5706,370,50,4,38689.96,154759.84
5707,195,55,4,57983.9,231935.6
5708,3863,53,1,13502.43,13502.43
5709,1257,14,3,4181.19,12543.57
5710,4521,203,5,52650.81,263254.05
5711,3355,146,3,38757.35,116272.05
5712,4255,91,2,31454.59,62909.18
5713,505,117,3,13182.39,39547.17
5714,4264,118,5,4934.91,24674.55
5715,637,206,2,6578.5,13157.0
5716,2100,250,1,60076.97,60076.97
5717,4854,90,1,735.6,735.6
5718,2243,4,3,54318.36,162955.08
5719,470,191,1,35165.54,35165.54
5720,4535,26,2,57281.74,114563.48
5721,3165,20,4,20223.14,80892.56
5722,275,1,1,10808.33,10808.33
5723,2263,132,3,55437.19,166311.57
5724,2494,187,1,49126.18,49126.18
5725,1576,171,3,10281.14,30843.42
5726,4148,237,1,27207.03,27207.03
5727,69,224,5,53537.82,267689.1
5728,2330,174,3,56927.09,170781.27
5729,1356,82,3,37506.05,112518.15
5730,2040,180,5,22916.64,114583.2
5731,3156,38,3,547.71,1643.13
5732,2959,111,1,12779.39,12779.39
5733,2225,69,1,9102.07,9102.07
5734,1273,170,5,55187.3,275936.5
5735,4441,115,1,6132.98,6132.98
5736,514,234,1,56146.62,56146.62
5737,1563,170,2,55187.3,110374.6
5738,993,86,2,21297.54,42595.08
5739,4824,66,1,6070.99,6070.99
5740,4066,207,4,68454.58,273818.32
5741,898,29,1,21169.41,21169.41
5742,2523,132,2,55437.19,110874.38
5743,1291,65,1,25140.63,25140.63
5744,4907,104,3,18898.17,56694.51
5745,1111,239,4,8293.55,33174.2
5746,626,34,1,55038.37,55038.37
5747,3179,210,4,29960.64,119842.56
5748,4617,77,5,2172.62,10863.1
5749,722,235,1,35669.98,35669.98
5750,16,20,1,20223.14,20223.14
5751,1350,182,2,53789.43,107578.86
5752,1797,179,1,51970.0,51970.0
5753,1005,108,4,7901.41,31605.64
5754,4749,212,4,14743.99,58975.96
5755,2763,95,4,59509.32,238037.28
5756,3807,232,2,18463.39,36926.78
5757,1530,57,5,59016.95,295084.75
5758,1575,100,5,55420.51,277102.55
5759,2519,26,3,57281.74,171845.22
5760,1974,79,3,31796.72,95390.16
5761,3221,229,2,40892.85,81785.7
5762,1436,206,5,6578.5,32892.5
5763,186,192,4,15107.45,60429.8
5764,2162,170,5,55187.3,275936.5
5765,457,81,2,30957.28,61914.56
5766,4198,173,5,50939.53,254697.65
5767,112,88,5,38006.23,190031.15
5768,3009,2,5,2750.44,13752.2
5769,2215,42,5,35406.75,177033.75
5770,563,112,5,58381.78,291908.9
5771,1896,102,2,28252.05,56504.1
5772,2715,244,4,3395.09,13580.36
5773,4030,46,1,32367.18,32367.18
5774,216,180,5,22916.64,114583.2
5775,4018,48,4,64744.15,258976.6
5776,2349,245,1,7411.87,7411.87
5777,413,214,3,46708.94,140126.82
5778,4776,21,3,7177.36,21532.08
5779,3773,232,5,18463.39,92316.95
5780,4170,192,1,15107.45,15107.45
5781,3057,87,3,46894.5,140683.5
5782,747,142,3,24742.5,74227.5
5783,4858,92,3,59038.83,177116.49
5784,1372,160,4,5722.02,22888.08
5785,2098,64,3,45985.44,137956.32
5786,1152,36,1,2797.54,2797.54
5787,3965,51,2,4745.62,9491.24
5788,4520,79,2,31796.72,63593.44
5789,2167,199,5,7626.21,38131.05
5790,3929,238,2,1908.64,3817.28
5791,4641,137,1,23377.61,23377.61
5792,1328,6,2,642.86,1285.72
5793,624,165,4,51492.2,205968.8
5794,1412,99,3,10955.12,32865.36
5795,872,168,2,18613.65,37227.3
5796,2153,38,1,547.71,547.71
5797,2559,161,3,4529.81,13589.43
5798,4020,133,1,45678.86,45678.86
5799,2001,28,3,54176.7,162530.1
5800,2973,246,4,17087.52,68350.08
5801,1124,185,3,5495.72,16487.16
5802,1861,16,2,10378.88,20757.76
5803,496,227,2,61598.02,123196.04
5804,2299,218,1,28695.07,28695.07
5805,1800,5,1,16804.25,16804.25
5806,947,29,2,21169.41,42338.82
5807,540,73,4,44385.63,177542.52
5808,2477,214,3,46708.94,140126.82
5809,1515,22,3,42176.54,126529.62
5810,2035,120,4,36416.76,145667.04
5811,4114,174,1,56927.09,56927.09
5812,3042,86,5,21297.54,106487.7
5813,1132,190,2,42783.57,85567.14
5814,3920,248,4,55808.74,223234.96
5815,193,242,2,14842.89,29685.78
5816,3502,14,3,4181.19,12543.57
5817,4616,120,4,36416.76,145667.04
5818,3876,157,5,10754.95,53774.75
5819,4245,240,4,48841.77,195367.08
5820,1506,90,4,735.6,2942.4
5821,4847,112,3,58381.78,175145.34
5822,638,17,2,36691.73,73383.46
5823,2849,4,4,54318.36,217273.44
5824,3560,202,3,10640.66,31921.98
5825,3116,116,2,45582.6,91165.2
5826,3664,181,4,30941.3,123765.2
5827,1557,56,5,37341.47,186707.35
5828,3366,130,1,17397.94,17397.94
5829,329,114,1,25781.07,25781.07
5830,869,158,3,64606.23,193818.69
5831,4089,81,1,30957.28,30957.28
5832,2918,163,2,28241.72,56483.44
5833,1050,12,1,29314.78,29314.78
5834,542,37,4,3858.64,15434.56
5835,68,188,3,51065.63,153196.89
5836,1167,33,3,1350.02,4050.06
5837,4669,186,2,43925.21,87850.42
5838,1929,167,2,32297.74,64595.48
5839,1723,196,5,50609.16,253045.8
5840,703,207,3,68454.58,205363.74
5841,1903,55,1,57983.9,57983.9
5842,3329,230,1,31745.27,31745.27
5843,3534,104,5,18898.17,94490.85
5844,3864,79,3,31796.72,95390.16
5845,3386,150,4,25258.79,101035.16
5846,325,125,1,42471.61,42471.61
5847,918,155,5,646.95,3234.75
5848,4752,85,1,6828.31,6828.31
5849,901,31,3,21599.36,64798.08
5850,4048,140,4,48596.53,194386.12
5851,1052,62,5,62257.94,311289.7
5852,492,234,2,56146.62,112293.24
5853,4053,31,3,21599.36,64798.08
5854,3023,240,5,48841.77,244208.85
5855,3283,3,2,1679.44,3358.88
5856,3296,78,2,40599.73,81199.46
5857,1723,104,2,18898.17,37796.34
5858,2477,87,5,46894.5,234472.5
5859,4406,185,3,5495.72,16487.16
5860,3083,190,5,42783.57,213917.85
5861,1692,115,1,6132.98,6132.98
5862,2304,119,5,33444.49,167222.45
5863,4071,89,1,35164.04,35164.04
5864,4253,172,1,53622.22,53622.22
5865,2925,166,4,5840.36,23361.44
5866,537,18,4,44633.15,178532.6
5867,4331,67,3,213.0,639.0
5868,2287,13,1,53776.88,53776.88
5869,1280,188,4,51065.63,204262.52
5870,2134,199,5,7626.21,38131.05
5871,4935,66,2,6070.99,12141.98
5872,2263,79,2,31796.72,63593.44
5873,3618,156,2,22854.19,45708.38
5874,3327,100,4,55420.51,221682.04
5875,428,74,3,20062.57,60187.71
5876,4414,194,4,33793.71,135174.84
5877,3757,30,1,10958.09,10958.09
5878,4412,135,1,32067.55,32067.55
5879,3336,18,5,44633.15,223165.75
5880,1383,190,4,42783.57,171134.28
5881,3609,166,2,5840.36,11680.72
5882,2424,211,4,50593.81,202375.24
5883,3799,74,5,20062.57,100312.85
5884,3422,113,5,14029.76,70148.8
5885,2390,96,2,5276.47,10552.94
5886,3792,230,2,31745.27,63490.54
5887,1986,165,1,51492.2,51492.2
5888,4232,213,5,46579.95,232899.75
5889,857,82,4,37506.05,150024.2
5890,4060,84,3,18918.53,56755.59
5891,991,210,2,29960.64,59921.28
5892,2746,71,3,49802.41,149407.23
5893,2815,170,4,55187.3,220749.2
5894,4893,117,1,13182.39,13182.39
5895,3771,154,1,56227.97,56227.97
5896,3901,229,4,40892.85,163571.4
5897,453,214,3,46708.94,140126.82
5898,3058,87,2,46894.5,93789.0
5899,220,6,1,642.86,642.86
5900,3973,51,1,4745.62,4745.62
5901,2148,27,2,51849.33,103698.66
5902,3857,45,3,61881.38,185644.14
5903,4815,45,1,61881.38,61881.38
5904,1503,148,5,45590.74,227953.7
5905,2928,98,4,45423.62,181694.48
5906,1042,67,1,213.0,213.0
5907,3005,94,3,28901.65,86704.95
5908,1332,84,1,18918.53,18918.53
5909,4081,121,3,12980.71,38942.13
5910,4357,91,4,31454.59,125818.36
5911,2628,40,4,10792.75,43171.0
5912,2524,234,2,56146.62,112293.24
5913,2210,56,4,37341.47,149365.88
5914,2522,40,5,10792.75,53963.75
5915,1108,201,2,29524.33,59048.66
5916,194,48,2,64744.15,129488.3
5917,421,71,1,49802.41,49802.41
5918,29,108,3,7901.41,23704.23
5919,4677,104,1,18898.17,18898.17
5920,3749,42,4,35406.75,141627.0
5921,2790,41,1,29618.34,29618.34
5922,876,186,3,43925.21,131775.63
5923,4207,119,4,33444.49,133777.96
5924,386,160,4,5722.02,22888.08
5925,3698,244,2,3395.09,6790.18
5926,3598,44,3,34014.14,102042.42
5927,275,15,5,27970.24,139851.2
5928,1955,42,1,35406.75,35406.75
5929,4694,88,4,38006.23,152024.92
5930,1599,203,2,52650.81,105301.62
5931,486,96,1,5276.47,5276.47
5932,3461,187,3,49126.18,147378.54
5933,342,102,5,28252.05,141260.25
5934,3181,234,1,56146.62,56146.62
5935,2751,235,5,35669.98,178349.9
5936,4259,65,3,25140.63,75421.89
5937,2878,33,2,1350.02,2700.04
5938,3252,65,5,25140.63,125703.15
5939,2166,19,1,46390.24,46390.24
5940,224,205,1,44040.82,44040.82
5941,1398,9,5,1896.99,9484.95
5942,4668,97,4,68459.59,273838.36
5943,3309,192,1,15107.45,15107.45
5944,2437,15,4,27970.24,111880.96
5945,1178,63,2,28971.16,57942.32
5946,792,215,3,16623.86,49871.58
5947,982,179,4,51970.0,207880.0
5948,2581,32,5,21295.25,106476.25
5949,3083,122,5,24480.91,122404.55
5950,1465,228,5,66102.43,330512.15
5951,3341,8,3,31794.75,95384.25
5952,4285,111,3,12779.39,38338.17
5953,1920,21,3,7177.36,21532.08
5954,1736,70,2,66121.59,132243.18
5955,1471,9,4,1896.99,7587.96
5956,383,231,3,63124.22,189372.66
5957,1778,21,1,7177.36,7177.36
5958,3731,118,2,4934.91,9869.82
5959,1360,37,5,3858.64,19293.2
5960,3824,65,5,25140.63,125703.15
5961,4895,223,3,41409.35,124228.05
5962,4151,146,2,38757.35,77514.7
5963,3279,125,3,42471.61,127414.83
5964,1347,139,4,22524.02,90096.08
5965,271,22,4,42176.54,168706.16
5966,3211,227,4,61598.02,246392.08
5967,4341,116,2,45582.6,91165.2
5968,4118,196,5,50609.16,253045.8
5969,470,31,1,21599.36,21599.36
5970,523,207,2,68454.58,136909.16
5971,272,168,3,18613.65,55840.95
5972,1411,176,5,35001.92,175009.6
5973,1233,242,2,14842.89,29685.78
5974,4339,57,3,59016.95,177050.85
5975,1347,38,2,547.71,1095.42
5976,3814,127,3,60846.23,182538.69
5977,363,70,3,66121.59,198364.77
5978,4295,206,1,6578.5,6578.5
5979,1984,162,2,64005.28,128010.56
5980,2163,72,5,54286.43,271432.15
5981,4993,103,5,5533.32,27666.6
5982,2051,105,1,26970.33,26970.33
5983,2284,217,1,26516.35,26516.35
5984,1388,108,1,7901.41,7901.41
5985,3245,186,3,43925.21,131775.63
5986,2662,162,3,64005.28,192015.84
5987,1064,120,5,36416.76,182083.8
5988,2029,51,5,4745.62,23728.1
5989,4677,121,1,12980.71,12980.71
5990,1084,31,3,21599.36,64798.08
5991,3121,20,4,20223.14,80892.56
5992,286,80,4,21690.71,86762.84
5993,3114,19,1,46390.24,46390.24
5994,1220,248,5,55808.74,279043.7
5995,3501,170,3,55187.3,165561.9
5996,2159,76,1,22632.82,22632.82
5997,4809,192,1,15107.45,15107.45
5998,2173,51,4,4745.62,18982.48
5999,3809,222,1,8275.82,8275.82
6000,1368,159,4,2783.41,11133.64
6001,3756,237,1,27207.03,27207.03
6002,2705,3,2,1679.44,3358.88
6003,2633,106,2,19251.91,38503.82
6004,1947,244,4,3395.09,13580.36
6005,1531,193,3,1860.99,5582.97
6006,3253,171,3,10281.14,30843.42
6007,2667,207,4,68454.58,273818.32
6008,79,76,5,22632.82,113164.1
6009,2927,224,1,53537.82,53537.82
6010,697,150,5,25258.79,126293.95
6011,257,234,4,56146.62,224586.48
6012,2624,193,4,1860.99,7443.96
6013,1928,46,2,32367.18,64734.36
6014,3312,125,5,42471.61,212358.05
6015,584,195,1,56252.99,56252.99
6016,631,209,4,39850.3,159401.2
6017,4168,87,1,46894.5,46894.5
6018,1473,89,5,35164.04,175820.2
6019,1404,175,4,66335.25,265341.0
6020,1463,204,5,44102.83,220514.15
6021,633,104,5,18898.17,94490.85
6022,2386,242,2,14842.89,29685.78
6023,1195,34,5,55038.37,275191.85
6024,1164,237,3,27207.03,81621.09
6025,2022,140,3,48596.53,145789.59
6026,580,142,4,24742.5,98970.0
6027,2707,203,4,52650.81,210603.24
6028,3198,23,4,56494.42,225977.68
6029,3320,96,4,5276.47,21105.88
6030,1326,41,3,29618.34,88855.02
6031,2983,216,5,21395.53,106977.65
6032,4264,221,2,41568.44,83136.88
6033,3572,111,1,12779.39,12779.39
6034,4094,150,5,25258.79,126293.95
6035,1772,61,3,58995.31,176985.93
6036,391,132,2,55437.19,110874.38
6037,1594,121,5,12980.71,64903.55
6038,1788,101,1,47716.78,47716.78
6039,2881,214,5,46708.94,233544.7
6040,1496,219,4,32485.64,129942.56
6041,3397,134,4,50043.92,200175.68
6042,3134,165,5,51492.2,257461.0
6043,194,139,1,22524.02,22524.02
6044,3944,151,3,12383.09,37149.27
6045,3417,86,2,21297.54,42595.08
6046,417,7,1,65009.38,65009.38
6047,1528,208,2,41507.35,83014.7
6048,3970,94,1,28901.65,28901.65
6049,1653,178,4,64556.87,258227.48
6050,130,72,4,54286.43,217145.72
6051,47,159,2,2783.41,5566.82
6052,4591,10,2,50484.52,100969.04
6053,1820,116,1,45582.6,45582.6
6054,2170,37,1,3858.64,3858.64
6055,1769,206,4,6578.5,26314.0
6056,2365,116,2,45582.6,91165.2
6057,4087,212,5,14743.99,73719.95
6058,1866,149,2,10425.94,20851.88
6059,1179,176,4,35001.92,140007.68
6060,4124,160,3,5722.02,17166.06
6061,4675,84,3,18918.53,56755.59
6062,1293,128,4,17503.4,70013.6
6063,1032,157,2,10754.95,21509.9
6064,2020,241,4,29741.02,118964.08
6065,4704,224,5,53537.82,267689.1
6066,1756,37,3,3858.64,11575.92
6067,244,174,4,56927.09,227708.36
6068,1425,205,5,44040.82,220204.1
6069,701,201,5,29524.33,147621.65
6070,2832,157,5,10754.95,53774.75
6071,859,162,4,64005.28,256021.12
6072,617,171,5,10281.14,51405.7
6073,209,151,5,12383.09,61915.45
6074,253,154,5,56227.97,281139.85
6075,4599,186,1,43925.21,43925.21
6076,2153,5,5,16804.25,84021.25
6077,1703,60,4,49134.01,196536.04
6078,1450,113,2,14029.76,28059.52
6079,2202,200,3,17145.0,51435.0
6080,2698,213,2,46579.95,93159.9
6081,1522,124,3,19205.78,57617.34
6082,4934,67,2,213.0,426.0
6083,3193,126,2,64362.26,128724.52
6084,1097,177,4,25646.36,102585.44
6085,1471,48,2,64744.15,129488.3
6086,835,205,3,44040.82,132122.46
6087,2854,61,2,58995.31,117990.62
6088,2623,13,1,53776.88,53776.88
6089,3215,159,5,2783.41,13917.05
6090,1537,199,2,7626.21,15252.42
6091,4643,239,4,8293.55,33174.2
6092,2078,93,1,46909.04,46909.04
6093,700,181,4,30941.3,123765.2
6094,2771,209,1,39850.3,39850.3
6095,3458,2,5,2750.44,13752.2
6096,3269,45,3,61881.38,185644.14
6097,4857,201,3,29524.33,88572.99
6098,871,58,2,45571.21,91142.42
6099,4761,109,4,29367.34,117469.36
6100,39,244,3,3395.09,10185.27
6101,3804,83,2,62547.04,125094.08
6102,4711,104,4,18898.17,75592.68
6103,2498,233,4,59166.85,236667.4
6104,539,250,1,60076.97,60076.97
6105,4195,22,2,42176.54,84353.08
6106,1103,169,1,62923.23,62923.23
6107,3715,40,2,10792.75,21585.5
6108,4697,31,5,21599.36,107996.8
6109,715,138,3,39621.63,118864.89
6110,3274,85,3,6828.31,20484.93
6111,445,199,4,7626.21,30504.84
6112,1781,111,5,12779.39,63896.95
6113,4167,88,1,38006.23,38006.23
6114,3099,118,4,4934.91,19739.64
6115,2955,91,5,31454.59,157272.95
6116,4756,20,5,20223.14,101115.7
6117,3106,212,4,14743.99,58975.96
6118,4795,114,4,25781.07,103124.28
6119,504,190,2,42783.57,85567.14
6120,1130,51,4,4745.62,18982.48
6121,2251,79,5,31796.72,158983.6
6122,4697,204,3,44102.83,132308.49
6123,854,217,3,26516.35,79549.05
6124,1921,116,1,45582.6,45582.6
6125,2204,51,3,4745.62,14236.86
6126,1271,76,5,22632.82,113164.1
6127,849,219,4,32485.64,129942.56
6128,1273,111,2,12779.39,25558.78
6129,981,128,4,17503.4,70013.6
6130,3846,196,3,50609.16,151827.48
6131,2240,38,2,547.71,1095.42
6132,1189,26,2,57281.74,114563.48
6133,2471,34,1,55038.37,55038.37
6134,4837,216,4,21395.53,85582.12
6135,1572,250,5,60076.97,300384.85
6136,759,172,5,53622.22,268111.1
6137,232,235,2,35669.98,71339.96
6138,2109,114,2,25781.07,51562.14
6139,852,117,3,13182.39,39547.17
6140,827,9,2,1896.99,3793.98
6141,4841,238,3,1908.64,5725.92
6142,4428,61,5,58995.31,294976.55
6143,2679,4,5,54318.36,271591.8
6144,1686,61,2,58995.31,117990.62
6145,3883,26,1,57281.74,57281.74
6146,2445,81,2,30957.28,61914.56
6147,2643,23,2,56494.42,112988.84
6148,2604,167,4,32297.74,129190.96
6149,1653,173,3,50939.53,152818.59
6150,1845,17,4,36691.73,146766.92
6151,638,155,1,646.95,646.95
6152,3119,59,2,43410.48,86820.96
6153,2853,67,4,213.0,852.0
6154,698,180,3,22916.64,68749.92
6155,2134,222,2,8275.82,16551.64
6156,1992,240,5,48841.77,244208.85
6157,1363,83,3,62547.04,187641.12
6158,883,125,4,42471.61,169886.44
6159,4461,147,2,979.82,1959.64
6160,1206,9,4,1896.99,7587.96
6161,4419,35,5,12662.52,63312.6
6162,4849,231,3,63124.22,189372.66
6163,2794,198,5,11169.83,55849.15
6164,341,45,5,61881.38,309406.9
6165,2488,89,4,35164.04,140656.16
6166,971,173,5,50939.53,254697.65
6167,3422,147,1,979.82,979.82
6168,4622,170,5,55187.3,275936.5
6169,699,110,2,7098.93,14197.86
6170,3025,242,3,14842.89,44528.67
6171,4890,155,2,646.95,1293.9
6172,875,236,3,12330.19,36990.57
6173,2640,64,4,45985.44,183941.76
6174,2775,26,2,57281.74,114563.48
6175,1778,236,5,12330.19,61650.95
6176,3553,29,2,21169.41,42338.82
6177,3394,120,3,36416.76,109250.28
6178,3163,21,4,7177.36,28709.44
6179,824,110,1,7098.93,7098.93
6180,2611,70,2,66121.59,132243.18
6181,1856,116,1,45582.6,45582.6
6182,3966,193,2,1860.99,3721.98
6183,3134,121,1,12980.71,12980.71
6184,1041,128,3,17503.4,52510.2
6185,3964,2,4,2750.44,11001.76
6186,4961,193,3,1860.99,5582.97
6187,1961,206,1,6578.5,6578.5
6188,1427,28,4,54176.7,216706.8
6189,4331,209,5,39850.3,199251.5
6190,2479,220,1,29590.01,29590.01
6191,3178,160,4,5722.02,22888.08
6192,1151,153,4,1829.17,7316.68
6193,3657,37,1,3858.64,3858.64
6194,2236,23,5,56494.42,282472.1
6195,3523,44,5,34014.14,170070.7
6196,1601,17,5,36691.73,183458.65
6197,867,166,4,5840.36,23361.44
6198,3636,142,4,24742.5,98970.0
6199,2569,191,5,35165.54,175827.7
6200,3155,177,3,25646.36,76939.08
6201,4026,247,3,1889.76,5669.28
6202,117,228,1,66102.43,66102.43
6203,4977,211,2,50593.81,101187.62
6204,2979,89,2,35164.04,70328.08
6205,989,116,3,45582.6,136747.8
6206,2673,205,1,44040.82,44040.82
6207,2134,101,1,47716.78,47716.78
6208,3560,29,3,21169.41,63508.23
6209,1917,139,3,22524.02,67572.06
6210,401,59,5,43410.48,217052.4
6211,3818,33,4,1350.02,5400.08
6212,3906,87,3,46894.5,140683.5
6213,2832,113,4,14029.76,56119.04
6214,4825,162,1,64005.28,64005.28
6215,4767,76,1,22632.82,22632.82
6216,2114,34,3,55038.37,165115.11
6217,507,158,3,64606.23,193818.69
6218,3214,51,4,4745.62,18982.48
6219,461,56,5,37341.47,186707.35
6220,2705,166,3,5840.36,17521.08
6221,1315,130,5,17397.94,86989.7
6222,1525,49,1,10523.25,10523.25
6223,1722,39,5,57498.93,287494.65
6224,3503,125,5,42471.61,212358.05
6225,1771,229,3,40892.85,122678.55
6226,1661,239,3,8293.55,24880.65
6227,4390,180,3,22916.64,68749.92
6228,4743,28,5,54176.7,270883.5
6229,3795,226,4,45400.81,181603.24
6230,3353,64,5,45985.44,229927.2
6231,2966,132,4,55437.19,221748.76
6232,4716,38,2,547.71,1095.42
6233,2737,183,3,12734.47,38203.41
6234,1857,125,4,42471.61,169886.44
6235,1607,108,4,7901.41,31605.64
6236,1447,129,4,9524.26,38097.04
6237,795,20,4,20223.14,80892.56
6238,950,248,4,55808.74,223234.96
6239,3039,221,2,41568.44,83136.88
6240,2806,153,3,1829.17,5487.51
6241,2844,50,5,38689.96,193449.8
6242,2207,237,3,27207.03,81621.09
6243,391,109,5,29367.34,146836.7
6244,4272,158,3,64606.23,193818.69
6245,4117,200,2,17145.0,34290.0
6246,4972,68,5,43109.08,215545.4
6247,3384,61,1,58995.31,58995.31
6248,4971,147,4,979.82,3919.28
6249,1233,134,3,50043.92,150131.76
6250,2665,178,3,64556.87,193670.61
6251,995,115,5,6132.98,30664.9
6252,1675,180,5,22916.64,114583.2
6253,2452,234,2,56146.62,112293.24
6254,698,80,5,21690.71,108453.55
6255,973,68,2,43109.08,86218.16
6256,584,92,3,59038.83,177116.49
6257,2540,185,1,5495.72,5495.72
6258,4750,103,4,5533.32,22133.28
6259,3190,38,3,547.71,1643.13
6260,1169,141,3,11433.67,34301.01
6261,4052,67,1,213.0,213.0
6262,2534,6,3,642.86,1928.58
6263,1302,191,4,35165.54,140662.16
6264,3812,238,1,1908.64,1908.64
6265,1648,95,3,59509.32,178527.96
6266,3784,111,4,12779.39,51117.56
6267,1897,13,4,53776.88,215107.52
6268,3618,147,5,979.82,4899.1
6269,4002,83,1,62547.04,62547.04
6270,4,150,1,25258.79,25258.79
6271,3238,181,3,30941.3,92823.9
6272,807,160,3,5722.02,17166.06
6273,190,125,2,42471.61,84943.22
6274,1872,72,4,54286.43,217145.72
6275,841,93,1,46909.04,46909.04
6276,2228,31,1,21599.36,21599.36
6277,4089,13,5,53776.88,268884.4
6278,1253,145,2,12802.99,25605.98
6279,1140,14,5,4181.19,20905.95
6280,1176,211,3,50593.81,151781.43
6281,722,194,2,33793.71,67587.42
6282,233,2,2,2750.44,5500.88
6283,4794,177,3,25646.36,76939.08
6284,367,17,1,36691.73,36691.73
6285,2490,113,3,14029.76,42089.28
6286,3652,46,5,32367.18,161835.9
6287,4688,15,3,27970.24,83910.72
6288,3033,83,2,62547.04,125094.08
6289,1972,124,5,19205.78,96028.9
6290,1539,178,5,64556.87,322784.35
6291,229,65,5,25140.63,125703.15
6292,4052,89,4,35164.04,140656.16
6293,2400,81,4,30957.28,123829.12
6294,4458,73,3,44385.63,133156.89
6295,1118,212,4,14743.99,58975.96
6296,1900,51,2,4745.62,9491.24
6297,2013,199,5,7626.21,38131.05
6298,4457,229,3,40892.85,122678.55
6299,3395,88,1,38006.23,38006.23
6300,4676,236,1,12330.19,12330.19
6301,1698,183,3,12734.47,38203.41
6302,4600,52,1,11931.31,11931.31
6303,4581,36,3,2797.54,8392.62
6304,731,54,1,3826.07,3826.07
6305,963,109,1,29367.34,29367.34
6306,3323,170,3,55187.3,165561.9
6307,2155,206,5,6578.5,32892.5
6308,337,52,3,11931.31,35793.93
6309,4637,63,3,28971.16,86913.48
6310,973,248,4,55808.74,223234.96
6311,3966,190,2,42783.57,85567.14
6312,1671,73,2,44385.63,88771.26
6313,348,246,4,17087.52,68350.08
6314,910,141,2,11433.67,22867.34
6315,819,161,5,4529.81,22649.05
6316,1308,24,4,9618.22,38472.88
6317,139,227,4,61598.02,246392.08
6318,1543,146,2,38757.35,77514.7
6319,1801,18,5,44633.15,223165.75
6320,3082,119,5,33444.49,167222.45
6321,930,173,1,50939.53,50939.53
6322,224,140,1,48596.53,48596.53
6323,1264,237,2,27207.03,54414.06
6324,4438,143,2,52558.49,105116.98
6325,3270,148,4,45590.74,182362.96
6326,52,198,2,11169.83,22339.66
6327,2916,116,5,45582.6,227913.0
6328,2593,62,3,62257.94,186773.82
6329,3466,80,3,21690.71,65072.13
6330,523,232,1,18463.39,18463.39
6331,4963,168,2,18613.65,37227.3
6332,2857,75,4,42394.12,169576.48
6333,1515,134,4,50043.92,200175.68
6334,2040,152,5,11244.0,56220.0
6335,3213,42,3,35406.75,106220.25
6336,137,170,2,55187.3,110374.6
6337,1897,129,3,9524.26,28572.78
6338,1179,15,2,27970.24,55940.48
6339,577,122,3,24480.91,73442.73
6340,617,67,3,213.0,639.0
6341,83,156,1,22854.19,22854.19
6342,4928,165,1,51492.2,51492.2
6343,1567,160,3,5722.02,17166.06
6344,3927,36,5,2797.54,13987.7
6345,3083,158,2,64606.23,129212.46
6346,4722,244,1,3395.09,3395.09
6347,202,99,4,10955.12,43820.48
6348,1856,57,2,59016.95,118033.9
6349,4258,48,4,64744.15,258976.6
6350,3146,249,3,30676.08,92028.24
6351,1773,243,3,131.11,393.33
6352,4426,172,1,53622.22,53622.22
6353,1459,178,3,64556.87,193670.61
6354,4723,100,4,55420.51,221682.04
6355,4270,158,5,64606.23,323031.15
6356,1404,61,5,58995.31,294976.55
6357,2968,141,3,11433.67,34301.01
6358,2714,190,2,42783.57,85567.14
6359,223,19,1,46390.24,46390.24
6360,917,163,3,28241.72,84725.16
6361,2541,78,3,40599.73,121799.19
6362,4511,218,3,28695.07,86085.21
6363,4025,153,2,1829.17,3658.34
6364,33,115,3,6132.98,18398.94
6365,467,94,1,28901.65,28901.65
6366,4501,220,4,29590.01,118360.04
6367,115,250,2,60076.97,120153.94
6368,1104,44,1,34014.14,34014.14
6369,3704,117,3,13182.39,39547.17
6370,448,35,3,12662.52,37987.56
6371,2058,192,5,15107.45,75537.25
6372,4339,62,5,62257.94,311289.7
6373,610,7,2,65009.38,130018.76
6374,1442,2,3,2750.44,8251.32
6375,867,186,1,43925.21,43925.21
6376,1881,164,4,40728.62,162914.48
6377,1076,131,1,29903.35,29903.35
6378,449,39,5,57498.93,287494.65
6379,3719,45,5,61881.38,309406.9
6380,2799,210,4,29960.64,119842.56
6381,2677,92,1,59038.83,59038.83
6382,1276,111,2,12779.39,25558.78
6383,3796,15,1,27970.24,27970.24
6384,4046,196,5,50609.16,253045.8
6385,3493,198,2,11169.83,22339.66
6386,1703,180,1,22916.64,22916.64
6387,1481,41,3,29618.34,88855.02
6388,848,120,4,36416.76,145667.04
6389,3518,112,5,58381.78,291908.9
6390,1428,31,2,21599.36,43198.72
6391,4007,74,4,20062.57,80250.28
6392,1314,26,2,57281.74,114563.48
6393,1754,78,3,40599.73,121799.19
6394,4728,228,3,66102.43,198307.29
6395,4602,46,5,32367.18,161835.9
6396,3011,247,4,1889.76,7559.04
6397,2871,102,2,28252.05,56504.1
6398,524,149,2,10425.94,20851.88
6399,4899,240,3,48841.77,146525.31
6400,4901,9,5,1896.99,9484.95
6401,4644,78,3,40599.73,121799.19
6402,616,193,3,1860.99,5582.97
6403,4084,94,2,28901.65,57803.3
6404,3597,110,2,7098.93,14197.86
6405,3702,195,5,56252.99,281264.95
6406,1437,90,4,735.6,2942.4
6407,2393,198,5,11169.83,55849.15
6408,2900,140,4,48596.53,194386.12
6409,2554,128,4,17503.4,70013.6
6410,3422,150,3,25258.79,75776.37
6411,2649,174,4,56927.09,227708.36
6412,37,83,1,62547.04,62547.04
6413,4594,105,3,26970.33,80910.99
6414,429,102,4,28252.05,113008.2
6415,4908,187,5,49126.18,245630.9
6416,3388,237,3,27207.03,81621.09
6417,2762,18,1,44633.15,44633.15
6418,3065,150,1,25258.79,25258.79
6419,2565,158,2,64606.23,129212.46
6420,2715,106,5,19251.91,96259.55
6421,3739,1,3,10808.33,32424.99
6422,1358,109,3,29367.34,88102.02
6423,3096,246,5,17087.52,85437.6
6424,4093,159,3,2783.41,8350.23
6425,380,218,5,28695.07,143475.35
6426,386,202,3,10640.66,31921.98
6427,3256,105,1,26970.33,26970.33
6428,3193,57,5,59016.95,295084.75
6429,1504,130,3,17397.94,52193.82
6430,260,184,3,25759.96,77279.88
6431,838,107,2,44008.33,88016.66
6432,3807,85,1,6828.31,6828.31
6433,1334,8,5,31794.75,158973.75
6434,1294,47,3,40909.49,122728.47
6435,1432,29,2,21169.41,42338.82
6436,1837,144,1,66090.78,66090.78
6437,1430,149,3,10425.94,31277.82
6438,2175,180,4,22916.64,91666.56
6439,1102,230,4,31745.27,126981.08
6440,3097,63,3,28971.16,86913.48
6441,786,228,3,66102.43,198307.29
6442,4191,119,3,33444.49,100333.47
6443,4835,219,4,32485.64,129942.56
6444,751,81,1,30957.28,30957.28
6445,1078,173,5,50939.53,254697.65
6446,2694,71,3,49802.41,149407.23
6447,4591,154,2,56227.97,112455.94
6448,4475,81,2,30957.28,61914.56
6449,1860,85,5,6828.31,34141.55
6450,2403,147,5,979.82,4899.1
6451,4940,175,5,66335.25,331676.25
6452,546,111,5,12779.39,63896.95
6453,2847,58,3,45571.21,136713.63
6454,4916,183,3,12734.47,38203.41
6455,1173,35,5,12662.52,63312.6
6456,3879,167,3,32297.74,96893.22
6457,649,34,1,55038.37,55038.37
6458,4681,178,1,64556.87,64556.87
6459,539,141,1,11433.67,11433.67
6460,4068,171,3,10281.14,30843.42
6461,4712,118,2,4934.91,9869.82
6462,519,32,1,21295.25,21295.25
6463,2353,229,5,40892.85,204464.25
6464,3468,62,2,62257.94,124515.88
6465,3471,218,1,28695.07,28695.07
6466,4625,139,5,22524.02,112620.1
6467,789,238,1,1908.64,1908.64
6468,2577,172,1,53622.22,53622.22
6469,2309,173,3,50939.53,152818.59
6470,4958,193,4,1860.99,7443.96
6471,836,159,4,2783.41,11133.64
6472,2206,16,1,10378.88,10378.88
6473,2967,158,4,64606.23,258424.92
6474,3007,199,5,7626.21,38131.05
6475,1704,68,3,43109.08,129327.24
6476,2930,154,3,56227.97,168683.91
6477,1377,23,1,56494.42,56494.42
6478,2456,42,1,35406.75,35406.75
6479,4170,232,3,18463.39,55390.17
6480,736,225,5,60097.04,300485.2
6481,1532,140,4,48596.53,194386.12
6482,2626,70,5,66121.59,330607.95
6483,296,214,4,46708.94,186835.76
6484,4483,114,2,25781.07,51562.14
6485,2658,85,1,6828.31,6828.31
6486,3058,80,1,21690.71,21690.71
6487,2741,228,1,66102.43,66102.43
6488,4967,13,5,53776.88,268884.4
6489,1680,118,3,4934.91,14804.73
6490,3668,195,4,56252.99,225011.96
6491,19,215,4,16623.86,66495.44
6492,4746,98,1,45423.62,45423.62
6493,3293,24,4,9618.22,38472.88
6494,4809,71,1,49802.41,49802.41
6495,1731,195,3,56252.99,168758.97
6496,824,44,5,34014.14,170070.7
6497,2151,202,5,10640.66,53203.3
6498,1680,98,5,45423.62,227118.1
6499,2566,199,3,7626.21,22878.63
6500,4817,213,3,46579.95,139739.85
6501,4409,249,2,30676.08,61352.16
6502,3969,119,1,33444.49,33444.49
6503,3353,150,5,25258.79,126293.95
6504,1077,227,2,61598.02,123196.04
6505,3407,154,1,56227.97,56227.97
6506,3069,100,5,55420.51,277102.55
6507,2063,154,1,56227.97,56227.97
6508,3564,227,1,61598.02,61598.02
6509,4291,166,2,5840.36,11680.72
6510,4075,109,1,29367.34,29367.34
6511,160,3,2,1679.44,3358.88
6512,1846,91,1,31454.59,31454.59
6513,1127,7,5,65009.38,325046.9
6514,2121,94,5,28901.65,144508.25
6515,3144,150,1,25258.79,25258.79
6516,2739,244,4,3395.09,13580.36
6517,1684,181,3,30941.3,92823.9
6518,4923,67,2,213.0,426.0
6519,4608,89,4,35164.04,140656.16
6520,1642,53,4,13502.43,54009.72
6521,2938,146,5,38757.35,193786.75
6522,2201,152,1,11244.0,11244.0
6523,1989,188,5,51065.63,255328.15
6524,3880,228,5,66102.43,330512.15
6525,4080,223,1,41409.35,41409.35
6526,926,144,5,66090.78,330453.9
6527,726,162,1,64005.28,64005.28
6528,983,185,2,5495.72,10991.44
6529,1915,204,4,44102.83,176411.32
6530,4998,84,2,18918.53,37837.06
6531,1708,52,1,11931.31,11931.31
6532,2179,61,2,58995.31,117990.62
6533,2257,21,4,7177.36,28709.44
6534,103,172,4,53622.22,214488.88
6535,806,38,4,547.71,2190.84
6536,4123,125,5,42471.61,212358.05
6537,3410,62,2,62257.94,124515.88
6538,4178,125,5,42471.61,212358.05
6539,336,216,5,21395.53,106977.65
6540,562,50,2,38689.96,77379.92
6541,1415,189,1,58222.2,58222.2
6542,4158,241,2,29741.02,59482.04
6543,1484,226,1,45400.81,45400.81
6544,2501,73,5,44385.63,221928.15
6545,2407,169,2,62923.23,125846.46
6546,2606,29,5,21169.41,105847.05
6547,4021,132,5,55437.19,277185.95
6548,804,107,3,44008.33,132024.99
6549,4802,91,4,31454.59,125818.36
6550,913,206,1,6578.5,6578.5
6551,2384,249,2,30676.08,61352.16
6552,2792,160,5,5722.02,28610.1
6553,140,4,2,54318.36,108636.72
6554,4188,76,2,22632.82,45265.64
6555,1091,71,1,49802.41,49802.41
6556,4085,12,1,29314.78,29314.78
6557,4417,205,2,44040.82,88081.64
6558,784,62,4,62257.94,249031.76
6559,4033,174,3,56927.09,170781.27
6560,1718,66,1,6070.99,6070.99
6561,1837,228,1,66102.43,66102.43
6562,2797,190,4,42783.57,171134.28
6563,4702,44,3,34014.14,102042.42
6564,745,128,2,17503.4,35006.8
6565,1827,63,3,28971.16,86913.48
6566,4265,30,2,10958.09,21916.18
6567,3347,129,2,9524.26,19048.52
6568,1330,13,1,53776.88,53776.88
6569,2742,220,2,29590.01,59180.02
6570,3986,158,4,64606.23,258424.92
6571,4531,95,3,59509.32,178527.96
6572,3310,45,1,61881.38,61881.38
6573,758,99,4,10955.12,43820.48
6574,72,163,1,28241.72,28241.72
6575,3417,43,1,29714.26,29714.26
6576,4212,36,1,2797.54,2797.54
6577,1088,69,1,9102.07,9102.07
6578,3745,215,4,16623.86,66495.44
6579,3545,73,3,44385.63,133156.89
6580,1746,100,2,55420.51,110841.02
6581,4711,33,1,1350.02,1350.02
6582,2009,228,3,66102.43,198307.29
6583,360,163,1,28241.72,28241.72
6584,860,62,3,62257.94,186773.82
6585,2100,237,5,27207.03,136035.15
6586,3089,139,5,22524.02,112620.1
6587,2673,7,5,65009.38,325046.9
6588,1087,210,5,29960.64,149803.2
6589,677,216,5,21395.53,106977.65
6590,2338,131,5,29903.35,149516.75
6591,4862,66,3,6070.99,18212.97
6592,2225,172,5,53622.22,268111.1
6593,2278,189,5,58222.2,291111.0
6594,3598,37,3,3858.64,11575.92
6595,2415,120,2,36416.76,72833.52
6596,452,74,4,20062.57,80250.28
6597,2054,202,3,10640.66,31921.98
6598,1029,174,1,56927.09,56927.09
6599,3669,215,3,16623.86,49871.58
6600,3375,60,5,49134.01,245670.05
6601,2107,151,1,12383.09,12383.09
6602,2154,209,4,39850.3,159401.2
6603,2668,26,3,57281.74,171845.22
6604,2467,67,3,213.0,639.0
6605,3446,178,3,64556.87,193670.61
6606,3974,80,5,21690.71,108453.55
6607,559,205,3,44040.82,132122.46
6608,2607,41,3,29618.34,88855.02
6609,1103,181,5,30941.3,154706.5
6610,4185,137,4,23377.61,93510.44
6611,2442,98,3,45423.62,136270.86
6612,141,227,5,61598.02,307990.1
6613,1879,230,1,31745.27,31745.27
6614,2049,61,1,58995.31,58995.31
6615,3897,238,5,1908.64,9543.2
6616,2407,40,1,10792.75,10792.75
6617,1947,241,5,29741.02,148705.1
6618,803,58,4,45571.21,182284.84
6619,4992,159,4,2783.41,11133.64
6620,2788,67,5,213.0,1065.0
6621,1793,158,2,64606.23,129212.46
6622,3996,125,4,42471.61,169886.44
6623,1086,192,4,15107.45,60429.8
6624,1000,93,3,46909.04,140727.12
6625,1242,42,3,35406.75,106220.25
6626,947,43,3,29714.26,89142.78
6627,13,184,2,25759.96,51519.92
6628,4318,174,2,56927.09,113854.18
6629,2254,194,1,33793.71,33793.71
6630,1525,74,4,20062.57,80250.28
6631,1126,47,2,40909.49,81818.98
6632,3730,234,2,56146.62,112293.24
6633,357,114,3,25781.07,77343.21
6634,564,154,4,56227.97,224911.88
6635,2831,56,4,37341.47,149365.88
6636,404,242,1,14842.89,14842.89
6637,3520,61,2,58995.31,117990.62
6638,1923,153,5,1829.17,9145.85
6639,4564,170,5,55187.3,275936.5
6640,4011,241,4,29741.02,118964.08
6641,1719,58,3,45571.21,136713.63
6642,1305,25,1,22922.96,22922.96
6643,4350,88,5,38006.23,190031.15
6644,1550,248,4,55808.74,223234.96
6645,2996,92,5,59038.83,295194.15
6646,1469,249,4,30676.08,122704.32
6647,1855,41,1,29618.34,29618.34
6648,4321,155,3,646.95,1940.85
6649,3028,226,1,45400.81,45400.81
6650,500,143,5,52558.49,262792.45
6651,2840,196,5,50609.16,253045.8
6652,4620,181,5,30941.3,154706.5
6653,4227,250,1,60076.97,60076.97
6654,4324,32,1,21295.25,21295.25
6655,4929,159,3,2783.41,8350.23
6656,1486,144,1,66090.78,66090.78
6657,4071,210,5,29960.64,149803.2
6658,1927,74,2,20062.57,40125.14
6659,17,106,3,19251.91,57755.73
6660,1555,52,5,11931.31,59656.55
6661,2615,87,2,46894.5,93789.0
6662,2529,51,2,4745.62,9491.24
6663,2325,145,4,12802.99,51211.96
6664,810,197,5,30911.41,154557.05
6665,3644,33,1,1350.02,1350.02
6666,2216,13,5,53776.88,268884.4
6667,1768,48,3,64744.15,194232.45
6668,1216,71,2,49802.41,99604.82
6669,262,222,1,8275.82,8275.82
6670,664,175,4,66335.25,265341.0
6671,1843,29,4,21169.41,84677.64
6672,1579,57,2,59016.95,118033.9
6673,2404,166,2,5840.36,11680.72
6674,32,169,5,62923.23,314616.15
6675,4080,196,2,50609.16,101218.32
6676,2505,66,4,6070.99,24283.96
6677,4119,62,5,62257.94,311289.7
6678,233,237,4,27207.03,108828.12
6679,974,230,2,31745.27,63490.54
6680,685,234,2,56146.62,112293.24
6681,2997,127,5,60846.23,304231.15
6682,4422,242,5,14842.89,74214.45
6683,3537,240,5,48841.77,244208.85
6684,640,13,2,53776.88,107553.76
6685,2485,218,1,28695.07,28695.07
6686,4661,129,2,9524.26,19048.52
6687,3857,196,2,50609.16,101218.32
6688,2302,75,5,42394.12,211970.6
6689,2949,46,1,32367.18,32367.18
6690,3610,99,5,10955.12,54775.6
6691,4776,161,1,4529.81,4529.81
6692,2914,37,5,3858.64,19293.2
6693,1725,22,1,42176.54,42176.54
6694,4633,119,4,33444.49,133777.96
6695,4152,148,3,45590.74,136772.22
6696,875,110,4,7098.93,28395.72
6697,2936,219,1,32485.64,32485.64
6698,874,226,5,45400.81,227004.05
6699,396,14,3,4181.19,12543.57
6700,2262,76,1,22632.82,22632.82
6701,1180,120,4,36416.76,145667.04
6702,3194,16,1,10378.88,10378.88
6703,1036,57,1,59016.95,59016.95
6704,3187,36,3,2797.54,8392.62
6705,3862,95,1,59509.32,59509.32
6706,201,9,1,1896.99,1896.99
6707,1767,99,4,10955.12,43820.48
6708,4403,90,4,735.6,2942.4
6709,2558,62,5,62257.94,311289.7
6710,3890,165,2,51492.2,102984.4
6711,4495,70,4,66121.59,264486.36
6712,747,191,5,35165.54,175827.7
6713,2208,206,3,6578.5,19735.5
6714,4120,20,4,20223.14,80892.56
6715,1859,221,1,41568.44,41568.44
6716,1445,28,2,54176.7,108353.4
6717,4852,207,1,68454.58,68454.58
6718,4391,41,2,29618.34,59236.68
6719,3335,50,4,38689.96,154759.84
6720,1099,85,1,6828.31,6828.31
6721,765,36,5,2797.54,13987.7
6722,4271,240,1,48841.77,48841.77
6723,1685,245,1,7411.87,7411.87
6724,432,40,4,10792.75,43171.0
6725,1253,60,4,49134.01,196536.04
6726,202,93,1,46909.04,46909.04
6727,3143,201,4,29524.33,118097.32
6728,2416,143,2,52558.49,105116.98
6729,2871,41,2,29618.34,59236.68
6730,4717,41,3,29618.34,88855.02
6731,2305,218,4,28695.07,114780.28
6732,2758,245,3,7411.87,22235.61
6733,4050,97,2,68459.59,136919.18
6734,630,111,5,12779.39,63896.95
6735,756,77,3,2172.62,6517.86
6736,2900,231,5,63124.22,315621.1
6737,439,53,4,13502.43,54009.72
6738,2772,58,3,45571.21,136713.63
6739,2312,41,2,29618.34,59236.68
6740,3613,41,3,29618.34,88855.02
6741,3580,109,4,29367.34,117469.36
6742,3146,191,2,35165.54,70331.08
6743,1372,105,4,26970.33,107881.32
6744,3194,19,4,46390.24,185560.96
6745,2492,165,4,51492.2,205968.8
6746,4818,4,3,54318.36,162955.08
6747,2914,193,3,1860.99,5582.97
6748,1361,194,2,33793.71,67587.42
6749,2411,186,2,43925.21,87850.42
6750,355,93,5,46909.04,234545.2
6751,3497,67,2,213.0,426.0
6752,3001,74,5,20062.57,100312.85
6753,3686,137,1,23377.61,23377.61
6754,3076,70,2,66121.59,132243.18
6755,3951,22,5,42176.54,210882.7
6756,3262,11,2,38403.76,76807.52
6757,2377,218,5,28695.07,143475.35
6758,3980,234,2,56146.62,112293.24
6759,567,28,4,54176.7,216706.8
6760,381,32,3,21295.25,63885.75
6761,3114,217,3,26516.35,79549.05
6762,1922,228,5,66102.43,330512.15
6763,4940,95,2,59509.32,119018.64
6764,754,25,3,22922.96,68768.88
6765,2294,208,2,41507.35,83014.7
6766,2090,2,1,2750.44,2750.44
6767,2846,6,3,642.86,1928.58
6768,1751,216,4,21395.53,85582.12
6769,499,181,5,30941.3,154706.5
6770,3407,215,5,16623.86,83119.3
6771,220,136,5,21659.92,108299.6
6772,1974,87,5,46894.5,234472.5
6773,3025,229,3,40892.85,122678.55
6774,4118,166,2,5840.36,11680.72
6775,3500,67,3,213.0,639.0
6776,2154,163,5,28241.72,141208.6
6777,3673,96,5,5276.47,26382.35
6778,3678,148,5,45590.74,227953.7
6779,3958,67,2,213.0,426.0
6780,2863,188,3,51065.63,153196.89
6781,1328,162,5,64005.28,320026.4
6782,474,188,3,51065.63,153196.89
6783,1745,99,5,10955.12,54775.6
6784,1373,205,4,44040.82,176163.28
6785,2676,104,5,18898.17,94490.85
6786,2096,150,4,25258.79,101035.16
6787,4326,84,1,18918.53,18918.53
6788,3712,134,4,50043.92,200175.68
6789,3943,238,2,1908.64,3817.28
6790,2601,60,1,49134.01,49134.01
6791,4191,28,3,54176.7,162530.1
6792,4342,2,5,2750.44,13752.2
6793,3311,247,4,1889.76,7559.04
6794,4280,173,5,50939.53,254697.65
6795,2143,96,1,5276.47,5276.47
6796,881,217,5,26516.35,132581.75
6797,1823,174,2,56927.09,113854.18
6798,2322,106,4,19251.91,77007.64
6799,582,166,5,5840.36,29201.8
6800,4862,40,4,10792.75,43171.0
6801,2755,44,2,34014.14,68028.28
6802,3598,231,1,63124.22,63124.22
6803,167,225,1,60097.04,60097.04
6804,1204,187,5,49126.18,245630.9
6805,3016,223,5,41409.35,207046.75
6806,3160,49,3,10523.25,31569.75
6807,605,206,5,6578.5,32892.5
6808,3981,90,4,735.6,2942.4
6809,456,94,2,28901.65,57803.3
6810,1484,11,5,38403.76,192018.8
6811,2013,97,1,68459.59,68459.59
6812,1813,176,1,35001.92,35001.92
6813,534,74,3,20062.57,60187.71
6814,3338,71,1,49802.41,49802.41
6815,3952,41,5,29618.34,148091.7
6816,2368,19,1,46390.24,46390.24
6817,1732,110,4,7098.93,28395.72
6818,2688,136,1,21659.92,21659.92
6819,3176,146,2,38757.35,77514.7
6820,1260,182,5,53789.43,268947.15
6821,4845,69,1,9102.07,9102.07
6822,581,246,1,17087.52,17087.52
6823,3737,20,2,20223.14,40446.28
6824,278,193,2,1860.99,3721.98
6825,3970,8,5,31794.75,158973.75
6826,3768,26,5,57281.74,286408.7
6827,2167,106,4,19251.91,77007.64
6828,4842,15,5,27970.24,139851.2
6829,3812,122,2,24480.91,48961.82
6830,3898,56,1,37341.47,37341.47
6831,3410,206,5,6578.5,32892.5
6832,1174,115,3,6132.98,18398.94
6833,4994,44,4,34014.14,136056.56
6834,2536,106,1,19251.91,19251.91
6835,691,12,1,29314.78,29314.78
6836,3275,164,5,40728.62,203643.1
6837,3626,121,3,12980.71,38942.13
6838,423,1,5,10808.33,54041.65
6839,3785,15,1,27970.24,27970.24
6840,4208,56,2,37341.47,74682.94
6841,3035,162,4,64005.28,256021.12
6842,3124,191,1,35165.54,35165.54
6843,4458,3,4,1679.44,6717.76
6844,769,1,5,10808.33,54041.65
6845,2775,202,2,10640.66,21281.32
6846,3718,11,1,38403.76,38403.76
6847,4093,16,1,10378.88,10378.88
6848,822,2,2,2750.44,5500.88
6849,1151,34,1,55038.37,55038.37
6850,1387,180,4,22916.64,91666.56
6851,4585,213,2,46579.95,93159.9
6852,343,82,1,37506.05,37506.05
6853,293,32,1,21295.25,21295.25
6854,4474,233,1,59166.85,59166.85
6855,3104,145,2,12802.99,25605.98
6856,2201,186,5,43925.21,219626.05
6857,917,2,4,2750.44,11001.76
6858,3795,112,5,58381.78,291908.9
6859,4245,231,4,63124.22,252496.88
6860,531,11,1,38403.76,38403.76
6861,2307,158,3,64606.23,193818.69
6862,651,21,4,7177.36,28709.44
6863,1880,215,2,16623.86,33247.72
6864,4577,39,2,57498.93,114997.86
6865,2973,29,5,21169.41,105847.05
6866,3123,66,2,6070.99,12141.98
6867,4834,240,3,48841.77,146525.31
6868,4153,162,4,64005.28,256021.12
6869,996,111,4,12779.39,51117.56
6870,1195,28,1,54176.7,54176.7
6871,3971,6,2,642.86,1285.72
6872,2677,65,3,25140.63,75421.89
6873,4875,100,3,55420.51,166261.53
6874,2678,10,2,50484.52,100969.04
6875,2257,237,2,27207.03,54414.06
6876,686,217,5,26516.35,132581.75
6877,1163,235,3,35669.98,107009.94
6878,2158,163,5,28241.72,141208.6
6879,413,85,4,6828.31,27313.24
6880,2829,159,3,2783.41,8350.23
6881,17,226,2,45400.81,90801.62
6882,2412,37,3,3858.64,11575.92
6883,1134,108,2,7901.41,15802.82
6884,2008,248,3,55808.74,167426.22
6885,1470,59,1,43410.48,43410.48
6886,3793,162,3,64005.28,192015.84
6887,2356,129,4,9524.26,38097.04
6888,4078,242,1,14842.89,14842.89
6889,1592,40,1,10792.75,10792.75
6890,1267,5,4,16804.25,67217.0
6891,739,177,2,25646.36,51292.72
6892,1068,4,2,54318.36,108636.72
6893,868,200,5,17145.0,85725.0
6894,3403,116,4,45582.6,182330.4
6895,3787,72,3,54286.43,162859.29
6896,4244,227,2,61598.02,123196.04
6897,1458,131,4,29903.35,119613.4
6898,4544,3,4,1679.44,6717.76
6899,1600,158,1,64606.23,64606.23
6900,360,236,3,12330.19,36990.57
6901,3543,59,1,43410.48,43410.48
6902,4740,235,4,35669.98,142679.92
6903,3420,101,4,47716.78,190867.12
6904,3580,45,5,61881.38,309406.9
6905,3100,9,2,1896.99,3793.98
6906,4987,218,4,28695.07,114780.28
6907,2555,217,5,26516.35,132581.75
6908,4901,18,1,44633.15,44633.15
6909,2106,203,4,52650.81,210603.24
6910,1008,107,3,44008.33,132024.99
6911,4878,84,3,18918.53,56755.59
6912,2628,164,5,40728.62,203643.1
6913,2169,188,3,51065.63,153196.89
6914,3335,89,4,35164.04,140656.16
6915,3784,184,1,25759.96,25759.96
6916,2009,177,4,25646.36,102585.44
6917,912,89,2,35164.04,70328.08
6918,2087,43,4,29714.26,118857.04
6919,4113,192,5,15107.45,75537.25
6920,1736,163,2,28241.72,56483.44
6921,4270,233,4,59166.85,236667.4
6922,1762,38,2,547.71,1095.42
6923,3838,197,4,30911.41,123645.64
6924,3492,246,3,17087.52,51262.56
6925,2106,194,5,33793.71,168968.55
6926,2372,33,4,1350.02,5400.08
6927,2500,197,5,30911.41,154557.05
6928,2373,110,3,7098.93,21296.79
6929,2808,161,3,4529.81,13589.43
6930,481,49,1,10523.25,10523.25
6931,229,40,1,10792.75,10792.75
6932,2460,60,4,49134.01,196536.04
6933,3406,84,5,18918.53,94592.65
6934,2408,92,2,59038.83,118077.66
6935,4540,142,2,24742.5,49485.0
6936,1762,35,2,12662.52,25325.04
6937,2504,203,3,52650.81,157952.43
6938,2005,56,3,37341.47,112024.41
6939,3176,107,5,44008.33,220041.65
6940,1327,34,5,55038.37,275191.85
6941,4905,247,4,1889.76,7559.04
6942,2989,198,4,11169.83,44679.32
6943,3020,78,5,40599.73,202998.65
6944,1219,171,1,10281.14,10281.14
6945,1812,216,5,21395.53,106977.65
6946,4483,1,1,10808.33,10808.33
6947,1654,60,4,49134.01,196536.04
6948,3250,19,5,46390.24,231951.2
6949,639,231,3,63124.22,189372.66
6950,3744,124,1,19205.78,19205.78
6951,814,235,3,35669.98,107009.94
6952,731,30,1,10958.09,10958.09
6953,2918,192,5,15107.45,75537.25
6954,885,163,4,28241.72,112966.88
6955,1260,55,1,57983.9,57983.9
6956,2898,63,5,28971.16,144855.8
6957,2240,42,5,35406.75,177033.75
6958,601,29,3,21169.41,63508.23
6959,4468,119,4,33444.49,133777.96
6960,2768,10,5,50484.52,252422.6
6961,526,97,2,68459.59,136919.18
6962,4917,115,3,6132.98,18398.94
6963,186,95,4,59509.32,238037.28
6964,1124,31,3,21599.36,64798.08
6965,528,10,5,50484.52,252422.6
6966,4561,213,1,46579.95,46579.95
6967,509,8,5,31794.75,158973.75
6968,2170,76,2,22632.82,45265.64
6969,124,10,2,50484.52,100969.04
6970,3764,125,2,42471.61,84943.22
6971,1134,193,1,1860.99,1860.99
6972,3073,86,4,21297.54,85190.16
6973,4636,75,2,42394.12,84788.24
6974,3658,165,4,51492.2,205968.8
6975,1546,142,1,24742.5,24742.5
6976,4311,45,4,61881.38,247525.52
6977,1620,240,2,48841.77,97683.54
6978,3225,208,4,41507.35,166029.4
6979,3418,189,2,58222.2,116444.4
6980,823,23,3,56494.42,169483.26
6981,2020,21,1,7177.36,7177.36
6982,3759,87,2,46894.5,93789.0
6983,4889,129,4,9524.26,38097.04
6984,643,71,1,49802.41,49802.41
6985,2181,218,2,28695.07,57390.14
6986,3538,185,3,5495.72,16487.16
6987,1098,152,2,11244.0,22488.0
6988,252,204,4,44102.83,176411.32
6989,2108,188,4,51065.63,204262.52
6990,918,73,2,44385.63,88771.26
6991,4147,188,2,51065.63,102131.26
6992,4148,224,1,53537.82,53537.82
6993,3384,128,3,17503.4,52510.2
6994,1101,177,5,25646.36,128231.8
6995,4875,214,3,46708.94,140126.82
6996,2545,224,1,53537.82,53537.82
6997,2915,137,3,23377.61,70132.83
6998,3888,67,2,213.0,426.0
6999,4569,203,5,52650.81,263254.05
7000,2399,126,3,64362.26,193086.78
7001,1095,204,5,44102.83,220514.15
7002,4829,124,2,19205.78,38411.56
7003,2501,86,5,21297.54,106487.7
7004,3754,234,5,56146.62,280733.1
7005,4554,242,5,14842.89,74214.45
7006,4450,46,2,32367.18,64734.36
7007,2358,88,3,38006.23,114018.69
7008,2418,7,3,65009.38,195028.14
7009,1241,32,1,21295.25,21295.25
7010,78,29,3,21169.41,63508.23
7011,4846,157,4,10754.95,43019.8
7012,971,29,4,21169.41,84677.64
7013,3650,135,3,32067.55,96202.65
7014,2292,96,2,5276.47,10552.94
7015,4636,190,1,42783.57,42783.57
7016,2838,113,5,14029.76,70148.8
7017,4477,98,4,45423.62,181694.48
7018,1050,250,4,60076.97,240307.88
7019,4871,46,2,32367.18,64734.36
7020,1941,146,3,38757.35,116272.05
7021,1977,238,1,1908.64,1908.64
7022,267,191,2,35165.54,70331.08
7023,2838,189,3,58222.2,174666.6
7024,1601,153,3,1829.17,5487.51
7025,1502,222,3,8275.82,24827.46
7026,3280,178,2,64556.87,129113.74
7027,3723,216,4,21395.53,85582.12
7028,1788,28,2,54176.7,108353.4
7029,2940,41,3,29618.34,88855.02
7030,2967,136,4,21659.92,86639.68
7031,262,32,2,21295.25,42590.5
7032,779,189,1,58222.2,58222.2
7033,513,114,3,25781.07,77343.21
7034,999,126,2,64362.26,128724.52
7035,1690,94,5,28901.65,144508.25
7036,1607,106,2,19251.91,38503.82
7037,2409,214,5,46708.94,233544.7
7038,1445,32,3,21295.25,63885.75
7039,709,87,4,46894.5,187578.0
7040,4745,80,3,21690.71,65072.13
7041,1805,142,4,24742.5,98970.0
7042,4487,122,1,24480.91,24480.91
7043,3749,239,1,8293.55,8293.55
7044,1893,83,5,62547.04,312735.2
7045,1768,90,5,735.6,3678.0
7046,4789,22,1,42176.54,42176.54
7047,2866,201,3,29524.33,88572.99
7048,4412,230,2,31745.27,63490.54
7049,2710,111,2,12779.39,25558.78
7050,3965,55,5,57983.9,289919.5
7051,3478,202,3,10640.66,31921.98
7052,1632,173,2,50939.53,101879.06
7053,1022,111,1,12779.39,12779.39
7054,1264,1,5,10808.33,54041.65
7055,1157,239,5,8293.55,41467.75
7056,3447,170,5,55187.3,275936.5
7057,3897,143,3,52558.49,157675.47
7058,1255,171,4,10281.14,41124.56
7059,3944,85,1,6828.31,6828.31
7060,2577,57,4,59016.95,236067.8
7061,3603,203,2,52650.81,105301.62
7062,387,178,5,64556.87,322784.35
7063,3602,221,3,41568.44,124705.32
7064,296,212,4,14743.99,58975.96
7065,3077,158,5,64606.23,323031.15
7066,851,176,2,35001.92,70003.84
7067,4478,81,4,30957.28,123829.12
7068,4244,85,5,6828.31,34141.55
7069,2256,75,1,42394.12,42394.12
7070,3444,74,5,20062.57,100312.85
7071,1939,53,1,13502.43,13502.43
7072,687,23,3,56494.42,169483.26
7073,3126,194,5,33793.71,168968.55
7074,2603,80,1,21690.71,21690.71
7075,1394,100,2,55420.51,110841.02
7076,815,133,1,45678.86,45678.86
7077,3221,184,1,25759.96,25759.96
7078,2012,193,4,1860.99,7443.96
7079,2047,44,2,34014.14,68028.28
7080,3026,190,1,42783.57,42783.57
7081,4505,84,2,18918.53,37837.06
7082,1185,153,1,1829.17,1829.17
7083,3503,210,3,29960.64,89881.92
7084,3269,24,2,9618.22,19236.44
7085,507,215,4,16623.86,66495.44
7086,1970,205,5,44040.82,220204.1
7087,4224,245,4,7411.87,29647.48
7088,644,166,3,5840.36,17521.08
7089,4188,75,3,42394.12,127182.36
7090,2220,79,2,31796.72,63593.44
7091,243,2,4,2750.44,11001.76
7092,2395,201,3,29524.33,88572.99
7093,3693,189,4,58222.2,232888.8
7094,3842,236,3,12330.19,36990.57
7095,993,166,3,5840.36,17521.08
7096,3442,211,3,50593.81,151781.43
7097,822,129,2,9524.26,19048.52
7098,796,103,2,5533.32,11066.64
7099,1644,194,2,33793.71,67587.42
7100,3006,57,2,59016.95,118033.9
7101,3552,51,1,4745.62,4745.62
7102,2724,117,3,13182.39,39547.17
7103,3796,177,5,25646.36,128231.8
7104,3111,104,1,18898.17,18898.17
7105,3713,15,2,27970.24,55940.48
7106,2758,6,4,642.86,2571.44
7107,3128,110,4,7098.93,28395.72
7108,366,240,4,48841.77,195367.08
7109,4716,165,3,51492.2,154476.6
7110,158,132,3,55437.19,166311.57
7111,1213,110,1,7098.93,7098.93
7112,388,108,5,7901.41,39507.05
7113,3357,96,3,5276.47,15829.41
7114,1714,35,4,12662.52,50650.08
7115,2087,128,3,17503.4,52510.2
7116,879,167,3,32297.74,96893.22
7117,526,47,3,40909.49,122728.47
7118,115,173,3,50939.53,152818.59
7119,1602,146,4,38757.35,155029.4
7120,4264,73,5,44385.63,221928.15
7121,1724,82,5,37506.05,187530.25
7122,3177,13,1,53776.88,53776.88
7123,44,226,1,45400.81,45400.81
7124,4524,169,2,62923.23,125846.46
7125,64,231,5,63124.22,315621.1
7126,4000,28,4,54176.7,216706.8
7127,1776,136,5,21659.92,108299.6
7128,998,152,2,11244.0,22488.0
7129,4766,162,2,64005.28,128010.56
7130,3906,21,5,7177.36,35886.8
7131,779,130,5,17397.94,86989.7
7132,4717,207,2,68454.58,136909.16
7133,4580,216,1,21395.53,21395.53
7134,4377,123,5,32240.11,161200.55
7135,1054,25,4,22922.96,91691.84
7136,2724,1,1,10808.33,10808.33
7137,4299,245,1,7411.87,7411.87
7138,3813,189,3,58222.2,174666.6
7139,3741,108,1,7901.41,7901.41
7140,841,131,1,29903.35,29903.35
7141,4260,111,4,12779.39,51117.56
7142,2617,192,2,15107.45,30214.9
7143,1034,106,2,19251.91,38503.82
7144,2509,153,1,1829.17,1829.17
7145,2735,33,5,1350.02,6750.1
7146,1842,44,5,34014.14,170070.7
7147,880,233,4,59166.85,236667.4
7148,3576,87,1,46894.5,46894.5
7149,3994,243,4,131.11,524.44
7150,1646,20,2,20223.14,40446.28
7151,684,217,5,26516.35,132581.75
7152,3776,231,3,63124.22,189372.66
7153,4665,63,1,28971.16,28971.16
7154,1961,84,2,18918.53,37837.06
7155,4006,174,4,56927.09,227708.36
7156,1494,201,3,29524.33,88572.99
7157,2808,158,2,64606.23,129212.46
7158,4030,109,3,29367.34,88102.02
7159,513,24,5,9618.22,48091.1
7160,1045,83,4,62547.04,250188.16
7161,3473,161,3,4529.81,13589.43
7162,904,99,2,10955.12,21910.24
7163,4884,29,4,21169.41,84677.64
7164,1389,121,1,12980.71,12980.71
7165,2702,65,5,25140.63,125703.15
7166,1592,106,2,19251.91,38503.82
7167,4383,24,2,9618.22,19236.44
7168,2354,32,2,21295.25,42590.5
7169,2735,7,2,65009.38,130018.76
7170,1653,73,4,44385.63,177542.52
7171,102,183,4,12734.47,50937.88
7172,2550,152,4,11244.0,44976.0
7173,4138,113,3,14029.76,42089.28
7174,3653,78,3,40599.73,121799.19
7175,3506,180,3,22916.64,68749.92
7176,2496,182,3,53789.43,161368.29
7177,4415,37,1,3858.64,3858.64
7178,4222,217,4,26516.35,106065.4
7179,1784,158,5,64606.23,323031.15
7180,1450,28,2,54176.7,108353.4
7181,2703,232,3,18463.39,55390.17
7182,4179,140,4,48596.53,194386.12
7183,3860,72,1,54286.43,54286.43
7184,2879,15,2,27970.24,55940.48
7185,534,88,1,38006.23,38006.23
7186,1704,80,4,21690.71,86762.84
7187,3060,14,5,4181.19,20905.95
7188,3407,83,4,62547.04,250188.16
7189,4610,236,4,12330.19,49320.76
7190,1796,140,4,48596.53,194386.12
7191,2184,76,4,22632.82,90531.28
7192,4031,21,2,7177.36,14354.72
7193,2523,23,2,56494.42,112988.84
7194,2781,191,2,35165.54,70331.08
7195,4249,214,2,46708.94,93417.88
7196,2160,222,1,8275.82,8275.82
7197,209,109,3,29367.34,88102.02
7198,3758,212,2,14743.99,29487.98
7199,3650,108,4,7901.41,31605.64
7200,3004,108,2,7901.41,15802.82
7201,350,225,4,60097.04,240388.16
7202,4087,162,1,64005.28,64005.28
7203,1936,229,5,40892.85,204464.25
7204,1910,55,4,57983.9,231935.6
7205,3610,219,4,32485.64,129942.56
7206,3721,66,3,6070.99,18212.97
7207,778,9,5,1896.99,9484.95
7208,2064,52,5,11931.31,59656.55
7209,3844,231,1,63124.22,63124.22
7210,918,134,2,50043.92,100087.84
7211,451,231,1,63124.22,63124.22
7212,1785,172,3,53622.22,160866.66
7213,289,160,2,5722.02,11444.04
7214,2748,189,5,58222.2,291111.0
7215,1501,123,1,32240.11,32240.11
7216,3979,51,2,4745.62,9491.24
7217,435,55,1,57983.9,57983.9
7218,89,112,4,58381.78,233527.12
7219,3233,73,4,44385.63,177542.52
7220,2947,25,5,22922.96,114614.8
7221,2186,122,5,24480.91,122404.55
7222,4164,128,5,17503.4,87517.0
7223,3826,135,5,32067.55,160337.75
7224,4195,78,3,40599.73,121799.19
7225,4101,161,4,4529.81,18119.24
7226,2913,120,5,36416.76,182083.8
7227,3909,22,1,42176.54,42176.54
7228,2395,224,5,53537.82,267689.1
7229,710,118,5,4934.91,24674.55
7230,2407,107,1,44008.33,44008.33
7231,444,239,4,8293.55,33174.2
7232,4825,182,2,53789.43,107578.86
7233,1846,164,5,40728.62,203643.1
7234,2903,25,1,22922.96,22922.96
7235,4415,221,2,41568.44,83136.88
7236,1089,196,4,50609.16,202436.64
7237,4234,247,4,1889.76,7559.04
7238,3216,134,4,50043.92,200175.68
7239,4441,249,5,30676.08,153380.4
7240,4681,135,3,32067.55,96202.65
7241,1197,5,1,16804.25,16804.25
7242,1876,48,4,64744.15,258976.6
7243,2712,16,2,10378.88,20757.76
7244,408,225,3,60097.04,180291.12
7245,1146,67,1,213.0,213.0
7246,1380,11,4,38403.76,153615.04
7247,3335,96,1,5276.47,5276.47
7248,1827,56,3,37341.47,112024.41
7249,1457,215,5,16623.86,83119.3
7250,2313,154,3,56227.97,168683.91
7251,3903,112,1,58381.78,58381.78
7252,2038,183,5,12734.47,63672.35
7253,3421,221,1,41568.44,41568.44
7254,249,139,3,22524.02,67572.06
7255,4647,43,5,29714.26,148571.3
7256,3915,14,3,4181.19,12543.57
7257,2600,53,5,13502.43,67512.15
7258,3475,139,4,22524.02,90096.08
7259,3264,18,2,44633.15,89266.3
7260,4652,115,4,6132.98,24531.92
7261,4022,97,2,68459.59,136919.18
7262,931,244,2,3395.09,6790.18
7263,2747,77,3,2172.62,6517.86
7264,3310,193,1,1860.99,1860.99
7265,2300,185,2,5495.72,10991.44
7266,988,89,2,35164.04,70328.08
7267,4196,161,2,4529.81,9059.62
7268,2492,143,5,52558.49,262792.45
7269,4801,183,3,12734.47,38203.41
7270,2008,239,1,8293.55,8293.55
7271,1461,223,1,41409.35,41409.35
7272,262,134,3,50043.92,150131.76
7273,4727,237,1,27207.03,27207.03
7274,2555,13,1,53776.88,53776.88
7275,1437,72,1,54286.43,54286.43
7276,3696,9,2,1896.99,3793.98
7277,3314,184,3,25759.96,77279.88
7278,1502,227,2,61598.02,123196.04
7279,4022,186,2,43925.21,87850.42
7280,1784,20,2,20223.14,40446.28
7281,2449,210,2,29960.64,59921.28
7282,2551,17,3,36691.73,110075.19
7283,3604,32,5,21295.25,106476.25
7284,4689,231,4,63124.22,252496.88
7285,3224,42,1,35406.75,35406.75
7286,3935,201,4,29524.33,118097.32
7287,4961,219,3,32485.64,97456.92
7288,1156,247,5,1889.76,9448.8
7289,1456,26,1,57281.74,57281.74
7290,849,127,2,60846.23,121692.46
7291,4062,229,3,40892.85,122678.55
7292,4440,197,2,30911.41,61822.82
7293,663,182,3,53789.43,161368.29
7294,712,232,4,18463.39,73853.56
7295,2762,6,4,642.86,2571.44
7296,4649,108,2,7901.41,15802.82
7297,657,58,2,45571.21,91142.42
7298,2244,176,1,35001.92,35001.92
7299,2249,151,4,12383.09,49532.36
7300,658,160,4,5722.02,22888.08
7301,2614,24,5,9618.22,48091.1
7302,3248,101,2,47716.78,95433.56
7303,3944,24,3,9618.22,28854.66
7304,2875,124,1,19205.78,19205.78
7305,3475,82,5,37506.05,187530.25
7306,3552,200,5,17145.0,85725.0
7307,3571,42,2,35406.75,70813.5
7308,3619,131,3,29903.35,89710.05
7309,3675,119,1,33444.49,33444.49
7310,3794,32,2,21295.25,42590.5
7311,540,148,5,45590.74,227953.7
7312,4676,248,2,55808.74,111617.48
7313,4957,202,1,10640.66,10640.66
7314,4036,98,4,45423.62,181694.48
7315,9,171,4,10281.14,41124.56
7316,93,1,2,10808.33,21616.66
7317,1403,166,4,5840.36,23361.44
7318,4731,221,4,41568.44,166273.76
7319,1318,189,3,58222.2,174666.6
7320,2508,87,2,46894.5,93789.0
7321,3625,130,3,17397.94,52193.82
7322,1606,1,1,10808.33,10808.33
7323,1798,156,5,22854.19,114270.95
7324,4072,129,1,9524.26,9524.26
7325,3442,201,3,29524.33,88572.99
7326,3471,230,3,31745.27,95235.81
7327,4621,79,5,31796.72,158983.6
7328,719,169,5,62923.23,314616.15
7329,3397,139,3,22524.02,67572.06
7330,4924,167,5,32297.74,161488.7
7331,3986,179,3,51970.0,155910.0
7332,4934,182,2,53789.43,107578.86
7333,1462,2,2,2750.44,5500.88
7334,4763,37,2,3858.64,7717.28
7335,3098,142,4,24742.5,98970.0
7336,4106,121,1,12980.71,12980.71
7337,1696,121,3,12980.71,38942.13
7338,3049,249,4,30676.08,122704.32
7339,4353,95,3,59509.32,178527.96
7340,2685,124,4,19205.78,76823.12
7341,2657,55,1,57983.9,57983.9
7342,4752,37,3,3858.64,11575.92
7343,3429,74,2,20062.57,40125.14
7344,148,234,5,56146.62,280733.1
7345,915,57,2,59016.95,118033.9
7346,1230,45,3,61881.38,185644.14
7347,3773,95,1,59509.32,59509.32
7348,2120,20,2,20223.14,40446.28
7349,1341,108,4,7901.41,31605.64
7350,2507,193,2,1860.99,3721.98
7351,3060,188,1,51065.63,51065.63
7352,4686,72,3,54286.43,162859.29
7353,3030,248,4,55808.74,223234.96
7354,1904,26,3,57281.74,171845.22
7355,4671,39,4,57498.93,229995.72
7356,3457,46,2,32367.18,64734.36
7357,2075,126,4,64362.26,257449.04
7358,3511,1,2,10808.33,21616.66
7359,4551,39,5,57498.93,287494.65
7360,487,124,1,19205.78,19205.78
7361,499,13,2,53776.88,107553.76
7362,2090,81,5,30957.28,154786.4
7363,4327,174,4,56927.09,227708.36
7364,2236,29,4,21169.41,84677.64
7365,4814,62,5,62257.94,311289.7
7366,4940,215,4,16623.86,66495.44
7367,3919,155,2,646.95,1293.9
7368,1834,194,5,33793.71,168968.55
7369,1664,63,5,28971.16,144855.8
7370,1604,186,2,43925.21,87850.42
7371,4318,115,4,6132.98,24531.92
7372,4538,132,2,55437.19,110874.38
7373,4520,185,4,5495.72,21982.88
7374,4277,149,5,10425.94,52129.7
7375,1226,89,5,35164.04,175820.2
7376,1006,246,4,17087.52,68350.08
7377,1724,143,4,52558.49,210233.96
7378,4412,27,4,51849.33,207397.32
7379,2856,47,2,40909.49,81818.98
7380,2044,86,1,21297.54,21297.54
7381,4024,207,5,68454.58,342272.9
7382,1931,123,5,32240.11,161200.55
7383,4019,60,3,49134.01,147402.03
7384,1091,30,5,10958.09,54790.45
7385,4945,134,1,50043.92,50043.92
7386,3088,242,5,14842.89,74214.45
7387,2095,237,5,27207.03,136035.15
7388,3309,8,2,31794.75,63589.5
7389,1709,238,3,1908.64,5725.92
7390,1446,153,5,1829.17,9145.85
7391,2875,15,5,27970.24,139851.2
7392,3233,119,2,33444.49,66888.98
7393,1264,105,4,26970.33,107881.32
7394,1517,137,1,23377.61,23377.61
7395,464,116,4,45582.6,182330.4
7396,3608,117,4,13182.39,52729.56
7397,4410,219,4,32485.64,129942.56
7398,3631,172,2,53622.22,107244.44
7399,4930,124,1,19205.78,19205.78
7400,4365,18,5,44633.15,223165.75
7401,372,92,5,59038.83,295194.15
7402,3587,68,4,43109.08,172436.32
7403,4108,244,5,3395.09,16975.45
7404,4658,59,2,43410.48,86820.96
7405,271,93,2,46909.04,93818.08
7406,3981,72,1,54286.43,54286.43
7407,3478,41,3,29618.34,88855.02
7408,1150,100,1,55420.51,55420.51
7409,454,182,2,53789.43,107578.86
7410,1980,39,3,57498.93,172496.79
7411,4556,178,4,64556.87,258227.48
7412,4081,49,4,10523.25,42093.0
7413,2869,28,5,54176.7,270883.5
7414,4396,71,5,49802.41,249012.05
7415,910,158,5,64606.23,323031.15
7416,3350,194,4,33793.71,135174.84
7417,665,55,2,57983.9,115967.8
7418,4754,78,1,40599.73,40599.73
7419,3279,61,3,58995.31,176985.93
7420,3872,47,3,40909.49,122728.47
7421,3827,104,2,18898.17,37796.34
7422,4911,141,3,11433.67,34301.01
7423,3898,196,2,50609.16,101218.32
7424,3251,170,5,55187.3,275936.5
7425,2645,9,1,1896.99,1896.99
7426,3810,36,5,2797.54,13987.7
7427,2450,216,2,21395.53,42791.06
7428,4163,166,3,5840.36,17521.08
7429,4299,199,1,7626.21,7626.21
7430,222,149,5,10425.94,52129.7
7431,4824,234,5,56146.62,280733.1
7432,3513,112,5,58381.78,291908.9
7433,1320,201,3,29524.33,88572.99
7434,2565,177,1,25646.36,25646.36
7435,2677,17,3,36691.73,110075.19
7436,236,80,5,21690.71,108453.55
7437,3828,192,2,15107.45,30214.9
7438,2825,185,5,5495.72,27478.6
7439,3996,96,3,5276.47,15829.41
7440,1849,215,3,16623.86,49871.58
7441,2635,61,4,58995.31,235981.24
7442,2406,159,5,2783.41,13917.05
7443,3210,26,1,57281.74,57281.74
7444,3993,128,5,17503.4,87517.0
7445,4958,163,4,28241.72,112966.88
7446,3740,37,2,3858.64,7717.28
7447,1317,37,4,3858.64,15434.56
7448,2519,223,4,41409.35,165637.4
7449,693,194,3,33793.71,101381.13
7450,1983,61,1,58995.31,58995.31
7451,86,38,4,547.71,2190.84
7452,3771,199,3,7626.21,22878.63
7453,491,220,4,29590.01,118360.04
7454,3437,207,5,68454.58,342272.9
7455,3854,196,4,50609.16,202436.64
7456,4613,63,5,28971.16,144855.8
7457,318,230,3,31745.27,95235.81
7458,887,65,3,25140.63,75421.89
7459,1969,223,5,41409.35,207046.75
7460,3092,167,5,32297.74,161488.7
7461,81,30,4,10958.09,43832.36
7462,4225,229,1,40892.85,40892.85
7463,1270,195,1,56252.99,56252.99
7464,4080,88,1,38006.23,38006.23
7465,448,7,4,65009.38,260037.52
7466,663,244,3,3395.09,10185.27
7467,2998,136,3,21659.92,64979.76
7468,4657,57,5,59016.95,295084.75
7469,1285,222,2,8275.82,16551.64
7470,2117,66,3,6070.99,18212.97
7471,2916,242,4,14842.89,59371.56
7472,2775,47,2,40909.49,81818.98
7473,1487,33,1,1350.02,1350.02
7474,2488,191,5,35165.54,175827.7
7475,2533,72,1,54286.43,54286.43
7476,1553,160,5,5722.02,28610.1
7477,4708,96,1,5276.47,5276.47
7478,3664,103,5,5533.32,27666.6
7479,4913,51,2,4745.62,9491.24
7480,425,62,5,62257.94,311289.7
7481,649,82,4,37506.05,150024.2
7482,4783,84,5,18918.53,94592.65
7483,341,124,1,19205.78,19205.78
7484,2861,189,4,58222.2,232888.8
7485,4897,95,1,59509.32,59509.32
7486,107,215,4,16623.86,66495.44
7487,1710,106,1,19251.91,19251.91
7488,522,207,2,68454.58,136909.16
7489,4251,219,4,32485.64,129942.56
7490,2387,11,5,38403.76,192018.8
7491,927,17,4,36691.73,146766.92
7492,1563,7,4,65009.38,260037.52
7493,4735,204,5,44102.83,220514.15
7494,1878,214,5,46708.94,233544.7
7495,1191,18,3,44633.15,133899.45
7496,2573,34,5,55038.37,275191.85
7497,4256,150,5,25258.79,126293.95
7498,4755,228,5,66102.43,330512.15
7499,3249,35,5,12662.52,63312.6
7500,4721,247,2,1889.76,3779.52
7501,61,200,2,17145.0,34290.0
7502,4527,74,1,20062.57,20062.57
7503,2955,37,1,3858.64,3858.64
7504,4117,92,1,59038.83,59038.83
7505,2625,99,1,10955.12,10955.12
7506,4585,240,2,48841.77,97683.54
7507,876,147,1,979.82,979.82
7508,1227,168,4,18613.65,74454.6
7509,438,68,5,43109.08,215545.4
7510,2900,191,5,35165.54,175827.7
7511,4647,108,3,7901.41,23704.23
7512,4519,18,5,44633.15,223165.75
7513,2227,70,1,66121.59,66121.59
7514,4868,224,2,53537.82,107075.64
7515,4454,242,4,14842.89,59371.56
7516,2894,79,4,31796.72,127186.88
7517,569,160,2,5722.02,11444.04
7518,4093,165,1,51492.2,51492.2
7519,3054,65,5,25140.63,125703.15
7520,3747,79,5,31796.72,158983.6
7521,3867,10,3,50484.52,151453.56
7522,3270,98,2,45423.62,90847.24
7523,1844,8,1,31794.75,31794.75
7524,3044,101,1,47716.78,47716.78
7525,4788,167,3,32297.74,96893.22
7526,2230,161,4,4529.81,18119.24
7527,886,93,1,46909.04,46909.04
7528,798,36,2,2797.54,5595.08
7529,2741,14,4,4181.19,16724.76
7530,3234,161,3,4529.81,13589.43
7531,3082,111,1,12779.39,12779.39
7532,2950,8,3,31794.75,95384.25
7533,171,214,5,46708.94,233544.7
7534,2956,165,3,51492.2,154476.6
7535,3751,110,3,7098.93,21296.79
7536,3971,138,5,39621.63,198108.15
7537,1743,212,4,14743.99,58975.96
7538,4694,180,2,22916.64,45833.28
7539,4782,25,5,22922.96,114614.8
7540,2527,125,3,42471.61,127414.83
7541,1850,119,2,33444.49,66888.98
7542,4645,216,5,21395.53,106977.65
7543,342,181,2,30941.3,61882.6
7544,2668,223,2,41409.35,82818.7
7545,678,178,5,64556.87,322784.35
7546,3176,207,1,68454.58,68454.58
7547,4854,32,1,21295.25,21295.25
7548,1132,117,4,13182.39,52729.56
7549,2229,128,1,17503.4,17503.4
7550,2528,48,3,64744.15,194232.45
7551,1867,44,1,34014.14,34014.14
7552,826,20,5,20223.14,101115.7
7553,403,34,4,55038.37,220153.48
7554,3413,196,2,50609.16,101218.32
7555,1922,125,4,42471.61,169886.44
7556,1575,162,5,64005.28,320026.4
7557,894,201,2,29524.33,59048.66
7558,2043,2,5,2750.44,13752.2
7559,4402,63,1,28971.16,28971.16
7560,2156,95,2,59509.32,119018.64
7561,2048,126,5,64362.26,321811.3
7562,108,54,3,3826.07,11478.21
7563,3162,56,2,37341.47,74682.94
7564,1481,132,4,55437.19,221748.76
7565,2165,163,2,28241.72,56483.44
7566,2986,107,3,44008.33,132024.99
7567,3305,247,5,1889.76,9448.8
7568,3217,106,5,19251.91,96259.55
7569,280,192,3,15107.45,45322.35
7570,4537,11,1,38403.76,38403.76
7571,407,184,3,25759.96,77279.88
7572,4557,148,3,45590.74,136772.22
7573,1764,140,1,48596.53,48596.53
7574,2684,121,3,12980.71,38942.13
7575,436,234,1,56146.62,56146.62
7576,2573,70,2,66121.59,132243.18
7577,4453,177,3,25646.36,76939.08
7578,3720,139,1,22524.02,22524.02
7579,4587,163,1,28241.72,28241.72
7580,3940,117,5,13182.39,65911.95
7581,2243,159,1,2783.41,2783.41
7582,2311,226,5,45400.81,227004.05
7583,4257,224,1,53537.82,53537.82
7584,2848,172,1,53622.22,53622.22
7585,2417,70,4,66121.59,264486.36
7586,3329,24,5,9618.22,48091.1
7587,4866,88,3,38006.23,114018.69
7588,906,117,1,13182.39,13182.39
7589,292,1,4,10808.33,43233.32
7590,2978,107,2,44008.33,88016.66
7591,3241,101,4,47716.78,190867.12
7592,4394,142,3,24742.5,74227.5
7593,2380,220,3,29590.01,88770.03
7594,2725,61,4,58995.31,235981.24
7595,1801,128,4,17503.4,70013.6
7596,3487,111,3,12779.39,38338.17
7597,4952,159,3,2783.41,8350.23
7598,4912,12,2,29314.78,58629.56
7599,1873,71,3,49802.41,149407.23
7600,1088,60,5,49134.01,245670.05
7601,838,214,4,46708.94,186835.76
7602,1483,48,4,64744.15,258976.6
7603,3515,249,3,30676.08,92028.24
7604,4181,217,3,26516.35,79549.05
7605,883,135,4,32067.55,128270.2
7606,793,80,4,21690.71,86762.84
7607,1313,141,5,11433.67,57168.35
7608,1915,104,2,18898.17,37796.34
7609,2746,138,1,39621.63,39621.63
7610,3065,193,2,1860.99,3721.98
7611,1645,23,3,56494.42,169483.26
7612,673,162,2,64005.28,128010.56
7613,633,174,2,56927.09,113854.18
7614,2831,111,1,12779.39,12779.39
7615,896,243,4,131.11,524.44
7616,40,42,4,35406.75,141627.0
7617,4152,75,4,42394.12,169576.48
7618,1538,77,3,2172.62,6517.86
7619,3738,213,5,46579.95,232899.75
7620,1569,115,2,6132.98,12265.96
7621,1440,59,5,43410.48,217052.4
7622,904,124,4,19205.78,76823.12
7623,624,157,4,10754.95,43019.8
7624,4568,42,2,35406.75,70813.5
7625,2837,134,5,50043.92,250219.6
7626,2795,171,5,10281.14,51405.7
7627,2240,170,2,55187.3,110374.6
7628,985,56,3,37341.47,112024.41
7629,4060,78,1,40599.73,40599.73
7630,4324,115,3,6132.98,18398.94
7631,3662,71,1,49802.41,49802.41
7632,3700,50,5,38689.96,193449.8
7633,3905,39,5,57498.93,287494.65
7634,3440,27,4,51849.33,207397.32
7635,2845,105,3,26970.33,80910.99
7636,3599,125,5,42471.61,212358.05
7637,4684,208,1,41507.35,41507.35
7638,3153,32,5,21295.25,106476.25
7639,1990,190,3,42783.57,128350.71
7640,2151,39,3,57498.93,172496.79
7641,1019,23,5,56494.42,282472.1
7642,308,153,3,1829.17,5487.51
7643,2136,86,3,21297.54,63892.62
7644,639,150,2,25258.79,50517.58
7645,2371,27,3,51849.33,155547.99
7646,1060,132,4,55437.19,221748.76
7647,1941,80,5,21690.71,108453.55
7648,2058,2,1,2750.44,2750.44
7649,3490,217,1,26516.35,26516.35
7650,3699,13,4,53776.88,215107.52
7651,2064,156,1,22854.19,22854.19
7652,2493,79,3,31796.72,95390.16
7653,1740,63,4,28971.16,115884.64
7654,2864,216,2,21395.53,42791.06
7655,165,25,3,22922.96,68768.88
7656,3123,157,1,10754.95,10754.95
7657,2262,112,1,58381.78,58381.78
7658,3110,176,3,35001.92,105005.76
7659,628,90,4,735.6,2942.4
7660,1867,49,4,10523.25,42093.0
7661,3486,230,5,31745.27,158726.35
7662,2213,2,5,2750.44,13752.2
7663,727,52,3,11931.31,35793.93
7664,588,162,4,64005.28,256021.12
7665,4152,18,1,44633.15,44633.15
7666,48,125,1,42471.61,42471.61
7667,4701,96,4,5276.47,21105.88
7668,837,169,3,62923.23,188769.69
7669,2825,27,3,51849.33,155547.99
7670,4775,92,1,59038.83,59038.83
7671,2292,150,3,25258.79,75776.37
7672,2678,137,2,23377.61,46755.22
7673,4446,125,2,42471.61,84943.22
7674,3143,141,1,11433.67,11433.67
7675,3826,45,5,61881.38,309406.9
7676,3229,110,1,7098.93,7098.93
7677,4240,13,5,53776.88,268884.4
7678,2108,62,5,62257.94,311289.7
7679,4249,227,1,61598.02,61598.02
7680,3135,212,5,14743.99,73719.95
7681,2548,136,2,21659.92,43319.84
7682,3838,183,2,12734.47,25468.94
7683,1601,167,1,32297.74,32297.74
7684,4871,155,1,646.95,646.95
7685,3733,238,1,1908.64,1908.64
7686,2554,186,4,43925.21,175700.84
7687,2257,65,3,25140.63,75421.89
7688,27,61,1,58995.31,58995.31
7689,57,97,1,68459.59,68459.59
7690,2144,92,1,59038.83,59038.83
7691,4999,158,1,64606.23,64606.23
7692,4192,22,5,42176.54,210882.7
7693,3928,60,2,49134.01,98268.02
7694,433,8,2,31794.75,63589.5
7695,4039,164,4,40728.62,162914.48
7696,1960,183,2,12734.47,25468.94
7697,3744,47,2,40909.49,81818.98
7698,1694,201,4,29524.33,118097.32
7699,1819,214,4,46708.94,186835.76
7700,2655,16,3,10378.88,31136.64
7701,1701,38,4,547.71,2190.84
7702,368,85,5,6828.31,34141.55
7703,394,67,4,213.0,852.0
7704,1916,92,2,59038.83,118077.66
7705,2682,216,2,21395.53,42791.06
7706,1346,108,3,7901.41,23704.23
7707,2132,151,2,12383.09,24766.18
7708,430,248,3,55808.74,167426.22
7709,4615,120,2,36416.76,72833.52
7710,2501,216,3,21395.53,64186.59
7711,791,50,3,38689.96,116069.88
7712,4813,112,3,58381.78,175145.34
7713,1189,108,1,7901.41,7901.41
7714,3112,211,1,50593.81,50593.81
7715,209,157,5,10754.95,53774.75
7716,3756,41,4,29618.34,118473.36
7717,2092,226,1,45400.81,45400.81
7718,2575,23,3,56494.42,169483.26
7719,1986,30,4,10958.09,43832.36
7720,2384,24,1,9618.22,9618.22
7721,4981,158,1,64606.23,64606.23
7722,1640,112,3,58381.78,175145.34
7723,3440,80,1,21690.71,21690.71
7724,1282,179,3,51970.0,155910.0
7725,2364,227,2,61598.02,123196.04
7726,3507,11,1,38403.76,38403.76
7727,3382,33,5,1350.02,6750.1
7728,4712,169,2,62923.23,125846.46
7729,1371,49,5,10523.25,52616.25
7730,2128,53,3,13502.43,40507.29
7731,3789,156,5,22854.19,114270.95
7732,1538,138,5,39621.63,198108.15
7733,2615,237,5,27207.03,136035.15
7734,2463,95,5,59509.32,297546.6
7735,4631,43,2,29714.26,59428.52
7736,2671,17,4,36691.73,146766.92
7737,2284,223,4,41409.35,165637.4
7738,2639,46,5,32367.18,161835.9
7739,2219,160,4,5722.02,22888.08
7740,3756,91,4,31454.59,125818.36
7741,3001,81,1,30957.28,30957.28
7742,1331,132,5,55437.19,277185.95
7743,2729,112,2,58381.78,116763.56
7744,4392,49,4,10523.25,42093.0
7745,4018,105,4,26970.33,107881.32
7746,2844,198,4,11169.83,44679.32
7747,478,54,1,3826.07,3826.07
7748,27,21,2,7177.36,14354.72
7749,1046,161,1,4529.81,4529.81
7750,2011,58,5,45571.21,227856.05
7751,4039,92,2,59038.83,118077.66
7752,2145,46,1,32367.18,32367.18
7753,2469,74,5,20062.57,100312.85
7754,1758,212,3,14743.99,44231.97
7755,2364,174,3,56927.09,170781.27
7756,3720,74,5,20062.57,100312.85
7757,4150,135,2,32067.55,64135.1
7758,3482,227,5,61598.02,307990.1
7759,1641,144,2,66090.78,132181.56
7760,2966,39,3,57498.93,172496.79
7761,2346,56,1,37341.47,37341.47
7762,1576,241,3,29741.02,89223.06
7763,2039,239,3,8293.55,24880.65
7764,1417,247,1,1889.76,1889.76
7765,2884,17,4,36691.73,146766.92
7766,1604,175,3,66335.25,199005.75
7767,3112,108,1,7901.41,7901.41
7768,3544,244,5,3395.09,16975.45
7769,4703,164,5,40728.62,203643.1
7770,1243,249,3,30676.08,92028.24
7771,3853,27,3,51849.33,155547.99
7772,3898,200,3,17145.0,51435.0
7773,3402,229,1,40892.85,40892.85
7774,141,140,1,48596.53,48596.53
7775,630,10,2,50484.52,100969.04
7776,166,42,2,35406.75,70813.5
7777,841,184,2,25759.96,51519.92
7778,1718,150,3,25258.79,75776.37
7779,2977,28,2,54176.7,108353.4
7780,791,221,4,41568.44,166273.76
7781,4885,132,2,55437.19,110874.38
7782,1118,49,2,10523.25,21046.5
7783,4551,91,3,31454.59,94363.77
7784,809,68,2,43109.08,86218.16
7785,1346,105,2,26970.33,53940.66
7786,1091,106,2,19251.91,38503.82
7787,933,76,3,22632.82,67898.46
7788,2617,52,4,11931.31,47725.24
7789,872,87,1,46894.5,46894.5
7790,2185,83,1,62547.04,62547.04
7791,3218,126,5,64362.26,321811.3
7792,3610,127,5,60846.23,304231.15
7793,4097,208,1,41507.35,41507.35
7794,643,174,1,56927.09,56927.09
7795,2892,195,5,56252.99,281264.95
7796,823,54,2,3826.07,7652.14
7797,3463,138,3,39621.63,118864.89
7798,1526,51,2,4745.62,9491.24
7799,3222,49,3,10523.25,31569.75
7800,2911,204,3,44102.83,132308.49
7801,3396,157,1,10754.95,10754.95
7802,1701,50,4,38689.96,154759.84
7803,4610,181,2,30941.3,61882.6
7804,710,9,3,1896.99,5690.97
7805,3641,22,5,42176.54,210882.7
7806,3728,64,2,45985.44,91970.88
7807,1641,181,5,30941.3,154706.5
7808,821,91,3,31454.59,94363.77
7809,2792,87,2,46894.5,93789.0
7810,3720,248,5,55808.74,279043.7
7811,3845,112,2,58381.78,116763.56
7812,3121,2,2,2750.44,5500.88
7813,1764,85,4,6828.31,27313.24
7814,2329,6,5,642.86,3214.3
7815,1907,4,5,54318.36,271591.8
7816,4376,111,5,12779.39,63896.95
7817,4973,21,5,7177.36,35886.8
7818,3057,4,4,54318.36,217273.44
7819,4594,112,4,58381.78,233527.12
7820,4662,101,5,47716.78,238583.9
7821,4682,156,5,22854.19,114270.95
7822,1781,171,5,10281.14,51405.7
7823,887,146,1,38757.35,38757.35
7824,4655,75,5,42394.12,211970.6
7825,3770,70,4,66121.59,264486.36
7826,965,45,2,61881.38,123762.76
7827,684,154,1,56227.97,56227.97
7828,296,37,3,3858.64,11575.92
7829,746,93,3,46909.04,140727.12
7830,927,127,3,60846.23,182538.69
7831,4258,195,4,56252.99,225011.96
7832,1784,231,4,63124.22,252496.88
7833,1727,86,2,21297.54,42595.08
7834,1661,43,4,29714.26,118857.04
7835,281,34,5,55038.37,275191.85
7836,4859,155,4,646.95,2587.8
7837,3346,247,4,1889.76,7559.04
7838,4110,111,5,12779.39,63896.95
7839,3023,209,5,39850.3,199251.5
7840,2201,55,1,57983.9,57983.9
7841,729,99,2,10955.12,21910.24
7842,550,16,4,10378.88,41515.52
7843,2905,221,1,41568.44,41568.44
7844,2497,180,5,22916.64,114583.2
7845,2074,216,4,21395.53,85582.12
7846,1694,202,5,10640.66,53203.3
7847,3298,188,3,51065.63,153196.89
7848,2378,192,2,15107.45,30214.9
7849,641,5,3,16804.25,50412.75
7850,2898,113,4,14029.76,56119.04
7851,544,170,1,55187.3,55187.3
7852,1679,175,1,66335.25,66335.25
7853,1179,119,3,33444.49,100333.47
7854,4697,107,1,44008.33,44008.33
7855,4565,236,5,12330.19,61650.95
7856,4737,196,3,50609.16,151827.48
7857,4490,99,5,10955.12,54775.6
7858,3698,156,2,22854.19,45708.38
7859,2718,223,5,41409.35,207046.75
7860,2453,53,3,13502.43,40507.29
7861,1320,49,1,10523.25,10523.25
7862,2145,146,3,38757.35,116272.05
7863,2732,43,1,29714.26,29714.26
7864,1383,89,5,35164.04,175820.2
7865,3550,12,4,29314.78,117259.12
7866,1139,165,1,51492.2,51492.2
7867,4196,28,5,54176.7,270883.5
7868,365,175,3,66335.25,199005.75
7869,392,168,5,18613.65,93068.25
7870,4791,30,3,10958.09,32874.27
7871,1017,205,3,44040.82,132122.46
7872,851,75,1,42394.12,42394.12
7873,2935,202,1,10640.66,10640.66
7874,4575,90,1,735.6,735.6
7875,649,181,2,30941.3,61882.6
7876,2182,123,3,32240.11,96720.33
7877,1324,249,5,30676.08,153380.4
7878,3290,233,2,59166.85,118333.7
7879,3397,66,1,6070.99,6070.99
7880,1497,44,4,34014.14,136056.56
7881,2484,116,2,45582.6,91165.2
7882,2624,178,3,64556.87,193670.61
7883,1796,180,5,22916.64,114583.2
7884,1461,74,3,20062.57,60187.71
7885,1736,154,4,56227.97,224911.88
7886,108,217,3,26516.35,79549.05
7887,1037,65,1,25140.63,25140.63
7888,4399,245,1,7411.87,7411.87
7889,3716,73,3,44385.63,133156.89
7890,1133,95,2,59509.32,119018.64
7891,4680,180,4,22916.64,91666.56
7892,4325,167,3,32297.74,96893.22
7893,1522,116,4,45582.6,182330.4
7894,4122,220,2,29590.01,59180.02
7895,157,146,1,38757.35,38757.35
7896,4490,166,5,5840.36,29201.8
7897,837,43,2,29714.26,59428.52
7898,2513,201,4,29524.33,118097.32
7899,3194,32,3,21295.25,63885.75
7900,1308,200,5,17145.0,85725.0
7901,321,155,4,646.95,2587.8
7902,14,42,1,35406.75,35406.75
7903,4981,196,4,50609.16,202436.64
7904,4809,181,1,30941.3,30941.3
7905,4976,112,2,58381.78,116763.56
7906,2933,222,1,8275.82,8275.82
7907,2607,160,1,5722.02,5722.02
7908,613,121,3,12980.71,38942.13
7909,1747,61,1,58995.31,58995.31
7910,3604,15,2,27970.24,55940.48
7911,2870,230,2,31745.27,63490.54
7912,1960,128,5,17503.4,87517.0
7913,3883,1,5,10808.33,54041.65
7914,3189,14,3,4181.19,12543.57
7915,1931,120,4,36416.76,145667.04
7916,2832,141,4,11433.67,45734.68
7917,1476,197,3,30911.41,92734.23
7918,1625,120,1,36416.76,36416.76
7919,4034,36,1,2797.54,2797.54
7920,941,83,2,62547.04,125094.08
7921,1968,59,1,43410.48,43410.48
7922,61,52,2,11931.31,23862.62
7923,2758,244,4,3395.09,13580.36
7924,4714,234,4,56146.62,224586.48
7925,2226,114,3,25781.07,77343.21
7926,551,49,2,10523.25,21046.5
7927,574,237,1,27207.03,27207.03
7928,2923,24,5,9618.22,48091.1
7929,3397,129,2,9524.26,19048.52
7930,4999,75,5,42394.12,211970.6
7931,2467,41,2,29618.34,59236.68
7932,3378,168,4,18613.65,74454.6
7933,1618,23,3,56494.42,169483.26
7934,2480,227,2,61598.02,123196.04
7935,145,152,5,11244.0,56220.0
7936,241,53,3,13502.43,40507.29
7937,4657,31,2,21599.36,43198.72
7938,624,92,4,59038.83,236155.32
7939,2807,51,4,4745.62,18982.48
7940,3540,128,1,17503.4,17503.4
7941,1698,103,3,5533.32,16599.96
7942,3431,226,2,45400.81,90801.62
7943,2693,22,3,42176.54,126529.62
7944,2661,44,2,34014.14,68028.28
7945,4220,194,2,33793.71,67587.42
7946,1742,36,3,2797.54,8392.62
7947,1773,213,3,46579.95,139739.85
7948,4191,169,3,62923.23,188769.69
7949,1532,211,5,50593.81,252969.05
7950,3661,196,5,50609.16,253045.8
7951,4655,55,3,57983.9,173951.7
7952,4884,218,4,28695.07,114780.28
7953,2911,250,4,60076.97,240307.88
7954,3737,81,5,30957.28,154786.4
7955,1966,165,2,51492.2,102984.4
7956,2839,46,1,32367.18,32367.18
7957,4977,128,1,17503.4,17503.4
7958,3175,76,1,22632.82,22632.82
7959,3549,74,1,20062.57,20062.57
7960,1177,51,1,4745.62,4745.62
7961,2650,72,1,54286.43,54286.43
7962,1275,79,3,31796.72,95390.16
7963,3771,129,2,9524.26,19048.52
7964,69,227,4,61598.02,246392.08
7965,2737,4,1,54318.36,54318.36
7966,3276,51,2,4745.62,9491.24
7967,4076,163,1,28241.72,28241.72
7968,1553,167,3,32297.74,96893.22
7969,4679,30,3,10958.09,32874.27
7970,838,222,1,8275.82,8275.82
7971,2837,33,4,1350.02,5400.08
7972,4958,161,4,4529.81,18119.24
7973,1647,211,4,50593.81,202375.24
7974,2438,43,4,29714.26,118857.04
7975,1252,187,1,49126.18,49126.18
7976,1536,234,4,56146.62,224586.48
7977,2143,176,3,35001.92,105005.76
7978,2334,52,4,11931.31,47725.24
7979,3985,108,5,7901.41,39507.05
7980,3941,157,4,10754.95,43019.8
7981,3923,169,3,62923.23,188769.69
7982,3194,123,2,32240.11,64480.22
7983,3166,153,5,1829.17,9145.85
7984,3346,182,2,53789.43,107578.86
7985,40,229,1,40892.85,40892.85
7986,1905,53,2,13502.43,27004.86
7987,1087,125,5,42471.61,212358.05
7988,4596,189,5,58222.2,291111.0
7989,1105,208,1,41507.35,41507.35
7990,3705,1,2,10808.33,21616.66
7991,3417,171,4,10281.14,41124.56
7992,989,155,5,646.95,3234.75
7993,3153,19,3,46390.24,139170.72
7994,4940,73,5,44385.63,221928.15
7995,771,220,5,29590.01,147950.05
7996,2883,31,3,21599.36,64798.08
7997,3766,91,4,31454.59,125818.36
7998,1010,250,4,60076.97,240307.88
7999,341,204,2,44102.83,88205.66
8000,4463,73,5,44385.63,221928.15
8001,2673,250,2,60076.97,120153.94
8002,3264,8,4,31794.75,127179.0
8003,4223,226,2,45400.81,90801.62
8004,1292,249,5,30676.08,153380.4
8005,3756,145,3,12802.99,38408.97
8006,3310,19,3,46390.24,139170.72
8007,694,193,1,1860.99,1860.99
8008,4634,234,4,56146.62,224586.48
8009,3134,18,3,44633.15,133899.45
8010,1391,159,2,2783.41,5566.82
8011,1295,188,3,51065.63,153196.89
8012,3702,136,5,21659.92,108299.6
8013,377,234,5,56146.62,280733.1
8014,4135,86,1,21297.54,21297.54
8015,3470,146,1,38757.35,38757.35
8016,1567,15,2,27970.24,55940.48
8017,2340,189,4,58222.2,232888.8
8018,584,21,2,7177.36,14354.72
8019,404,36,4,2797.54,11190.16
8020,1742,7,2,65009.38,130018.76
8021,1920,224,5,53537.82,267689.1
8022,2971,164,5,40728.62,203643.1
8023,2708,180,1,22916.64,22916.64
8024,1142,152,2,11244.0,22488.0
8025,289,119,2,33444.49,66888.98
8026,1206,51,1,4745.62,4745.62
8027,1677,63,3,28971.16,86913.48
8028,4534,39,2,57498.93,114997.86
8029,1838,148,5,45590.74,227953.7
8030,2944,18,1,44633.15,44633.15
8031,983,246,2,17087.52,34175.04
8032,4773,128,4,17503.4,70013.6
8033,1996,139,4,22524.02,90096.08
8034,4929,41,4,29618.34,118473.36
8035,4517,120,4,36416.76,145667.04
8036,3585,242,5,14842.89,74214.45
8037,1282,63,4,28971.16,115884.64
8038,63,163,5,28241.72,141208.6
8039,2401,47,2,40909.49,81818.98
8040,4860,198,4,11169.83,44679.32
8041,3344,85,1,6828.31,6828.31
8042,2496,66,3,6070.99,18212.97
8043,4170,97,3,68459.59,205378.77
8044,3765,70,2,66121.59,132243.18
8045,194,230,4,31745.27,126981.08
8046,1272,210,1,29960.64,29960.64
8047,3131,136,1,21659.92,21659.92
8048,2535,174,5,56927.09,284635.45
8049,2448,208,5,41507.35,207536.75
8050,1011,151,5,12383.09,61915.45
8051,3597,37,1,3858.64,3858.64
8052,1419,216,5,21395.53,106977.65
8053,4211,21,1,7177.36,7177.36
8054,1708,3,1,1679.44,1679.44
8055,4242,70,2,66121.59,132243.18
8056,1790,150,1,25258.79,25258.79
8057,2373,230,1,31745.27,31745.27
8058,4745,181,5,30941.3,154706.5
8059,952,194,1,33793.71,33793.71
8060,3589,152,4,11244.0,44976.0
8061,2042,229,2,40892.85,81785.7
8062,174,161,3,4529.81,13589.43
8063,11,117,3,13182.39,39547.17
8064,4682,246,3,17087.52,51262.56
8065,433,223,3,41409.35,124228.05
8066,2318,62,2,62257.94,124515.88
8067,3613,25,5,22922.96,114614.8
8068,1361,147,5,979.82,4899.1
8069,49,37,5,3858.64,19293.2
8070,2302,250,3,60076.97,180230.91
8071,914,204,4,44102.83,176411.32
8072,709,173,4,50939.53,203758.12
8073,4849,55,4,57983.9,231935.6
8074,1466,70,1,66121.59,66121.59
8075,4257,190,5,42783.57,213917.85
8076,2708,222,1,8275.82,8275.82
8077,3505,60,2,49134.01,98268.02
8078,1971,130,1,17397.94,17397.94
8079,1605,126,1,64362.26,64362.26
8080,2623,124,3,19205.78,57617.34
8081,627,10,2,50484.52,100969.04
8082,3899,106,2,19251.91,38503.82
8083,1436,107,3,44008.33,132024.99
8084,4924,69,1,9102.07,9102.07
8085,2674,33,3,1350.02,4050.06
8086,4376,54,5,3826.07,19130.35
8087,2867,22,4,42176.54,168706.16
8088,1920,81,4,30957.28,123829.12
8089,4236,19,1,46390.24,46390.24
8090,3370,73,3,44385.63,133156.89
8091,3554,106,5,19251.91,96259.55
8092,2251,207,4,68454.58,273818.32
8093,872,211,2,50593.81,101187.62
8094,1398,176,5,35001.92,175009.6
8095,481,203,1,52650.81,52650.81
8096,483,228,2,66102.43,132204.86
8097,4948,167,1,32297.74,32297.74
8098,2773,134,3,50043.92,150131.76
8099,990,215,1,16623.86,16623.86
8100,4514,95,5,59509.32,297546.6
8101,666,235,1,35669.98,35669.98
8102,436,25,3,22922.96,68768.88
8103,3146,12,2,29314.78,58629.56
8104,1568,197,3,30911.41,92734.23
8105,2048,228,3,66102.43,198307.29
8106,4851,249,4,30676.08,122704.32
8107,4173,42,5,35406.75,177033.75
8108,4852,4,1,54318.36,54318.36
8109,2218,247,1,1889.76,1889.76
8110,4407,30,2,10958.09,21916.18
8111,1986,87,4,46894.5,187578.0
8112,1867,208,1,41507.35,41507.35
8113,3270,127,4,60846.23,243384.92
8114,3238,13,2,53776.88,107553.76
8115,3711,25,4,22922.96,91691.84
8116,4596,150,2,25258.79,50517.58
8117,3795,136,5,21659.92,108299.6
8118,4555,71,4,49802.41,199209.64
8119,4200,198,4,11169.83,44679.32
8120,735,140,1,48596.53,48596.53
8121,1629,217,5,26516.35,132581.75
8122,1881,79,4,31796.72,127186.88
8123,3635,192,1,15107.45,15107.45
8124,2852,250,1,60076.97,60076.97
8125,104,166,3,5840.36,17521.08
8126,3886,60,1,49134.01,49134.01
8127,4545,8,2,31794.75,63589.5
8128,4237,43,1,29714.26,29714.26
8129,1766,30,1,10958.09,10958.09
8130,2442,215,5,16623.86,83119.3
8131,1415,80,1,21690.71,21690.71
8132,2465,189,2,58222.2,116444.4
8133,172,71,3,49802.41,149407.23
8134,2533,98,5,45423.62,227118.1
8135,3805,137,5,23377.61,116888.05
8136,2431,38,3,547.71,1643.13
8137,4609,106,2,19251.91,38503.82
8138,2461,149,1,10425.94,10425.94
8139,175,239,1,8293.55,8293.55
8140,4840,116,4,45582.6,182330.4
8141,4309,185,5,5495.72,27478.6
8142,2268,93,1,46909.04,46909.04
8143,502,67,1,213.0,213.0
8144,2983,23,1,56494.42,56494.42
8145,1623,162,1,64005.28,64005.28
8146,1757,7,4,65009.38,260037.52
8147,3187,220,4,29590.01,118360.04
8148,578,123,1,32240.11,32240.11
8149,3172,180,1,22916.64,22916.64
8150,3177,176,4,35001.92,140007.68
8151,4558,188,3,51065.63,153196.89
8152,3390,80,5,21690.71,108453.55
8153,1110,204,1,44102.83,44102.83
8154,4910,134,4,50043.92,200175.68
8155,1037,136,3,21659.92,64979.76
8156,4287,236,1,12330.19,12330.19
8157,4194,28,5,54176.7,270883.5
8158,3189,147,4,979.82,3919.28
8159,4951,36,2,2797.54,5595.08
8160,2301,66,3,6070.99,18212.97
8161,457,84,3,18918.53,56755.59
8162,3604,37,3,3858.64,11575.92
8163,4084,194,4,33793.71,135174.84
8164,1402,22,2,42176.54,84353.08
8165,4676,105,2,26970.33,53940.66
8166,3308,40,1,10792.75,10792.75
8167,4776,20,4,20223.14,80892.56
8168,63,244,3,3395.09,10185.27
8169,4786,174,3,56927.09,170781.27
8170,898,123,2,32240.11,64480.22
8171,1587,18,5,44633.15,223165.75
8172,235,17,4,36691.73,146766.92
8173,458,179,4,51970.0,207880.0
8174,3470,211,5,50593.81,252969.05
8175,3080,63,4,28971.16,115884.64
8176,1100,26,5,57281.74,286408.7
8177,2974,202,5,10640.66,53203.3
8178,4719,56,3,37341.47,112024.41
8179,4208,241,3,29741.02,89223.06
8180,418,207,3,68454.58,205363.74
8181,3944,11,3,38403.76,115211.28
8182,3741,23,2,56494.42,112988.84
8183,3413,82,4,37506.05,150024.2
8184,2839,99,3,10955.12,32865.36
8185,827,175,4,66335.25,265341.0
8186,2585,102,4,28252.05,113008.2
8187,3438,118,1,4934.91,4934.91
8188,2746,118,1,4934.91,4934.91
8189,682,211,1,50593.81,50593.81
8190,1150,10,4,50484.52,201938.08
8191,148,27,5,51849.33,259246.65
8192,145,178,3,64556.87,193670.61
8193,4313,197,5,30911.41,154557.05
8194,1571,196,3,50609.16,151827.48
8195,4667,109,4,29367.34,117469.36
8196,4831,207,2,68454.58,136909.16
8197,3353,47,3,40909.49,122728.47
8198,2778,36,3,2797.54,8392.62
8199,3772,108,1,7901.41,7901.41
8200,2863,8,2,31794.75,63589.5
8201,1537,89,5,35164.04,175820.2
8202,4205,166,3,5840.36,17521.08
8203,4387,13,5,53776.88,268884.4
8204,3423,17,5,36691.73,183458.65
8205,3532,173,5,50939.53,254697.65
8206,1567,193,1,1860.99,1860.99
8207,2072,53,3,13502.43,40507.29
8208,1189,42,5,35406.75,177033.75
8209,4940,224,4,53537.82,214151.28
8210,4426,96,2,5276.47,10552.94
8211,1072,212,1,14743.99,14743.99
8212,28,17,2,36691.73,73383.46
8213,1795,231,5,63124.22,315621.1
8214,4458,145,2,12802.99,25605.98
8215,79,145,1,12802.99,12802.99
8216,2299,2,1,2750.44,2750.44
8217,2026,126,4,64362.26,257449.04
8218,2824,142,3,24742.5,74227.5
8219,4647,170,1,55187.3,55187.3
8220,869,229,3,40892.85,122678.55
8221,2779,111,3,12779.39,38338.17
8222,4,38,3,547.71,1643.13
8223,3688,141,4,11433.67,45734.68
8224,306,173,5,50939.53,254697.65
8225,381,157,3,10754.95,32264.85
8226,462,37,4,3858.64,15434.56
8227,4931,145,1,12802.99,12802.99
8228,2222,101,2,47716.78,95433.56
8229,3236,155,1,646.95,646.95
8230,4874,196,5,50609.16,253045.8
8231,913,133,2,45678.86,91357.72
8232,4274,108,3,7901.41,23704.23
8233,4347,194,5,33793.71,168968.55
8234,1538,98,2,45423.62,90847.24
8235,3347,151,4,12383.09,49532.36
8236,652,106,2,19251.91,38503.82
8237,3186,245,4,7411.87,29647.48
8238,3892,227,1,61598.02,61598.02
8239,3731,235,4,35669.98,142679.92
8240,2608,48,5,64744.15,323720.75
8241,3368,184,5,25759.96,128799.8
8242,2451,239,2,8293.55,16587.1
8243,3152,160,1,5722.02,5722.02
8244,2929,219,3,32485.64,97456.92
8245,4426,162,5,64005.28,320026.4
8246,3786,237,5,27207.03,136035.15
8247,4459,187,1,49126.18,49126.18
8248,2170,25,2,22922.96,45845.92
8249,2113,84,2,18918.53,37837.06
8250,3643,193,4,1860.99,7443.96
8251,291,93,1,46909.04,46909.04
8252,4369,206,4,6578.5,26314.0
8253,2768,239,3,8293.55,24880.65
8254,336,83,4,62547.04,250188.16
8255,1336,68,3,43109.08,129327.24
8256,4377,21,5,7177.36,35886.8
8257,4397,137,4,23377.61,93510.44
8258,3621,133,5,45678.86,228394.3
8259,3015,222,1,8275.82,8275.82
8260,831,58,5,45571.21,227856.05
8261,925,236,5,12330.19,61650.95
8262,1646,135,4,32067.55,128270.2
8263,510,113,3,14029.76,42089.28
8264,662,77,2,2172.62,4345.24
8265,180,26,2,57281.74,114563.48
8266,2265,215,5,16623.86,83119.3
8267,4407,220,3,29590.01,88770.03
8268,1736,142,2,24742.5,49485.0
8269,4472,170,1,55187.3,55187.3
8270,2545,5,3,16804.25,50412.75
8271,3199,46,3,32367.18,97101.54
8272,3890,137,4,23377.61,93510.44
8273,1606,204,3,44102.83,132308.49
8274,3605,238,2,1908.64,3817.28
8275,1767,106,2,19251.91,38503.82
8276,3945,235,2,35669.98,71339.96
8277,1906,13,5,53776.88,268884.4
8278,4674,3,2,1679.44,3358.88
8279,2506,82,3,37506.05,112518.15
8280,2539,102,5,28252.05,141260.25
8281,2321,206,2,6578.5,13157.0
8282,1464,214,1,46708.94,46708.94
8283,345,222,5,8275.82,41379.1
8284,2637,76,5,22632.82,113164.1
8285,3171,144,4,66090.78,264363.12
8286,834,125,4,42471.61,169886.44
8287,1542,15,4,27970.24,111880.96
8288,4639,239,1,8293.55,8293.55
8289,4694,159,1,2783.41,2783.41
8290,4679,157,5,10754.95,53774.75
8291,2285,102,4,28252.05,113008.2
8292,3436,18,4,44633.15,178532.6
8293,158,153,5,1829.17,9145.85
8294,3050,31,1,21599.36,21599.36
8295,325,56,3,37341.47,112024.41
8296,3310,187,2,49126.18,98252.36
8297,2610,124,4,19205.78,76823.12
8298,1090,18,1,44633.15,44633.15
8299,4875,9,2,1896.99,3793.98
8300,4315,7,3,65009.38,195028.14
8301,3717,195,5,56252.99,281264.95
8302,2814,96,1,5276.47,5276.47
8303,197,206,1,6578.5,6578.5
8304,2104,77,3,2172.62,6517.86
8305,604,89,4,35164.04,140656.16
8306,3132,175,2,66335.25,132670.5
8307,339,242,3,14842.89,44528.67
8308,3677,230,2,31745.27,63490.54
8309,4071,96,4,5276.47,21105.88
8310,1268,206,2,6578.5,13157.0
8311,179,42,1,35406.75,35406.75
8312,3695,82,5,37506.05,187530.25
8313,4656,46,5,32367.18,161835.9
8314,1738,145,1,12802.99,12802.99
8315,2625,50,4,38689.96,154759.84
8316,240,31,2,21599.36,43198.72
8317,3917,182,4,53789.43,215157.72
8318,237,248,4,55808.74,223234.96
8319,1514,2,2,2750.44,5500.88
8320,1251,229,3,40892.85,122678.55
8321,4256,156,2,22854.19,45708.38
8322,1154,59,4,43410.48,173641.92
8323,3946,235,3,35669.98,107009.94
8324,3445,126,4,64362.26,257449.04
8325,2220,240,4,48841.77,195367.08
8326,3179,222,5,8275.82,41379.1
8327,2664,53,2,13502.43,27004.86
8328,2272,30,3,10958.09,32874.27
8329,4140,73,2,44385.63,88771.26
8330,3429,167,5,32297.74,161488.7
8331,4951,131,5,29903.35,149516.75
8332,289,228,4,66102.43,264409.72
8333,3616,92,4,59038.83,236155.32
8334,2342,112,3,58381.78,175145.34
8335,4339,87,4,46894.5,187578.0
8336,4499,96,4,5276.47,21105.88
8337,2452,94,1,28901.65,28901.65
8338,4766,46,3,32367.18,97101.54
8339,1127,115,5,6132.98,30664.9
8340,1984,68,4,43109.08,172436.32
8341,4409,175,2,66335.25,132670.5
8342,4584,244,3,3395.09,10185.27
8343,748,103,3,5533.32,16599.96
8344,1183,47,5,40909.49,204547.45
8345,4019,250,2,60076.97,120153.94
8346,2673,28,1,54176.7,54176.7
8347,4512,120,4,36416.76,145667.04
8348,4345,101,2,47716.78,95433.56
8349,2127,161,1,4529.81,4529.81
8350,2243,73,5,44385.63,221928.15
8351,3920,171,4,10281.14,41124.56
8352,3616,77,4,2172.62,8690.48
8353,3339,200,2,17145.0,34290.0
8354,4786,115,1,6132.98,6132.98
8355,150,50,1,38689.96,38689.96
8356,4292,138,4,39621.63,158486.52
8357,1467,128,4,17503.4,70013.6
8358,4658,243,4,131.11,524.44
8359,449,224,4,53537.82,214151.28
8360,4419,130,5,17397.94,86989.7
8361,3130,113,3,14029.76,42089.28
8362,1432,244,1,3395.09,3395.09
8363,2708,176,1,35001.92,35001.92
8364,2658,121,5,12980.71,64903.55
8365,2426,104,2,18898.17,37796.34
8366,1182,211,1,50593.81,50593.81
8367,3320,54,3,3826.07,11478.21
8368,3334,85,1,6828.31,6828.31
8369,4353,185,4,5495.72,21982.88
8370,2605,198,1,11169.83,11169.83
8371,2836,60,1,49134.01,49134.01
8372,1087,17,3,36691.73,110075.19
8373,588,174,2,56927.09,113854.18
8374,4271,33,5,1350.02,6750.1
8375,4111,165,4,51492.2,205968.8
8376,385,137,4,23377.61,93510.44
8377,4170,110,3,7098.93,21296.79
8378,886,236,3,12330.19,36990.57
8379,3578,215,4,16623.86,66495.44
8380,435,201,1,29524.33,29524.33
8381,4049,4,3,54318.36,162955.08
8382,4643,61,5,58995.31,294976.55
8383,3398,119,1,33444.49,33444.49
8384,877,230,3,31745.27,95235.81
8385,3028,178,2,64556.87,129113.74
8386,1508,100,3,55420.51,166261.53
8387,638,189,2,58222.2,116444.4
8388,2155,99,3,10955.12,32865.36
8389,2744,40,5,10792.75,53963.75
8390,2960,184,4,25759.96,103039.84
8391,4598,116,2,45582.6,91165.2
8392,2599,30,4,10958.09,43832.36
8393,4449,62,2,62257.94,124515.88
8394,47,241,2,29741.02,59482.04
8395,1304,205,4,44040.82,176163.28
8396,1019,22,2,42176.54,84353.08
8397,662,129,1,9524.26,9524.26
8398,491,37,1,3858.64,3858.64
8399,2278,154,5,56227.97,281139.85
8400,422,9,5,1896.99,9484.95
8401,2081,114,3,25781.07,77343.21
8402,2727,93,4,46909.04,187636.16
8403,3981,64,3,45985.44,137956.32
8404,1775,39,5,57498.93,287494.65
8405,1479,59,5,43410.48,217052.4
8406,560,49,2,10523.25,21046.5
8407,544,141,2,11433.67,22867.34
8408,3407,100,5,55420.51,277102.55
8409,2152,160,5,5722.02,28610.1
8410,2040,92,5,59038.83,295194.15
8411,4203,165,1,51492.2,51492.2
8412,4296,70,4,66121.59,264486.36
8413,4919,133,4,45678.86,182715.44
8414,1691,36,5,2797.54,13987.7
8415,3713,229,3,40892.85,122678.55
8416,2744,110,2,7098.93,14197.86
8417,3885,28,2,54176.7,108353.4
8418,3820,14,2,4181.19,8362.38
8419,2126,235,3,35669.98,107009.94
8420,3215,218,5,28695.07,143475.35
8421,4303,71,3,49802.41,149407.23
8422,4620,139,5,22524.02,112620.1
8423,239,155,1,646.95,646.95
8424,3110,103,1,5533.32,5533.32
8425,4700,77,4,2172.62,8690.48
8426,4297,51,1,4745.62,4745.62
8427,3414,38,4,547.71,2190.84
8428,2384,104,3,18898.17,56694.51
8429,4113,230,5,31745.27,158726.35
8430,4639,152,5,11244.0,56220.0
8431,4094,46,3,32367.18,97101.54
8432,2195,195,3,56252.99,168758.97
8433,3186,233,2,59166.85,118333.7
8434,673,37,5,3858.64,19293.2
8435,2295,204,2,44102.83,88205.66
8436,352,149,2,10425.94,20851.88
8437,3757,79,5,31796.72,158983.6
8438,2013,176,5,35001.92,175009.6
8439,363,151,5,12383.09,61915.45
8440,755,176,1,35001.92,35001.92
8441,1174,36,1,2797.54,2797.54
8442,1489,246,1,17087.52,17087.52
8443,2796,168,1,18613.65,18613.65
8444,1135,166,5,5840.36,29201.8
8445,2900,21,2,7177.36,14354.72
8446,3140,131,3,29903.35,89710.05
8447,263,84,3,18918.53,56755.59
8448,887,184,4,25759.96,103039.84
8449,2720,43,2,29714.26,59428.52
8450,4003,3,1,1679.44,1679.44
8451,4403,221,4,41568.44,166273.76
8452,4081,122,3,24480.91,73442.73
8453,634,158,1,64606.23,64606.23
8454,379,53,2,13502.43,27004.86
8455,1298,247,4,1889.76,7559.04
8456,218,122,2,24480.91,48961.82
8457,2351,195,4,56252.99,225011.96
8458,4174,192,3,15107.45,45322.35
8459,1965,42,4,35406.75,141627.0
8460,3832,245,3,7411.87,22235.61
8461,4358,80,4,21690.71,86762.84
8462,2230,163,2,28241.72,56483.44
8463,636,199,1,7626.21,7626.21
8464,1711,36,2,2797.54,5595.08
8465,1901,140,3,48596.53,145789.59
8466,2110,63,4,28971.16,115884.64
8467,3561,246,4,17087.52,68350.08
8468,1935,15,3,27970.24,83910.72
8469,4490,88,5,38006.23,190031.15
8470,1426,20,5,20223.14,101115.7
8471,3464,227,3,61598.02,184794.06
8472,2796,155,5,646.95,3234.75
8473,3438,140,2,48596.53,97193.06
8474,1136,70,2,66121.59,132243.18
8475,764,234,2,56146.62,112293.24
8476,655,39,3,57498.93,172496.79
8477,2996,242,5,14842.89,74214.45
8478,4111,158,5,64606.23,323031.15
8479,1602,189,5,58222.2,291111.0
8480,1380,177,2,25646.36,51292.72
8481,172,123,5,32240.11,161200.55
8482,979,69,1,9102.07,9102.07
8483,1046,237,3,27207.03,81621.09
8484,3829,6,4,642.86,2571.44
8485,3691,232,1,18463.39,18463.39
8486,3746,128,5,17503.4,87517.0
8487,1528,216,3,21395.53,64186.59
8488,2078,230,3,31745.27,95235.81
8489,2462,189,4,58222.2,232888.8
8490,2670,168,5,18613.65,93068.25
8491,3589,18,1,44633.15,44633.15
8492,1889,215,1,16623.86,16623.86
8493,3063,207,4,68454.58,273818.32
8494,4313,214,4,46708.94,186835.76
8495,1728,30,1,10958.09,10958.09
8496,1070,77,2,2172.62,4345.24
8497,3172,206,3,6578.5,19735.5
8498,2600,154,4,56227.97,224911.88
8499,1891,147,3,979.82,2939.46
8500,3502,136,3,21659.92,64979.76
8501,3041,132,2,55437.19,110874.38
8502,816,207,1,68454.58,68454.58
8503,4691,4,2,54318.36,108636.72
8504,2837,143,3,52558.49,157675.47
8505,4125,183,4,12734.47,50937.88
8506,1108,97,2,68459.59,136919.18
8507,1536,178,4,64556.87,258227.48
8508,2867,9,2,1896.99,3793.98
8509,4022,163,1,28241.72,28241.72
8510,4964,40,4,10792.75,43171.0
8511,2505,48,1,64744.15,64744.15
8512,55,45,2,61881.38,123762.76
8513,4504,200,4,17145.0,68580.0
8514,1331,238,5,1908.64,9543.2
8515,4484,8,4,31794.75,127179.0
8516,2044,112,4,58381.78,233527.12
8517,2520,146,4,38757.35,155029.4
8518,343,97,5,68459.59,342297.95
8519,2564,149,5,10425.94,52129.7
8520,22,187,1,49126.18,49126.18
8521,4614,211,4,50593.81,202375.24
8522,2189,57,2,59016.95,118033.9
8523,2831,106,2,19251.91,38503.82
8524,1548,149,3,10425.94,31277.82
8525,219,45,1,61881.38,61881.38
8526,634,221,1,41568.44,41568.44
8527,4168,121,1,12980.71,12980.71
8528,362,246,1,17087.52,17087.52
8529,329,138,2,39621.63,79243.26
8530,1465,33,1,1350.02,1350.02
8531,2941,61,2,58995.31,117990.62
8532,1367,11,5,38403.76,192018.8
8533,4805,61,5,58995.31,294976.55
8534,2944,99,1,10955.12,10955.12
8535,4335,147,5,979.82,4899.1
8536,249,75,4,42394.12,169576.48
8537,3662,30,1,10958.09,10958.09
8538,755,74,4,20062.57,80250.28
8539,4396,47,3,40909.49,122728.47
8540,3816,212,3,14743.99,44231.97
8541,4631,158,1,64606.23,64606.23
8542,998,232,4,18463.39,73853.56
8543,1569,146,1,38757.35,38757.35
8544,3213,108,3,7901.41,23704.23
8545,478,189,4,58222.2,232888.8
8546,4219,136,5,21659.92,108299.6
8547,2991,119,4,33444.49,133777.96
8548,318,47,4,40909.49,163637.96
8549,1613,32,4,21295.25,85181.0
8550,163,62,3,62257.94,186773.82
8551,436,40,3,10792.75,32378.25
8552,2788,4,4,54318.36,217273.44
8553,1633,33,4,1350.02,5400.08
8554,499,239,3,8293.55,24880.65
8555,1266,217,3,26516.35,79549.05
8556,722,170,4,55187.3,220749.2
8557,4985,209,3,39850.3,119550.9
8558,2572,111,3,12779.39,38338.17
8559,3126,138,4,39621.63,158486.52
8560,3104,120,4,36416.76,145667.04
8561,2084,106,5,19251.91,96259.55
8562,984,72,2,54286.43,108572.86
8563,4138,79,1,31796.72,31796.72
8564,143,2,1,2750.44,2750.44
8565,899,55,4,57983.9,231935.6
8566,2156,49,4,10523.25,42093.0
8567,4183,70,4,66121.59,264486.36
8568,800,5,4,16804.25,67217.0
8569,1969,130,2,17397.94,34795.88
8570,1561,246,2,17087.52,34175.04
8571,1207,84,5,18918.53,94592.65
8572,1827,58,4,45571.21,182284.84
8573,3503,200,2,17145.0,34290.0
8574,1158,223,2,41409.35,82818.7
8575,1928,69,3,9102.07,27306.21
8576,364,30,3,10958.09,32874.27
8577,2261,31,4,21599.36,86397.44
8578,4046,104,3,18898.17,56694.51
8579,3784,138,4,39621.63,158486.52
8580,3581,21,1,7177.36,7177.36
8581,414,10,1,50484.52,50484.52
8582,2880,154,1,56227.97,56227.97
8583,1005,136,4,21659.92,86639.68
8584,1333,165,3,51492.2,154476.6
8585,4093,156,2,22854.19,45708.38
8586,1764,161,2,4529.81,9059.62
8587,2469,131,5,29903.35,149516.75
8588,699,74,1,20062.57,20062.57
8589,1052,102,5,28252.05,141260.25
8590,3186,247,2,1889.76,3779.52
8591,707,246,3,17087.52,51262.56
8592,2848,163,3,28241.72,84725.16
8593,4307,13,1,53776.88,53776.88
8594,4124,124,3,19205.78,57617.34
8595,4082,198,3,11169.83,33509.49
8596,3776,85,1,6828.31,6828.31
8597,1737,29,5,21169.41,105847.05
8598,1830,189,5,58222.2,291111.0
8599,1113,241,2,29741.02,59482.04
8600,4024,14,5,4181.19,20905.95
8601,2301,71,3,49802.41,149407.23
8602,3180,138,3,39621.63,118864.89
8603,136,27,2,51849.33,103698.66
8604,4438,23,2,56494.42,112988.84
8605,4150,94,3,28901.65,86704.95
8606,895,141,3,11433.67,34301.01
8607,1450,158,2,64606.23,129212.46
8608,1318,244,4,3395.09,13580.36
8609,2293,83,4,62547.04,250188.16
8610,377,17,4,36691.73,146766.92
8611,3677,64,2,45985.44,91970.88
8612,3991,170,1,55187.3,55187.3
8613,548,13,4,53776.88,215107.52
8614,2961,50,4,38689.96,154759.84
8615,363,89,3,35164.04,105492.12
8616,4629,125,1,42471.61,42471.61
8617,1507,122,5,24480.91,122404.55
8618,1909,21,1,7177.36,7177.36
8619,4375,40,4,10792.75,43171.0
8620,1352,166,4,5840.36,23361.44
8621,3833,81,4,30957.28,123829.12
8622,4898,156,5,22854.19,114270.95
8623,3,112,1,58381.78,58381.78
8624,2464,30,5,10958.09,54790.45
8625,3553,158,4,64606.23,258424.92
8626,88,157,3,10754.95,32264.85
8627,3148,104,1,18898.17,18898.17
8628,696,210,5,29960.64,149803.2
8629,1531,141,5,11433.67,57168.35
8630,1063,222,1,8275.82,8275.82
8631,143,124,3,19205.78,57617.34
8632,4118,111,3,12779.39,38338.17
8633,1798,93,5,46909.04,234545.2
8634,1946,6,5,642.86,3214.3
8635,4040,83,2,62547.04,125094.08
8636,1624,177,4,25646.36,102585.44
8637,1624,29,3,21169.41,63508.23
8638,4738,222,2,8275.82,16551.64
8639,4110,162,5,64005.28,320026.4
8640,3343,149,1,10425.94,10425.94
8641,4228,176,4,35001.92,140007.68
8642,984,169,4,62923.23,251692.92
8643,2620,166,4,5840.36,23361.44
8644,4469,111,2,12779.39,25558.78
8645,2051,231,3,63124.22,189372.66
8646,2252,205,5,44040.82,220204.1
8647,3130,240,3,48841.77,146525.31
8648,1390,45,1,61881.38,61881.38
8649,3409,208,5,41507.35,207536.75
8650,4698,171,2,10281.14,20562.28
8651,2772,199,3,7626.21,22878.63
8652,4332,199,2,7626.21,15252.42
8653,447,3,2,1679.44,3358.88
8654,2865,137,1,23377.61,23377.61
8655,4521,199,4,7626.21,30504.84
8656,3017,104,2,18898.17,37796.34
8657,2081,191,3,35165.54,105496.62
8658,794,185,1,5495.72,5495.72
8659,4153,133,3,45678.86,137036.58
8660,1905,75,5,42394.12,211970.6
8661,4476,62,1,62257.94,62257.94
8662,4981,214,2,46708.94,93417.88
8663,3610,186,2,43925.21,87850.42
8664,3710,217,4,26516.35,106065.4
8665,4146,201,2,29524.33,59048.66
8666,2364,13,4,53776.88,215107.52
8667,4776,214,2,46708.94,93417.88
8668,1128,241,5,29741.02,148705.1
8669,648,241,5,29741.02,148705.1
8670,3882,23,4,56494.42,225977.68
8671,3703,171,1,10281.14,10281.14
8672,977,2,2,2750.44,5500.88
8673,2331,12,2,29314.78,58629.56
8674,437,247,4,1889.76,7559.04
8675,1793,112,1,58381.78,58381.78
8676,4081,80,3,21690.71,65072.13
8677,3728,194,3,33793.71,101381.13
8678,865,122,5,24480.91,122404.55
8679,544,129,3,9524.26,28572.78
8680,4330,2,1,2750.44,2750.44
8681,510,8,1,31794.75,31794.75
8682,740,59,2,43410.48,86820.96
8683,484,214,2,46708.94,93417.88
8684,963,71,5,49802.41,249012.05
8685,4824,5,3,16804.25,50412.75
8686,66,21,1,7177.36,7177.36
8687,2026,214,5,46708.94,233544.7
8688,1325,28,3,54176.7,162530.1
8689,4576,222,1,8275.82,8275.82
8690,4754,39,4,57498.93,229995.72
8691,4031,241,2,29741.02,59482.04
8692,2184,74,2,20062.57,40125.14
8693,3673,182,4,53789.43,215157.72
8694,2368,83,4,62547.04,250188.16
8695,619,133,3,45678.86,137036.58
8696,3493,144,5,66090.78,330453.9
8697,809,96,5,5276.47,26382.35
8698,1607,53,4,13502.43,54009.72
8699,2690,159,4,2783.41,11133.64
8700,2536,125,1,42471.61,42471.61
8701,4838,27,3,51849.33,155547.99
8702,4222,119,1,33444.49,33444.49
8703,4942,48,5,64744.15,323720.75
8704,123,222,5,8275.82,41379.1
8705,1837,58,5,45571.21,227856.05
8706,1076,216,4,21395.53,85582.12
8707,2848,109,1,29367.34,29367.34
8708,4642,121,5,12980.71,64903.55
8709,4757,97,5,68459.59,342297.95
8710,578,35,4,12662.52,50650.08
8711,3303,106,5,19251.91,96259.55
8712,4754,31,4,21599.36,86397.44
8713,4703,217,5,26516.35,132581.75
8714,1293,187,4,49126.18,196504.72
8715,3712,173,1,50939.53,50939.53
8716,4116,208,4,41507.35,166029.4
8717,3087,91,4,31454.59,125818.36
8718,2429,238,5,1908.64,9543.2
8719,3476,96,5,5276.47,26382.35
8720,2620,154,4,56227.97,224911.88
8721,4018,112,4,58381.78,233527.12
8722,1753,178,5,64556.87,322784.35
8723,129,11,4,38403.76,153615.04
8724,2606,9,4,1896.99,7587.96
8725,4297,35,2,12662.52,25325.04
8726,2034,200,4,17145.0,68580.0
8727,1926,215,2,16623.86,33247.72
8728,4637,62,3,62257.94,186773.82
8729,3831,198,3,11169.83,33509.49
8730,765,238,2,1908.64,3817.28
8731,3556,128,5,17503.4,87517.0
8732,4097,104,3,18898.17,56694.51
8733,3677,14,4,4181.19,16724.76
8734,2015,166,5,5840.36,29201.8
8735,3016,67,4,213.0,852.0
8736,25,191,3,35165.54,105496.62
8737,1274,21,4,7177.36,28709.44
8738,1722,35,1,12662.52,12662.52
8739,2037,56,1,37341.47,37341.47
8740,2722,132,4,55437.19,221748.76
8741,4592,150,2,25258.79,50517.58
8742,4161,135,1,32067.55,32067.55
8743,1347,183,2,12734.47,25468.94
8744,4821,169,3,62923.23,188769.69
8745,2734,199,4,7626.21,30504.84
8746,3264,159,2,2783.41,5566.82
8747,452,132,5,55437.19,277185.95
8748,4404,56,4,37341.47,149365.88
8749,262,113,5,14029.76,70148.8
8750,4769,186,1,43925.21,43925.21
8751,4926,201,1,29524.33,29524.33
8752,3420,33,2,1350.02,2700.04
8753,681,89,3,35164.04,105492.12
8754,1842,198,3,11169.83,33509.49
8755,2406,160,1,5722.02,5722.02
8756,4612,212,4,14743.99,58975.96
8757,2542,229,4,40892.85,163571.4
8758,26,164,5,40728.62,203643.1
8759,2337,139,4,22524.02,90096.08
8760,3998,32,1,21295.25,21295.25
8761,3604,194,2,33793.71,67587.42
8762,2402,157,5,10754.95,53774.75
8763,2591,213,5,46579.95,232899.75
8764,3090,62,3,62257.94,186773.82
8765,1656,109,3,29367.34,88102.02
8766,386,249,5,30676.08,153380.4
8767,2054,27,4,51849.33,207397.32
8768,1158,162,4,64005.28,256021.12
8769,3729,46,3,32367.18,97101.54
8770,89,130,5,17397.94,86989.7
8771,3109,42,5,35406.75,177033.75
8772,4035,15,1,27970.24,27970.24
8773,2021,37,1,3858.64,3858.64
8774,3049,224,4,53537.82,214151.28
8775,3473,115,1,6132.98,6132.98
8776,517,174,5,56927.09,284635.45
8777,628,131,4,29903.35,119613.4
8778,973,119,1,33444.49,33444.49
8779,60,69,3,9102.07,27306.21
8780,4999,147,5,979.82,4899.1
8781,1301,184,1,25759.96,25759.96
8782,3903,208,1,41507.35,41507.35
8783,4225,222,5,8275.82,41379.1
8784,4509,240,1,48841.77,48841.77
8785,1228,45,1,61881.38,61881.38
8786,1985,27,5,51849.33,259246.65
8787,4773,166,4,5840.36,23361.44
8788,266,81,1,30957.28,30957.28
8789,1564,236,3,12330.19,36990.57
8790,3153,28,1,54176.7,54176.7
8791,3881,61,3,58995.31,176985.93
8792,737,241,4,29741.02,118964.08
8793,2104,234,1,56146.62,56146.62
8794,2285,105,3,26970.33,80910.99
8795,2984,77,3,2172.62,6517.86
8796,704,207,2,68454.58,136909.16
8797,2027,221,2,41568.44,83136.88
8798,2788,94,5,28901.65,144508.25
8799,615,107,3,44008.33,132024.99
8800,714,90,4,735.6,2942.4
8801,3328,50,1,38689.96,38689.96
8802,1609,98,2,45423.62,90847.24
8803,1907,132,4,55437.19,221748.76
8804,2521,131,4,29903.35,119613.4
8805,2727,5,1,16804.25,16804.25
8806,3658,240,3,48841.77,146525.31
8807,2146,54,3,3826.07,11478.21
8808,1470,231,3,63124.22,189372.66
8809,12,17,5,36691.73,183458.65
8810,718,106,3,19251.91,57755.73
8811,1893,102,3,28252.05,84756.15
8812,3777,6,4,642.86,2571.44
8813,3565,158,4,64606.23,258424.92
8814,3932,125,5,42471.61,212358.05
8815,812,211,2,50593.81,101187.62
8816,2169,17,3,36691.73,110075.19
8817,2804,39,3,57498.93,172496.79
8818,2257,141,4,11433.67,45734.68
8819,2251,198,5,11169.83,55849.15
8820,532,176,3,35001.92,105005.76
8821,1771,89,1,35164.04,35164.04
8822,4676,5,3,16804.25,50412.75
8823,1609,247,3,1889.76,5669.28
8824,622,214,5,46708.94,233544.7
8825,3102,241,2,29741.02,59482.04
8826,4904,40,5,10792.75,53963.75
8827,2110,164,4,40728.62,162914.48
8828,2982,26,2,57281.74,114563.48
8829,1187,235,4,35669.98,142679.92
8830,703,13,1,53776.88,53776.88
8831,2452,159,5,2783.41,13917.05
8832,850,222,2,8275.82,16551.64
8833,3517,197,3,30911.41,92734.23
8834,1930,248,5,55808.74,279043.7
8835,2174,194,4,33793.71,135174.84
8836,212,188,5,51065.63,255328.15
8837,4596,26,5,57281.74,286408.7
8838,1297,166,1,5840.36,5840.36
8839,2969,13,5,53776.88,268884.4
8840,779,99,2,10955.12,21910.24
8841,1241,169,2,62923.23,125846.46
8842,3204,33,3,1350.02,4050.06
8843,4773,57,2,59016.95,118033.9
8844,4526,110,3,7098.93,21296.79
8845,4011,192,1,15107.45,15107.45
8846,911,178,5,64556.87,322784.35
8847,1384,182,3,53789.43,161368.29
8848,4702,191,1,35165.54,35165.54
8849,1147,131,2,29903.35,59806.7
8850,22,227,1,61598.02,61598.02
8851,3503,45,2,61881.38,123762.76
8852,4359,29,5,21169.41,105847.05
8853,1736,234,5,56146.62,280733.1
8854,1393,69,3,9102.07,27306.21
8855,950,107,4,44008.33,176033.32
8856,4674,23,4,56494.42,225977.68
8857,3688,103,1,5533.32,5533.32
8858,4695,112,1,58381.78,58381.78
8859,4026,159,1,2783.41,2783.41
8860,778,121,2,12980.71,25961.42
8861,1224,61,2,58995.31,117990.62
8862,2673,145,1,12802.99,12802.99
8863,2040,188,2,51065.63,102131.26
8864,2961,53,1,13502.43,13502.43
8865,3059,64,3,45985.44,137956.32
8866,3538,43,5,29714.26,148571.3
8867,3772,185,2,5495.72,10991.44
8868,2549,91,1,31454.59,31454.59
8869,2234,184,1,25759.96,25759.96
8870,4707,65,1,25140.63,25140.63
8871,2183,204,4,44102.83,176411.32
8872,4067,24,4,9618.22,38472.88
8873,4511,43,5,29714.26,148571.3
8874,4997,138,2,39621.63,79243.26
8875,636,138,2,39621.63,79243.26
8876,2378,74,4,20062.57,80250.28
8877,4485,42,1,35406.75,35406.75
8878,3279,50,4,38689.96,154759.84
8879,1067,154,4,56227.97,224911.88
8880,33,55,5,57983.9,289919.5
8881,3534,219,3,32485.64,97456.92
8882,3598,225,2,60097.04,120194.08
8883,1160,249,2,30676.08,61352.16
8884,1784,232,2,18463.39,36926.78
8885,1132,65,2,25140.63,50281.26
8886,3546,52,4,11931.31,47725.24
8887,4557,186,2,43925.21,87850.42
8888,3218,132,1,55437.19,55437.19
8889,2060,27,3,51849.33,155547.99
8890,2805,35,5,12662.52,63312.6
8891,3975,241,5,29741.02,148705.1
8892,2295,123,3,32240.11,96720.33
8893,61,72,3,54286.43,162859.29
8894,3815,73,1,44385.63,44385.63
8895,3628,109,3,29367.34,88102.02
8896,1760,70,3,66121.59,198364.77
8897,639,1,3,10808.33,32424.99
8898,3754,151,3,12383.09,37149.27
8899,276,99,3,10955.12,32865.36
8900,1496,194,3,33793.71,101381.13
8901,1778,46,5,32367.18,161835.9
8902,2022,162,2,64005.28,128010.56
8903,2197,77,3,2172.62,6517.86
8904,4405,194,2,33793.71,67587.42
8905,2276,187,3,49126.18,147378.54
8906,973,148,5,45590.74,227953.7
8907,3024,82,1,37506.05,37506.05
8908,4507,167,5,32297.74,161488.7
8909,3683,124,3,19205.78,57617.34
8910,2162,127,2,60846.23,121692.46
8911,4455,201,1,29524.33,29524.33
8912,2640,172,4,53622.22,214488.88
8913,227,234,4,56146.62,224586.48
8914,3470,46,3,32367.18,97101.54
8915,5,27,4,51849.33,207397.32
8916,1420,48,1,64744.15,64744.15
8917,3675,114,1,25781.07,25781.07
8918,2123,157,3,10754.95,32264.85
8919,4489,238,4,1908.64,7634.56
8920,1352,73,5,44385.63,221928.15
8921,2051,150,2,25258.79,50517.58
8922,3520,30,3,10958.09,32874.27
8923,1409,237,5,27207.03,136035.15
8924,1948,2,3,2750.44,8251.32
8925,3482,141,2,11433.67,22867.34
8926,421,221,5,41568.44,207842.2
8927,386,131,2,29903.35,59806.7
8928,175,186,4,43925.21,175700.84
8929,4115,219,1,32485.64,32485.64
8930,4866,129,5,9524.26,47621.3
8931,1495,44,1,34014.14,34014.14
8932,4754,212,2,14743.99,29487.98
8933,2920,46,1,32367.18,32367.18
8934,33,166,5,5840.36,29201.8
8935,2243,197,2,30911.41,61822.82
8936,1602,163,3,28241.72,84725.16
8937,2124,126,5,64362.26,321811.3
8938,672,55,1,57983.9,57983.9
8939,1285,126,5,64362.26,321811.3
8940,1071,151,5,12383.09,61915.45
8941,93,43,3,29714.26,89142.78
8942,712,6,1,642.86,642.86
8943,1375,44,4,34014.14,136056.56
8944,4897,144,2,66090.78,132181.56
8945,2959,215,4,16623.86,66495.44
8946,4688,250,5,60076.97,300384.85
8947,4199,231,5,63124.22,315621.1
8948,2029,86,5,21297.54,106487.7
8949,2054,238,2,1908.64,3817.28
8950,1384,111,1,12779.39,12779.39
8951,1901,46,2,32367.18,64734.36
8952,2455,13,5,53776.88,268884.4
8953,37,220,4,29590.01,118360.04
8954,3880,165,1,51492.2,51492.2
8955,103,60,4,49134.01,196536.04
8956,4376,27,4,51849.33,207397.32
8957,867,202,3,10640.66,31921.98
8958,404,230,4,31745.27,126981.08
8959,4441,84,2,18918.53,37837.06
8960,2406,98,1,45423.62,45423.62
8961,4148,131,5,29903.35,149516.75
8962,4797,95,5,59509.32,297546.6
8963,1325,245,1,7411.87,7411.87
8964,4435,84,1,18918.53,18918.53
8965,2934,22,2,42176.54,84353.08
8966,1150,166,5,5840.36,29201.8
8967,3414,235,4,35669.98,142679.92
8968,373,6,5,642.86,3214.3
8969,4780,160,4,5722.02,22888.08
8970,2374,148,3,45590.74,136772.22
8971,898,27,4,51849.33,207397.32
8972,901,96,5,5276.47,26382.35
8973,512,61,4,58995.31,235981.24
8974,2423,214,5,46708.94,233544.7
8975,4001,64,4,45985.44,183941.76
8976,1031,179,3,51970.0,155910.0
8977,176,194,1,33793.71,33793.71
8978,1196,81,5,30957.28,154786.4
8979,4718,110,5,7098.93,35494.65
8980,2288,134,2,50043.92,100087.84
8981,2205,195,2,56252.99,112505.98
8982,1109,145,4,12802.99,51211.96
8983,4432,236,4,12330.19,49320.76
8984,4017,20,3,20223.14,60669.42
8985,2558,241,2,29741.02,59482.04
8986,4645,177,3,25646.36,76939.08
8987,4874,195,3,56252.99,168758.97
8988,3973,21,5,7177.36,35886.8
8989,2475,113,4,14029.76,56119.04
8990,423,12,4,29314.78,117259.12
8991,724,154,1,56227.97,56227.97
8992,386,60,3,49134.01,147402.03
8993,1546,57,4,59016.95,236067.8
8994,1825,232,3,18463.39,55390.17
8995,1217,30,4,10958.09,43832.36
8996,1471,52,3,11931.31,35793.93
8997,91,246,3,17087.52,51262.56
8998,710,96,3,5276.47,15829.41
8999,4367,247,5,1889.76,9448.8
9000,3555,108,2,7901.41,15802.82
9001,903,169,3,62923.23,188769.69
9002,1813,139,4,22524.02,90096.08
9003,463,97,1,68459.59,68459.59
9004,527,88,3,38006.23,114018.69
9005,1195,220,1,29590.01,29590.01
9006,921,217,5,26516.35,132581.75
9007,4098,159,3,2783.41,8350.23
9008,2104,153,1,1829.17,1829.17
9009,1212,186,4,43925.21,175700.84
9010,2665,172,5,53622.22,268111.1
9011,2751,31,4,21599.36,86397.44
9012,1682,60,4,49134.01,196536.04
9013,3195,109,3,29367.34,88102.02
9014,4496,31,3,21599.36,64798.08
9015,1828,23,2,56494.42,112988.84
9016,3691,231,3,63124.22,189372.66
9017,191,196,1,50609.16,50609.16
9018,761,146,5,38757.35,193786.75
9019,476,228,1,66102.43,66102.43
9020,881,2,4,2750.44,11001.76
9021,2032,143,2,52558.49,105116.98
9022,1485,71,3,49802.41,149407.23
9023,1927,41,4,29618.34,118473.36
9024,2846,198,3,11169.83,33509.49
9025,4658,211,3,50593.81,151781.43
9026,658,171,5,10281.14,51405.7
9027,4980,161,5,4529.81,22649.05
9028,988,165,5,51492.2,257461.0
9029,3991,129,3,9524.26,28572.78
9030,2669,17,4,36691.73,146766.92
9031,4900,29,3,21169.41,63508.23
9032,2335,224,2,53537.82,107075.64
9033,3283,149,5,10425.94,52129.7
9034,335,229,2,40892.85,81785.7
9035,2210,94,5,28901.65,144508.25
9036,2102,137,5,23377.61,116888.05
9037,1679,8,3,31794.75,95384.25
9038,2235,13,5,53776.88,268884.4
9039,383,156,1,22854.19,22854.19
9040,275,245,1,7411.87,7411.87
9041,3412,151,3,12383.09,37149.27
9042,3283,157,5,10754.95,53774.75
9043,766,155,5,646.95,3234.75
9044,1770,49,2,10523.25,21046.5
9045,703,102,4,28252.05,113008.2
9046,4826,246,2,17087.52,34175.04
9047,3190,205,4,44040.82,176163.28
9048,2360,5,2,16804.25,33608.5
9049,395,115,3,6132.98,18398.94
9050,24,87,5,46894.5,234472.5
9051,4708,146,1,38757.35,38757.35
9052,3528,72,1,54286.43,54286.43
9053,4227,30,1,10958.09,10958.09
9054,3077,115,1,6132.98,6132.98
9055,471,148,1,45590.74,45590.74
9056,3618,160,4,5722.02,22888.08
9057,3028,26,1,57281.74,57281.74
9058,2671,155,2,646.95,1293.9
9059,209,139,4,22524.02,90096.08
9060,2689,56,4,37341.47,149365.88
9061,2370,149,3,10425.94,31277.82
9062,2899,177,3,25646.36,76939.08
9063,4367,51,5,4745.62,23728.1
9064,1542,22,5,42176.54,210882.7
9065,2985,223,4,41409.35,165637.4
9066,3156,188,3,51065.63,153196.89
9067,2098,227,5,61598.02,307990.1
9068,2014,66,4,6070.99,24283.96
9069,4179,28,2,54176.7,108353.4
9070,3362,133,5,45678.86,228394.3
9071,4211,188,1,51065.63,51065.63
9072,60,121,5,12980.71,64903.55
9073,3080,181,2,30941.3,61882.6
9074,1441,16,1,10378.88,10378.88
9075,4901,119,1,33444.49,33444.49
9076,1786,6,4,642.86,2571.44
9077,4303,31,4,21599.36,86397.44
9078,3472,33,2,1350.02,2700.04
9079,1416,84,3,18918.53,56755.59
9080,4351,140,1,48596.53,48596.53
9081,696,166,5,5840.36,29201.8
9082,953,43,4,29714.26,118857.04
9083,3796,108,1,7901.41,7901.41
9084,2971,218,1,28695.07,28695.07
9085,4469,8,4,31794.75,127179.0
9086,4120,221,3,41568.44,124705.32
9087,2549,33,3,1350.02,4050.06
9088,3187,120,4,36416.76,145667.04
9089,160,16,3,10378.88,31136.64
9090,1139,206,3,6578.5,19735.5
9091,4983,114,4,25781.07,103124.28
9092,2586,128,1,17503.4,17503.4
9093,1505,87,3,46894.5,140683.5
9094,2444,224,3,53537.82,160613.46
9095,4466,78,4,40599.73,162398.92
9096,4655,171,3,10281.14,30843.42
9097,719,153,4,1829.17,7316.68
9098,523,66,5,6070.99,30354.95
9099,147,249,1,30676.08,30676.08
9100,2168,8,5,31794.75,158973.75
9101,176,86,3,21297.54,63892.62
9102,2464,80,5,21690.71,108453.55
9103,3464,44,3,34014.14,102042.42
9104,1186,213,1,46579.95,46579.95
9105,3449,90,2,735.6,1471.2
9106,4520,232,5,18463.39,92316.95
9107,3742,210,2,29960.64,59921.28
9108,4769,250,1,60076.97,60076.97
9109,3748,231,4,63124.22,252496.88
9110,3198,191,4,35165.54,140662.16
9111,3982,92,2,59038.83,118077.66
9112,2104,165,3,51492.2,154476.6
9113,1489,4,2,54318.36,108636.72
9114,851,215,3,16623.86,49871.58
9115,3939,151,5,12383.09,61915.45
9116,4046,3,4,1679.44,6717.76
9117,2844,201,5,29524.33,147621.65
9118,539,27,2,51849.33,103698.66
9119,2273,95,1,59509.32,59509.32
9120,3874,113,5,14029.76,70148.8
9121,1916,112,2,58381.78,116763.56
9122,2682,11,5,38403.76,192018.8
9123,3454,189,5,58222.2,291111.0
9124,400,224,1,53537.82,53537.82
9125,4660,36,2,2797.54,5595.08
9126,3765,31,4,21599.36,86397.44
9127,3401,44,2,34014.14,68028.28
9128,4975,166,2,5840.36,11680.72
9129,2934,47,4,40909.49,163637.96
9130,11,22,4,42176.54,168706.16
9131,3666,45,4,61881.38,247525.52
9132,2813,86,5,21297.54,106487.7
9133,552,215,2,16623.86,33247.72
9134,1042,203,4,52650.81,210603.24
9135,808,49,3,10523.25,31569.75
9136,2130,241,2,29741.02,59482.04
9137,3707,236,1,12330.19,12330.19
9138,674,172,5,53622.22,268111.1
9139,1049,55,2,57983.9,115967.8
9140,1087,165,1,51492.2,51492.2
9141,423,43,3,29714.26,89142.78
9142,1825,12,3,29314.78,87944.34
9143,3270,121,3,12980.71,38942.13
9144,140,200,4,17145.0,68580.0
9145,770,140,3,48596.53,145789.59
9146,1803,60,1,49134.01,49134.01
9147,636,88,4,38006.23,152024.92
9148,2417,179,5,51970.0,259850.0
9149,1802,83,4,62547.04,250188.16
9150,1456,244,5,3395.09,16975.45
9151,3775,87,2,46894.5,93789.0
9152,873,199,5,7626.21,38131.05
9153,2119,139,2,22524.02,45048.04
9154,1948,97,3,68459.59,205378.77
9155,4610,39,1,57498.93,57498.93
9156,2824,39,5,57498.93,287494.65
9157,3400,65,3,25140.63,75421.89
9158,4268,120,1,36416.76,36416.76
9159,3099,99,2,10955.12,21910.24
9160,1715,184,1,25759.96,25759.96
9161,1700,34,2,55038.37,110076.74
9162,788,112,5,58381.78,291908.9
9163,4207,12,4,29314.78,117259.12
9164,26,25,5,22922.96,114614.8
9165,1278,223,1,41409.35,41409.35
9166,2740,87,4,46894.5,187578.0
9167,2154,249,1,30676.08,30676.08
9168,1097,243,3,131.11,393.33
9169,823,46,1,32367.18,32367.18
9170,4463,140,2,48596.53,97193.06
9171,1598,75,1,42394.12,42394.12
9172,639,121,5,12980.71,64903.55
9173,593,152,3,11244.0,33732.0
9174,2181,179,3,51970.0,155910.0
9175,2996,226,4,45400.81,181603.24
9176,3580,189,4,58222.2,232888.8
9177,4768,194,4,33793.71,135174.84
9178,1234,89,2,35164.04,70328.08
9179,3367,116,1,45582.6,45582.6
9180,840,125,1,42471.61,42471.61
9181,1117,12,2,29314.78,58629.56
9182,2500,250,3,60076.97,180230.91
9183,3929,178,3,64556.87,193670.61
9184,1001,162,4,64005.28,256021.12
9185,2792,98,3,45423.62,136270.86
9186,1415,54,1,3826.07,3826.07
9187,388,240,2,48841.77,97683.54
9188,1515,75,2,42394.12,84788.24
9189,1058,60,4,49134.01,196536.04
9190,751,104,4,18898.17,75592.68
9191,2549,59,2,43410.48,86820.96
9192,1578,189,3,58222.2,174666.6
9193,693,208,5,41507.35,207536.75
9194,3700,161,2,4529.81,9059.62
9195,537,17,1,36691.73,36691.73
9196,2595,35,5,12662.52,63312.6
9197,1325,114,1,25781.07,25781.07
9198,4739,55,1,57983.9,57983.9
9199,3455,208,4,41507.35,166029.4
9200,3515,162,3,64005.28,192015.84
9201,1030,13,1,53776.88,53776.88
9202,766,128,2,17503.4,35006.8
9203,616,11,1,38403.76,38403.76
9204,329,157,1,10754.95,10754.95
9205,253,245,3,7411.87,22235.61
9206,3215,10,1,50484.52,50484.52
9207,2717,48,1,64744.15,64744.15
9208,2551,150,3,25258.79,75776.37
9209,3171,231,4,63124.22,252496.88
9210,4382,208,4,41507.35,166029.4
9211,2838,23,1,56494.42,56494.42
9212,1641,141,5,11433.67,57168.35
9213,2936,54,4,3826.07,15304.28
9214,1488,35,4,12662.52,50650.08
9215,4337,59,5,43410.48,217052.4
9216,1497,189,5,58222.2,291111.0
9217,67,43,3,29714.26,89142.78
9218,1757,47,3,40909.49,122728.47
9219,2195,136,5,21659.92,108299.6
9220,4460,222,1,8275.82,8275.82
9221,4029,198,4,11169.83,44679.32
9222,4904,210,4,29960.64,119842.56
9223,2924,119,4,33444.49,133777.96
9224,3268,81,3,30957.28,92871.84
9225,1748,147,3,979.82,2939.46
9226,4884,245,2,7411.87,14823.74
9227,4540,146,1,38757.35,38757.35
9228,2100,109,2,29367.34,58734.68
9229,598,43,3,29714.26,89142.78
9230,2806,176,2,35001.92,70003.84
9231,2124,117,3,13182.39,39547.17
9232,4768,181,1,30941.3,30941.3
9233,625,104,1,18898.17,18898.17
9234,4173,68,4,43109.08,172436.32
9235,4458,175,1,66335.25,66335.25
9236,4572,41,2,29618.34,59236.68
9237,1339,55,3,57983.9,173951.7
9238,2221,163,5,28241.72,141208.6
9239,2373,72,4,54286.43,217145.72
9240,2475,138,3,39621.63,118864.89
9241,4303,91,4,31454.59,125818.36
9242,2543,78,3,40599.73,121799.19
9243,659,180,3,22916.64,68749.92
9244,1451,31,3,21599.36,64798.08
9245,3797,36,5,2797.54,13987.7
9246,4804,24,3,9618.22,28854.66
9247,1086,98,1,45423.62,45423.62
9248,3930,17,2,36691.73,73383.46
9249,1663,203,5,52650.81,263254.05
9250,699,70,2,66121.59,132243.18
9251,4384,34,4,55038.37,220153.48
9252,3304,202,3,10640.66,31921.98
9253,3249,30,2,10958.09,21916.18
9254,1734,188,5,51065.63,255328.15
9255,2881,83,3,62547.04,187641.12
9256,3006,190,2,42783.57,85567.14
9257,2745,186,5,43925.21,219626.05
9258,916,215,2,16623.86,33247.72
9259,3617,45,1,61881.38,61881.38
9260,3386,204,4,44102.83,176411.32
9261,3616,164,2,40728.62,81457.24
9262,494,242,5,14842.89,74214.45
9263,3776,144,1,66090.78,66090.78
9264,1976,219,5,32485.64,162428.2
9265,1752,66,4,6070.99,24283.96
9266,4582,102,2,28252.05,56504.1
9267,417,183,4,12734.47,50937.88
9268,2816,248,2,55808.74,111617.48
9269,4614,30,5,10958.09,54790.45
9270,715,195,5,56252.99,281264.95
9271,1559,141,2,11433.67,22867.34
9272,4236,240,5,48841.77,244208.85
9273,687,131,2,29903.35,59806.7
9274,2626,4,4,54318.36,217273.44
9275,1936,160,5,5722.02,28610.1
9276,2486,137,3,23377.61,70132.83
9277,2784,3,3,1679.44,5038.32
9278,302,101,5,47716.78,238583.9
9279,975,89,1,35164.04,35164.04
9280,710,68,4,43109.08,172436.32
9281,1091,118,5,4934.91,24674.55
9282,2734,102,4,28252.05,113008.2
9283,1320,19,4,46390.24,185560.96
9284,3217,238,2,1908.64,3817.28
9285,3786,225,2,60097.04,120194.08
9286,2538,59,5,43410.48,217052.4
9287,1009,246,3,17087.52,51262.56
9288,2205,224,3,53537.82,160613.46
9289,3355,223,3,41409.35,124228.05
9290,683,182,3,53789.43,161368.29
9291,4856,155,4,646.95,2587.8
9292,2810,53,1,13502.43,13502.43
9293,571,76,3,22632.82,67898.46
9294,3154,192,2,15107.45,30214.9
9295,2000,140,3,48596.53,145789.59
9296,2634,84,3,18918.53,56755.59
9297,2734,205,1,44040.82,44040.82
9298,732,33,2,1350.02,2700.04
9299,1146,19,5,46390.24,231951.2
9300,4270,166,5,5840.36,29201.8
9301,2433,144,1,66090.78,66090.78
9302,1676,21,2,7177.36,14354.72
9303,440,246,3,17087.52,51262.56
9304,4970,63,1,28971.16,28971.16
9305,4536,147,5,979.82,4899.1
9306,1919,7,5,65009.38,325046.9
9307,1246,168,2,18613.65,37227.3
9308,1242,183,1,12734.47,12734.47
9309,1352,184,3,25759.96,77279.88
9310,566,208,4,41507.35,166029.4
9311,3496,105,5,26970.33,134851.65
9312,3594,12,4,29314.78,117259.12
9313,4346,52,5,11931.31,59656.55
9314,1302,142,2,24742.5,49485.0
9315,3098,182,4,53789.43,215157.72
9316,3674,75,1,42394.12,42394.12
9317,151,171,1,10281.14,10281.14
9318,4902,242,4,14842.89,59371.56
9319,3996,57,3,59016.95,177050.85
9320,2406,149,4,10425.94,41703.76
9321,1518,94,5,28901.65,144508.25
9322,2868,152,1,11244.0,11244.0
9323,945,37,1,3858.64,3858.64
9324,1781,94,3,28901.65,86704.95
9325,1548,14,1,4181.19,4181.19
9326,1326,87,2,46894.5,93789.0
9327,2069,176,2,35001.92,70003.84
9328,3537,187,3,49126.18,147378.54
9329,3186,110,5,7098.93,35494.65
9330,1824,120,1,36416.76,36416.76
9331,3492,122,3,24480.91,73442.73
9332,3561,77,3,2172.62,6517.86
9333,188,54,1,3826.07,3826.07
9334,2195,132,2,55437.19,110874.38
9335,1504,31,1,21599.36,21599.36
9336,2133,233,3,59166.85,177500.55
9337,4046,47,1,40909.49,40909.49
9338,2843,96,3,5276.47,15829.41
9339,1861,42,1,35406.75,35406.75
9340,3250,208,5,41507.35,207536.75
9341,2658,226,3,45400.81,136202.43
9342,2599,1,2,10808.33,21616.66
9343,3175,211,5,50593.81,252969.05
9344,2336,205,3,44040.82,132122.46
9345,113,91,5,31454.59,157272.95
9346,1709,187,4,49126.18,196504.72
9347,441,119,2,33444.49,66888.98
9348,1219,144,5,66090.78,330453.9
9349,2310,201,5,29524.33,147621.65
9350,4724,52,5,11931.31,59656.55
9351,1228,204,5,44102.83,220514.15
9352,4580,188,4,51065.63,204262.52
9353,3180,130,5,17397.94,86989.7
9354,4329,4,1,54318.36,54318.36
9355,256,103,3,5533.32,16599.96
9356,1475,136,3,21659.92,64979.76
9357,2336,245,3,7411.87,22235.61
9358,1603,9,3,1896.99,5690.97
9359,1431,170,2,55187.3,110374.6
9360,3484,27,3,51849.33,155547.99
9361,784,111,2,12779.39,25558.78
9362,3647,5,4,16804.25,67217.0
9363,1327,128,3,17503.4,52510.2
9364,1142,230,1,31745.27,31745.27
9365,370,224,3,53537.82,160613.46
9366,434,47,5,40909.49,204547.45
9367,2407,206,1,6578.5,6578.5
9368,3626,146,5,38757.35,193786.75
9369,1858,155,4,646.95,2587.8
9370,3881,188,5,51065.63,255328.15
9371,4200,217,1,26516.35,26516.35
9372,387,239,3,8293.55,24880.65
9373,4161,95,5,59509.32,297546.6
9374,822,241,3,29741.02,89223.06
9375,4896,7,3,65009.38,195028.14
9376,2173,44,3,34014.14,102042.42
9377,4556,194,4,33793.71,135174.84
9378,4283,73,1,44385.63,44385.63
9379,2526,27,3,51849.33,155547.99
9380,4092,248,1,55808.74,55808.74
9381,2133,2,5,2750.44,13752.2
9382,4246,119,4,33444.49,133777.96
9383,4722,195,3,56252.99,168758.97
9384,636,83,4,62547.04,250188.16
9385,4997,151,2,12383.09,24766.18
9386,1097,152,1,11244.0,11244.0
9387,1635,117,5,13182.39,65911.95
9388,278,161,1,4529.81,4529.81
9389,3261,142,5,24742.5,123712.5
9390,2310,173,1,50939.53,50939.53
9391,2525,179,4,51970.0,207880.0
9392,3308,177,2,25646.36,51292.72
9393,1883,3,5,1679.44,8397.2
9394,4767,80,4,21690.71,86762.84
9395,4886,26,3,57281.74,171845.22
9396,840,232,3,18463.39,55390.17
9397,4723,48,5,64744.15,323720.75
9398,2474,36,4,2797.54,11190.16
9399,3114,126,4,64362.26,257449.04
9400,2279,27,4,51849.33,207397.32
9401,2754,62,4,62257.94,249031.76
9402,2294,235,4,35669.98,142679.92
9403,3073,196,4,50609.16,202436.64
9404,4554,88,4,38006.23,152024.92
9405,1688,176,4,35001.92,140007.68
9406,831,97,3,68459.59,205378.77
9407,1938,102,1,28252.05,28252.05
9408,931,25,4,22922.96,91691.84
9409,4243,95,5,59509.32,297546.6
9410,3044,225,2,60097.04,120194.08
9411,2546,19,4,46390.24,185560.96
9412,964,111,5,12779.39,63896.95
9413,4047,78,4,40599.73,162398.92
9414,4487,42,3,35406.75,106220.25
9415,3333,164,2,40728.62,81457.24
9416,2236,188,2,51065.63,102131.26
9417,1420,84,1,18918.53,18918.53
9418,83,32,1,21295.25,21295.25
9419,222,43,5,29714.26,148571.3
9420,4288,52,1,11931.31,11931.31
9421,2195,147,1,979.82,979.82
9422,2211,20,1,20223.14,20223.14
9423,695,23,2,56494.42,112988.84
9424,373,207,1,68454.58,68454.58
9425,3714,208,3,41507.35,124522.05
9426,3830,67,5,213.0,1065.0
9427,764,81,4,30957.28,123829.12
9428,4659,112,1,58381.78,58381.78
9429,4818,223,3,41409.35,124228.05
9430,1061,49,5,10523.25,52616.25
9431,463,48,1,64744.15,64744.15
9432,1416,66,3,6070.99,18212.97
9433,4416,40,3,10792.75,32378.25
9434,3915,192,1,15107.45,15107.45
9435,4170,248,1,55808.74,55808.74
9436,4081,12,5,29314.78,146573.9
9437,1479,119,5,33444.49,167222.45
9438,2974,115,3,6132.98,18398.94
9439,1582,105,3,26970.33,80910.99
9440,1341,85,3,6828.31,20484.93
9441,1462,174,3,56927.09,170781.27
9442,3784,16,2,10378.88,20757.76
9443,3164,160,1,5722.02,5722.02
9444,2609,211,3,50593.81,151781.43
9445,3265,104,4,18898.17,75592.68
9446,4969,161,2,4529.81,9059.62
9447,13,124,2,19205.78,38411.56
9448,4684,118,2,4934.91,9869.82
9449,1078,201,2,29524.33,59048.66
9450,952,185,5,5495.72,27478.6
9451,3586,250,1,60076.97,60076.97
9452,4168,226,4,45400.81,181603.24
9453,1973,54,3,3826.07,11478.21
9454,2267,90,2,735.6,1471.2
9455,4770,113,3,14029.76,42089.28
9456,384,141,2,11433.67,22867.34
9457,4666,229,1,40892.85,40892.85
9458,1648,245,5,7411.87,37059.35
9459,2640,100,5,55420.51,277102.55
9460,4110,12,2,29314.78,58629.56
9461,4564,78,3,40599.73,121799.19
9462,16,239,2,8293.55,16587.1
9463,3693,133,2,45678.86,91357.72
9464,3440,178,2,64556.87,129113.74
9465,3101,142,3,24742.5,74227.5
9466,2426,28,3,54176.7,162530.1
9467,3751,154,1,56227.97,56227.97
9468,2163,74,4,20062.57,80250.28
9469,2673,21,3,7177.36,21532.08
9470,1921,230,4,31745.27,126981.08
9471,4962,43,4,29714.26,118857.04
9472,147,215,4,16623.86,66495.44
9473,173,230,5,31745.27,158726.35
9474,1059,64,5,45985.44,229927.2
9475,1201,3,1,1679.44,1679.44
9476,113,175,2,66335.25,132670.5
9477,4867,121,5,12980.71,64903.55
9478,71,108,4,7901.41,31605.64
9479,4525,36,3,2797.54,8392.62
9480,3457,81,3,30957.28,92871.84
9481,1660,2,5,2750.44,13752.2
9482,1208,39,2,57498.93,114997.86
9483,1393,31,2,21599.36,43198.72
9484,4211,141,1,11433.67,11433.67
9485,3267,160,1,5722.02,5722.02
9486,1678,204,3,44102.83,132308.49
9487,4396,210,2,29960.64,59921.28
9488,1430,184,2,25759.96,51519.92
9489,1865,43,4,29714.26,118857.04
9490,1177,58,3,45571.21,136713.63
9491,2123,36,3,2797.54,8392.62
9492,585,231,4,63124.22,252496.88
9493,475,133,2,45678.86,91357.72
9494,4557,135,1,32067.55,32067.55
9495,2084,194,5,33793.71,168968.55
9496,4786,166,5,5840.36,29201.8
9497,2221,139,2,22524.02,45048.04
9498,1345,55,2,57983.9,115967.8
9499,1040,46,5,32367.18,161835.9
9500,2467,109,4,29367.34,117469.36
9501,979,155,5,646.95,3234.75
9502,4646,114,1,25781.07,25781.07
9503,372,131,1,29903.35,29903.35
9504,4170,103,2,5533.32,11066.64
9505,1202,240,1,48841.77,48841.77
9506,1858,115,3,6132.98,18398.94
9507,1463,21,3,7177.36,21532.08
9508,2825,170,3,55187.3,165561.9
9509,2474,66,4,6070.99,24283.96
9510,1076,40,4,10792.75,43171.0
9511,229,183,1,12734.47,12734.47
9512,2164,133,5,45678.86,228394.3
9513,4034,206,3,6578.5,19735.5
9514,2083,43,2,29714.26,59428.52
9515,2812,158,4,64606.23,258424.92
9516,1644,9,2,1896.99,3793.98
9517,4028,65,5,25140.63,125703.15
9518,2988,166,1,5840.36,5840.36
9519,4299,55,4,57983.9,231935.6
9520,2203,217,2,26516.35,53032.7
9521,1189,188,1,51065.63,51065.63
9522,428,103,1,5533.32,5533.32
9523,4512,64,1,45985.44,45985.44
9524,3725,125,2,42471.61,84943.22
9525,3562,192,4,15107.45,60429.8
9526,3957,195,3,56252.99,168758.97
9527,4160,92,5,59038.83,295194.15
9528,4251,114,4,25781.07,103124.28
9529,767,187,3,49126.18,147378.54
9530,3833,216,2,21395.53,42791.06
9531,1854,60,3,49134.01,147402.03
9532,1822,129,2,9524.26,19048.52
9533,4087,197,5,30911.41,154557.05
9534,306,48,2,64744.15,129488.3
9535,4376,186,5,43925.21,219626.05
9536,2385,201,1,29524.33,29524.33
9537,2675,112,5,58381.78,291908.9
9538,2372,174,4,56927.09,227708.36
9539,3112,196,1,50609.16,50609.16
9540,1383,119,5,33444.49,167222.45
9541,982,40,1,10792.75,10792.75
9542,3780,156,4,22854.19,91416.76
9543,1268,72,5,54286.43,271432.15
9544,295,226,5,45400.81,227004.05
9545,2894,41,2,29618.34,59236.68
9546,2148,169,2,62923.23,125846.46
9547,3724,84,4,18918.53,75674.12
9548,949,223,4,41409.35,165637.4
9549,2011,230,4,31745.27,126981.08
9550,1239,14,1,4181.19,4181.19
9551,3899,218,1,28695.07,28695.07
9552,522,29,4,21169.41,84677.64
9553,2632,164,3,40728.62,122185.86
9554,2728,178,4,64556.87,258227.48
9555,3725,118,3,4934.91,14804.73
9556,3932,64,3,45985.44,137956.32
9557,917,12,4,29314.78,117259.12
9558,3714,184,3,25759.96,77279.88
9559,2434,67,5,213.0,1065.0
9560,4961,203,5,52650.81,263254.05
9561,4618,11,4,38403.76,153615.04
9562,1020,180,4,22916.64,91666.56
9563,4000,161,4,4529.81,18119.24
9564,4255,230,5,31745.27,158726.35
9565,429,61,1,58995.31,58995.31
9566,1358,74,5,20062.57,100312.85
9567,1111,57,1,59016.95,59016.95
9568,80,144,2,66090.78,132181.56
9569,1838,78,1,40599.73,40599.73
9570,4370,123,1,32240.11,32240.11
9571,2623,181,3,30941.3,92823.9
9572,150,208,2,41507.35,83014.7
9573,1591,15,2,27970.24,55940.48
9574,4175,242,1,14842.89,14842.89
9575,1560,193,3,1860.99,5582.97
9576,2208,53,1,13502.43,13502.43
9577,2043,113,2,14029.76,28059.52
9578,896,39,5,57498.93,287494.65
9579,3025,204,1,44102.83,44102.83
9580,2217,142,5,24742.5,123712.5
9581,4469,28,5,54176.7,270883.5
9582,4433,128,3,17503.4,52510.2
9583,4630,218,5,28695.07,143475.35
9584,3789,59,2,43410.48,86820.96
9585,1454,165,5,51492.2,257461.0
9586,1091,224,4,53537.82,214151.28
9587,4303,10,5,50484.52,252422.6
9588,4837,37,5,3858.64,19293.2
9589,1928,226,5,45400.81,227004.05
9590,4420,102,2,28252.05,56504.1
9591,4735,25,1,22922.96,22922.96
9592,3437,46,1,32367.18,32367.18
9593,2265,244,4,3395.09,13580.36
9594,3769,144,4,66090.78,264363.12
9595,1610,233,1,59166.85,59166.85
9596,1824,139,1,22524.02,22524.02
9597,3175,149,1,10425.94,10425.94
9598,4682,194,3,33793.71,101381.13
9599,4468,101,4,47716.78,190867.12
9600,321,120,4,36416.76,145667.04
9601,4406,192,4,15107.45,60429.8
9602,2101,70,3,66121.59,198364.77
9603,4806,17,1,36691.73,36691.73
9604,4471,90,1,735.6,735.6
9605,347,28,3,54176.7,162530.1
9606,2153,172,2,53622.22,107244.44
9607,3608,200,2,17145.0,34290.0
9608,2646,86,4,21297.54,85190.16
9609,1873,4,1,54318.36,54318.36
9610,4130,192,1,15107.45,15107.45
9611,4305,127,2,60846.23,121692.46
9612,2765,129,3,9524.26,28572.78
9613,1438,219,2,32485.64,64971.28
9614,136,34,2,55038.37,110076.74
9615,3895,238,2,1908.64,3817.28
9616,3972,177,3,25646.36,76939.08
9617,1297,30,3,10958.09,32874.27
9618,1377,125,2,42471.61,84943.22
9619,1978,18,1,44633.15,44633.15
9620,2183,57,3,59016.95,177050.85
9621,556,187,4,49126.18,196504.72
9622,3144,246,2,17087.52,34175.04
9623,4442,41,4,29618.34,118473.36
9624,3785,113,3,14029.76,42089.28
9625,4774,113,2,14029.76,28059.52
9626,3811,113,4,14029.76,56119.04
9627,898,168,5,18613.65,93068.25
9628,4170,180,3,22916.64,68749.92
9629,3338,7,3,65009.38,195028.14
9630,1546,180,3,22916.64,68749.92
9631,3229,236,3,12330.19,36990.57
9632,3608,74,1,20062.57,20062.57
9633,3122,203,5,52650.81,263254.05
9634,1903,67,5,213.0,1065.0
9635,3578,201,5,29524.33,147621.65
9636,4129,126,1,64362.26,64362.26
9637,3499,178,3,64556.87,193670.61
9638,3282,202,2,10640.66,21281.32
9639,1031,145,1,12802.99,12802.99
9640,4076,123,2,32240.11,64480.22
9641,3192,197,1,30911.41,30911.41
9642,2668,62,5,62257.94,311289.7
9643,17,235,5,35669.98,178349.9
9644,528,22,1,42176.54,42176.54
9645,192,9,4,1896.99,7587.96
9646,3858,139,2,22524.02,45048.04
9647,958,215,5,16623.86,83119.3
9648,1282,188,4,51065.63,204262.52
9649,1666,123,3,32240.11,96720.33
9650,580,151,5,12383.09,61915.45
9651,3971,174,1,56927.09,56927.09
9652,1703,234,2,56146.62,112293.24
9653,1524,82,1,37506.05,37506.05
9654,4221,23,5,56494.42,282472.1
9655,1630,60,5,49134.01,245670.05
9656,1230,42,4,35406.75,141627.0
9657,2116,167,3,32297.74,96893.22
9658,3025,68,3,43109.08,129327.24
9659,2324,197,3,30911.41,92734.23
9660,3951,243,2,131.11,262.22
9661,3635,133,4,45678.86,182715.44
9662,4913,215,2,16623.86,33247.72
9663,3588,210,4,29960.64,119842.56
9664,622,117,3,13182.39,39547.17
9665,195,105,4,26970.33,107881.32
9666,4572,100,4,55420.51,221682.04
9667,4657,198,5,11169.83,55849.15
9668,2137,33,1,1350.02,1350.02
9669,3080,31,2,21599.36,43198.72
9670,3870,110,5,7098.93,35494.65
9671,4358,223,2,41409.35,82818.7
9672,1566,116,4,45582.6,182330.4
9673,700,211,5,50593.81,252969.05
9674,1073,82,5,37506.05,187530.25
9675,1674,234,1,56146.62,56146.62
9676,4462,127,5,60846.23,304231.15
9677,4045,145,1,12802.99,12802.99
9678,4917,18,2,44633.15,89266.3
9679,4099,20,2,20223.14,40446.28
9680,676,242,2,14842.89,29685.78
9681,3325,56,3,37341.47,112024.41
9682,4550,29,3,21169.41,63508.23
9683,3559,123,1,32240.11,32240.11
9684,276,45,4,61881.38,247525.52
9685,1404,44,3,34014.14,102042.42
9686,837,156,2,22854.19,45708.38
9687,1573,82,4,37506.05,150024.2
9688,1070,205,5,44040.82,220204.1
9689,2361,75,2,42394.12,84788.24
9690,3992,173,2,50939.53,101879.06
9691,4433,48,5,64744.15,323720.75
9692,2082,8,1,31794.75,31794.75
9693,1375,91,2,31454.59,62909.18
9694,479,12,3,29314.78,87944.34
9695,2012,48,1,64744.15,64744.15
9696,4609,18,5,44633.15,223165.75
9697,1284,129,1,9524.26,9524.26
9698,1258,75,4,42394.12,169576.48
9699,3255,169,4,62923.23,251692.92
9700,3532,234,4,56146.62,224586.48
9701,4204,53,1,13502.43,13502.43
9702,1579,249,1,30676.08,30676.08
9703,4016,44,5,34014.14,170070.7
9704,2184,13,5,53776.88,268884.4
9705,4993,56,4,37341.47,149365.88
9706,2870,21,2,7177.36,14354.72
9707,3989,107,5,44008.33,220041.65
9708,2113,136,1,21659.92,21659.92
9709,2483,189,1,58222.2,58222.2
9710,4879,189,4,58222.2,232888.8
9711,4053,145,5,12802.99,64014.95
9712,817,143,3,52558.49,157675.47
9713,2674,18,5,44633.15,223165.75
9714,1257,1,5,10808.33,54041.65
9715,2227,160,4,5722.02,22888.08
9716,2870,64,5,45985.44,229927.2
9717,2753,24,5,9618.22,48091.1
9718,2150,11,3,38403.76,115211.28
9719,3303,139,3,22524.02,67572.06
9720,2843,163,5,28241.72,141208.6
9721,1754,178,3,64556.87,193670.61
9722,447,240,1,48841.77,48841.77
9723,386,214,4,46708.94,186835.76
9724,2979,222,2,8275.82,16551.64
9725,4496,116,5,45582.6,227913.0
9726,3882,43,2,29714.26,59428.52
9727,2783,121,3,12980.71,38942.13
9728,388,33,2,1350.02,2700.04
9729,2756,158,2,64606.23,129212.46
9730,964,170,2,55187.3,110374.6
9731,1513,246,4,17087.52,68350.08
9732,1383,96,3,5276.47,15829.41
9733,2339,174,5,56927.09,284635.45
9734,2997,238,3,1908.64,5725.92
9735,98,64,1,45985.44,45985.44
9736,3711,148,3,45590.74,136772.22
9737,4472,34,3,55038.37,165115.11
9738,2060,201,4,29524.33,118097.32
9739,3846,248,4,55808.74,223234.96
9740,1217,61,5,58995.31,294976.55
9741,3074,114,4,25781.07,103124.28
9742,4262,49,5,10523.25,52616.25
9743,90,246,4,17087.52,68350.08
9744,2617,229,1,40892.85,40892.85
9745,3336,52,5,11931.31,59656.55
9746,37,103,4,5533.32,22133.28
9747,1483,104,4,18898.17,75592.68
9748,2449,4,5,54318.36,271591.8
9749,4738,215,1,16623.86,16623.86
9750,3761,54,4,3826.07,15304.28
9751,1116,44,5,34014.14,170070.7
9752,913,128,4,17503.4,70013.6
9753,124,56,4,37341.47,149365.88
9754,565,74,3,20062.57,60187.71
9755,2488,65,1,25140.63,25140.63
9756,1494,153,1,1829.17,1829.17
9757,2967,98,3,45423.62,136270.86
9758,159,171,3,10281.14,30843.42
9759,4282,72,5,54286.43,271432.15
9760,2464,19,3,46390.24,139170.72
9761,4675,46,2,32367.18,64734.36
9762,4406,58,3,45571.21,136713.63
9763,3290,9,2,1896.99,3793.98
9764,1105,215,5,16623.86,83119.3
9765,1918,250,3,60076.97,180230.91
9766,525,21,4,7177.36,28709.44
9767,2459,225,5,60097.04,300485.2
9768,3328,49,4,10523.25,42093.0
9769,1988,237,5,27207.03,136035.15
9770,379,90,5,735.6,3678.0
9771,2075,101,1,47716.78,47716.78
9772,3888,2,3,2750.44,8251.32
9773,1875,87,1,46894.5,46894.5
9774,3989,96,5,5276.47,26382.35
9775,1569,21,4,7177.36,28709.44
9776,1315,109,1,29367.34,29367.34
9777,274,139,3,22524.02,67572.06
9778,2676,102,2,28252.05,56504.1
9779,626,194,3,33793.71,101381.13
9780,3661,175,5,66335.25,331676.25
9781,3253,27,2,51849.33,103698.66
9782,3456,86,1,21297.54,21297.54
9783,4322,138,5,39621.63,198108.15
9784,4960,125,3,42471.61,127414.83
9785,2745,130,3,17397.94,52193.82
9786,1594,228,4,66102.43,264409.72
9787,4837,154,4,56227.97,224911.88
9788,4415,239,5,8293.55,41467.75
9789,667,110,4,7098.93,28395.72
9790,4219,163,1,28241.72,28241.72
9791,3315,85,1,6828.31,6828.31
9792,860,148,5,45590.74,227953.7
9793,4157,142,4,24742.5,98970.0
9794,2342,165,3,51492.2,154476.6
9795,3890,50,2,38689.96,77379.92
9796,685,122,4,24480.91,97923.64
9797,4169,196,3,50609.16,151827.48
9798,2404,82,4,37506.05,150024.2
9799,2337,230,4,31745.27,126981.08
9800,3786,6,4,642.86,2571.44
9801,325,134,3,50043.92,150131.76
9802,2780,142,5,24742.5,123712.5
9803,1564,80,5,21690.71,108453.55
9804,3058,221,4,41568.44,166273.76
9805,2324,193,2,1860.99,3721.98
9806,1366,219,4,32485.64,129942.56
9807,2992,79,1,31796.72,31796.72
9808,582,186,3,43925.21,131775.63
9809,3489,94,2,28901.65,57803.3
9810,3874,117,1,13182.39,13182.39
9811,692,239,3,8293.55,24880.65
9812,3137,42,4,35406.75,141627.0
9813,3285,228,5,66102.43,330512.15
9814,4625,138,1,39621.63,39621.63
9815,4423,15,3,27970.24,83910.72
9816,1031,116,5,45582.6,227913.0
9817,1225,7,1,65009.38,65009.38
9818,4574,84,3,18918.53,56755.59
9819,3261,61,1,58995.31,58995.31
9820,3461,185,3,5495.72,16487.16
9821,3352,11,4,38403.76,153615.04
9822,3292,163,3,28241.72,84725.16
9823,4622,200,2,17145.0,34290.0
9824,1317,62,4,62257.94,249031.76
9825,2743,85,5,6828.31,34141.55
9826,1726,132,5,55437.19,277185.95
9827,1652,186,2,43925.21,87850.42
9828,1858,168,1,18613.65,18613.65
9829,2158,149,2,10425.94,20851.88
9830,1268,92,3,59038.83,177116.49
9831,4188,84,5,18918.53,94592.65
9832,1349,129,2,9524.26,19048.52
9833,66,241,4,29741.02,118964.08
9834,3520,112,3,58381.78,175145.34
9835,1701,67,4,213.0,852.0
9836,3674,235,1,35669.98,35669.98
9837,287,146,1,38757.35,38757.35
9838,176,39,5,57498.93,287494.65
9839,676,1,1,10808.33,10808.33
9840,161,53,2,13502.43,27004.86
9841,3426,103,4,5533.32,22133.28
9842,738,120,5,36416.76,182083.8
9843,108,131,5,29903.35,149516.75
9844,3327,204,3,44102.83,132308.49
9845,2527,178,5,64556.87,322784.35
9846,4755,229,1,40892.85,40892.85
9847,3208,250,2,60076.97,120153.94
9848,4049,178,4,64556.87,258227.48
9849,3392,89,1,35164.04,35164.04
9850,1211,222,5,8275.82,41379.1
9851,2417,240,2,48841.77,97683.54
9852,2904,16,1,10378.88,10378.88
9853,1263,35,5,12662.52,63312.6
9854,954,93,2,46909.04,93818.08
9855,3019,52,4,11931.31,47725.24
9856,2685,150,2,25258.79,50517.58
9857,3942,19,5,46390.24,231951.2
9858,3802,222,4,8275.82,33103.28
9859,3231,233,1,59166.85,59166.85
9860,3080,43,3,29714.26,89142.78
9861,1117,156,2,22854.19,45708.38
9862,1742,136,1,21659.92,21659.92
9863,897,210,1,29960.64,29960.64
9864,3887,226,1,45400.81,45400.81
9865,947,113,4,14029.76,56119.04
9866,2406,79,4,31796.72,127186.88
9867,162,139,2,22524.02,45048.04
9868,2425,144,4,66090.78,264363.12
9869,2174,148,1,45590.74,45590.74
9870,3993,191,3,35165.54,105496.62
9871,79,117,5,13182.39,65911.95
9872,1657,25,2,22922.96,45845.92
9873,1679,57,1,59016.95,59016.95
9874,2613,219,2,32485.64,64971.28
9875,2235,154,4,56227.97,224911.88
9876,3091,45,1,61881.38,61881.38
9877,4015,74,1,20062.57,20062.57
9878,245,215,2,16623.86,33247.72
9879,3708,90,1,735.6,735.6
9880,2443,28,4,54176.7,216706.8
9881,2296,144,4,66090.78,264363.12
9882,3150,136,5,21659.92,108299.6
9883,4586,48,2,64744.15,129488.3
9884,4994,184,4,25759.96,103039.84
9885,1579,245,2,7411.87,14823.74
9886,3648,136,4,21659.92,86639.68
9887,264,41,5,29618.34,148091.7
9888,2375,179,5,51970.0,259850.0
9889,3385,56,3,37341.47,112024.41
9890,3002,236,3,12330.19,36990.57
9891,138,18,2,44633.15,89266.3
9892,544,169,5,62923.23,314616.15
9893,4643,208,1,41507.35,41507.35
9894,2151,237,5,27207.03,136035.15
9895,4831,90,2,735.6,1471.2
9896,2635,49,3,10523.25,31569.75
9897,4725,94,2,28901.65,57803.3
9898,62,22,5,42176.54,210882.7
9899,3176,94,3,28901.65,86704.95
9900,4664,187,4,49126.18,196504.72
9901,476,87,5,46894.5,234472.5
9902,2376,249,3,30676.08,92028.24
9903,2956,174,5,56927.09,284635.45
9904,4650,26,3,57281.74,171845.22
9905,2565,38,1,547.71,547.71
9906,38,36,1,2797.54,2797.54
9907,1678,130,5,17397.94,86989.7
9908,3903,1,4,10808.33,43233.32
9909,597,64,4,45985.44,183941.76
9910,182,218,3,28695.07,86085.21
9911,1077,18,2,44633.15,89266.3
9912,814,206,1,6578.5,6578.5
9913,278,74,4,20062.57,80250.28
9914,4435,125,5,42471.61,212358.05
9915,3863,91,2,31454.59,62909.18
9916,663,11,1,38403.76,38403.76
9917,4312,73,5,44385.63,221928.15
9918,3536,81,3,30957.28,92871.84
9919,1437,89,3,35164.04,105492.12
9920,3551,241,5,29741.02,148705.1
9921,3144,209,2,39850.3,79700.6
9922,1498,43,5,29714.26,148571.3
9923,452,244,3,3395.09,10185.27
9924,2182,73,1,44385.63,44385.63
9925,3769,23,1,56494.42,56494.42
9926,2845,247,4,1889.76,7559.04
9927,4079,55,5,57983.9,289919.5
9928,1177,159,2,2783.41,5566.82
9929,3371,194,5,33793.71,168968.55
9930,270,120,1,36416.76,36416.76
9931,3113,65,5,25140.63,125703.15
9932,1969,86,5,21297.54,106487.7
9933,1540,243,5,131.11,655.55
9934,4717,171,3,10281.14,30843.42
9935,677,119,3,33444.49,100333.47
9936,1137,14,3,4181.19,12543.57
9937,3807,124,1,19205.78,19205.78
9938,327,79,5,31796.72,158983.6
9939,1601,179,1,51970.0,51970.0
9940,3660,101,2,47716.78,95433.56
9941,2038,225,2,60097.04,120194.08
9942,2966,88,2,38006.23,76012.46
9943,4475,41,4,29618.34,118473.36
9944,2515,56,5,37341.47,186707.35
9945,1919,40,4,10792.75,43171.0
9946,1322,222,2,8275.82,16551.64
9947,2764,15,4,27970.24,111880.96
9948,1706,78,5,40599.73,202998.65
9949,1728,117,2,13182.39,26364.78
9950,1122,230,2,31745.27,63490.54
9951,24,19,3,46390.24,139170.72
9952,3366,66,4,6070.99,24283.96
9953,3955,94,1,28901.65,28901.65
9954,2040,136,1,21659.92,21659.92
9955,4934,84,3,18918.53,56755.59
9956,698,139,3,22524.02,67572.06
9957,1356,16,2,10378.88,20757.76
9958,4791,127,1,60846.23,60846.23
9959,358,209,1,39850.3,39850.3
9960,161,71,3,49802.41,149407.23
9961,1773,56,1,37341.47,37341.47
9962,2979,196,1,50609.16,50609.16
9963,4784,139,1,22524.02,22524.02
9964,4759,151,2,12383.09,24766.18
9965,2083,11,5,38403.76,192018.8
9966,3350,179,1,51970.0,51970.0
9967,450,187,5,49126.18,245630.9
9968,3939,225,4,60097.04,240388.16
9969,4128,75,5,42394.12,211970.6
9970,3214,96,3,5276.47,15829.41
9971,4272,172,3,53622.22,160866.66
9972,1274,42,3,35406.75,106220.25
9973,1517,218,4,28695.07,114780.28
9974,3604,100,5,55420.51,277102.55
9975,2881,120,3,36416.76,109250.28
9976,3001,178,4,64556.87,258227.48
9977,2403,80,2,21690.71,43381.42
9978,4763,45,4,61881.38,247525.52
9979,4045,88,1,38006.23,38006.23
9980,709,155,2,646.95,1293.9
9981,1200,206,3,6578.5,19735.5
9982,1069,182,4,53789.43,215157.72
9983,3615,80,5,21690.71,108453.55
9984,2289,36,2,2797.54,5595.08
9985,1418,24,4,9618.22,38472.88
9986,3158,15,5,27970.24,139851.2
9987,2911,45,2,61881.38,123762.76
9988,4172,203,1,52650.81,52650.81
9989,2250,156,5,22854.19,114270.95
9990,3688,20,3,20223.14,60669.42
9991,1488,192,1,15107.45,15107.45
9992,1822,171,3,10281.14,30843.42
9993,3740,226,4,45400.81,181603.24
9994,3682,160,2,5722.02,11444.04
9995,985,46,3,32367.18,97101.54
9996,416,75,5,42394.12,211970.6
9997,2011,133,4,45678.86,182715.44
9998,1747,97,2,68459.59,136919.18
9999,1877,18,4,44633.15,178532.6
10000,2769,164,3,40728.62,122185.86
10001,1672,56,4,37341.47,149365.88
10002,1640,162,3,64005.28,192015.84
10003,3958,120,4,36416.76,145667.04
10004,1784,16,4,10378.88,41515.52
10005,2624,250,5,60076.97,300384.85
10006,2917,131,2,29903.35,59806.7
10007,3720,226,4,45400.81,181603.24
10008,2918,77,4,2172.62,8690.48
10009,4807,18,3,44633.15,133899.45
10010,4541,146,4,38757.35,155029.4
10011,1795,163,1,28241.72,28241.72
10012,2006,183,4,12734.47,50937.88
10013,4180,238,3,1908.64,5725.92
10014,4322,239,1,8293.55,8293.55
10015,2199,172,3,53622.22,160866.66
10016,1040,242,5,14842.89,74214.45
10017,4293,219,2,32485.64,64971.28
10018,3345,137,4,23377.61,93510.44
10019,3358,30,5,10958.09,54790.45
10020,173,118,3,4934.91,14804.73
10021,194,82,4,37506.05,150024.2
10022,644,26,3,57281.74,171845.22
10023,2893,94,1,28901.65,28901.65
10024,356,127,3,60846.23,182538.69
10025,4876,161,5,4529.81,22649.05
10026,1005,144,5,66090.78,330453.9
10027,3289,204,5,44102.83,220514.15
10028,3123,227,1,61598.02,61598.02
10029,708,96,5,5276.47,26382.35
10030,4324,156,1,22854.19,22854.19
10031,526,125,1,42471.61,42471.61
10032,4119,113,2,14029.76,28059.52
10033,4856,117,1,13182.39,13182.39
10034,649,187,2,49126.18,98252.36
10035,3397,130,2,17397.94,34795.88
10036,958,92,4,59038.83,236155.32
10037,1382,166,3,5840.36,17521.08
10038,1525,16,4,10378.88,41515.52
10039,398,96,1,5276.47,5276.47
10040,791,104,5,18898.17,94490.85
10041,3945,107,5,44008.33,220041.65
10042,87,88,3,38006.23,114018.69
10043,2022,86,2,21297.54,42595.08
10044,3322,225,5,60097.04,300485.2
10045,1028,189,1,58222.2,58222.2
10046,4954,210,3,29960.64,89881.92
10047,3666,22,5,42176.54,210882.7
10048,11,178,2,64556.87,129113.74
10049,2026,45,4,61881.38,247525.52
10050,864,9,4,1896.99,7587.96
10051,2019,33,3,1350.02,4050.06
10052,3701,94,5,28901.65,144508.25
10053,1148,31,2,21599.36,43198.72
10054,1967,208,1,41507.35,41507.35
10055,1662,221,3,41568.44,124705.32
10056,4168,157,5,10754.95,53774.75
10057,504,84,4,18918.53,75674.12
10058,2059,245,2,7411.87,14823.74
10059,669,114,2,25781.07,51562.14
10060,645,189,1,58222.2,58222.2
10061,2293,216,4,21395.53,85582.12
10062,1717,198,1,11169.83,11169.83
10063,583,135,4,32067.55,128270.2
10064,3727,224,1,53537.82,53537.82
10065,546,145,5,12802.99,64014.95
10066,4055,137,2,23377.61,46755.22
10067,2866,6,3,642.86,1928.58
10068,2466,237,3,27207.03,81621.09
10069,2963,159,2,2783.41,5566.82
10070,874,57,1,59016.95,59016.95
10071,1218,92,3,59038.83,177116.49
10072,3632,1,5,10808.33,54041.65
10073,4753,128,2,17503.4,35006.8
10074,2097,211,1,50593.81,50593.81
10075,1934,92,1,59038.83,59038.83
10076,2802,72,1,54286.43,54286.43
10077,3683,230,4,31745.27,126981.08
10078,2083,193,4,1860.99,7443.96
10079,898,167,5,32297.74,161488.7
10080,3151,178,2,64556.87,129113.74
10081,4812,70,2,66121.59,132243.18
10082,3351,141,1,11433.67,11433.67
10083,1553,23,3,56494.42,169483.26
10084,2729,232,2,18463.39,36926.78
10085,2306,142,1,24742.5,24742.5
10086,3839,213,2,46579.95,93159.9
10087,185,210,4,29960.64,119842.56
10088,4358,218,3,28695.07,86085.21
10089,2841,171,5,10281.14,51405.7
10090,2270,85,5,6828.31,34141.55
10091,2469,14,2,4181.19,8362.38
10092,1083,42,4,35406.75,141627.0
10093,3961,97,1,68459.59,68459.59
10094,1062,25,5,22922.96,114614.8
10095,446,109,4,29367.34,117469.36
10096,3973,33,3,1350.02,4050.06
10097,1449,115,5,6132.98,30664.9
10098,1573,193,3,1860.99,5582.97
10099,2085,231,3,63124.22,189372.66
10100,2875,228,1,66102.43,66102.43
10101,3323,113,4,14029.76,56119.04
10102,2435,165,2,51492.2,102984.4
10103,536,188,1,51065.63,51065.63
10104,4561,50,1,38689.96,38689.96
10105,3407,54,3,3826.07,11478.21
10106,2419,52,4,11931.31,47725.24
10107,843,5,5,16804.25,84021.25
10108,2099,43,3,29714.26,89142.78
10109,3641,225,3,60097.04,180291.12
10110,2209,48,2,64744.15,129488.3
10111,3770,62,3,62257.94,186773.82
10112,1727,177,3,25646.36,76939.08
10113,4633,219,4,32485.64,129942.56
10114,1029,80,5,21690.71,108453.55
10115,3436,134,5,50043.92,250219.6
10116,4176,215,2,16623.86,33247.72
10117,1359,42,3,35406.75,106220.25
10118,1812,87,1,46894.5,46894.5
10119,1510,246,2,17087.52,34175.04
10120,3665,240,4,48841.77,195367.08
10121,2143,167,4,32297.74,129190.96
10122,4745,2,2,2750.44,5500.88
10123,1885,133,3,45678.86,137036.58
10124,4032,224,1,53537.82,53537.82
10125,1800,238,4,1908.64,7634.56
10126,78,87,5,46894.5,234472.5
10127,4048,226,4,45400.81,181603.24
10128,2745,36,2,2797.54,5595.08
10129,1495,202,1,10640.66,10640.66
10130,1313,186,1,43925.21,43925.21
10131,275,188,3,51065.63,153196.89
10132,101,163,2,28241.72,56483.44
10133,1760,170,3,55187.3,165561.9
10134,1089,248,1,55808.74,55808.74
10135,1538,58,5,45571.21,227856.05
10136,3921,164,2,40728.62,81457.24
10137,4531,78,3,40599.73,121799.19
10138,1722,92,1,59038.83,59038.83
10139,446,33,1,1350.02,1350.02
10140,2572,170,4,55187.3,220749.2
10141,1966,140,2,48596.53,97193.06
10142,3301,97,4,68459.59,273838.36
10143,4636,72,2,54286.43,108572.86
10144,3335,224,3,53537.82,160613.46
10145,4160,97,5,68459.59,342297.95
10146,2492,158,1,64606.23,64606.23
10147,4963,148,4,45590.74,182362.96
10148,4441,178,3,64556.87,193670.61
10149,936,215,2,16623.86,33247.72
10150,2537,76,3,22632.82,67898.46
10151,2628,64,2,45985.44,91970.88
10152,4887,100,4,55420.51,221682.04
10153,4075,49,4,10523.25,42093.0
10154,2583,149,3,10425.94,31277.82
10155,1280,139,2,22524.02,45048.04
10156,727,129,5,9524.26,47621.3
10157,4304,169,4,62923.23,251692.92
10158,892,102,4,28252.05,113008.2
10159,3278,59,2,43410.48,86820.96
10160,2453,48,5,64744.15,323720.75
10161,285,155,1,646.95,646.95
10162,798,87,3,46894.5,140683.5
10163,921,98,5,45423.62,227118.1
10164,1411,76,5,22632.82,113164.1
10165,3805,117,1,13182.39,13182.39
10166,2919,174,3,56927.09,170781.27
10167,4702,30,1,10958.09,10958.09
10168,2136,227,1,61598.02,61598.02
10169,3512,96,3,5276.47,15829.41
10170,4048,102,3,28252.05,84756.15
10171,784,47,4,40909.49,163637.96
10172,3953,176,3,35001.92,105005.76
10173,4892,229,1,40892.85,40892.85
10174,3753,92,2,59038.83,118077.66
10175,2855,26,2,57281.74,114563.48
10176,4207,64,3,45985.44,137956.32
10177,2996,106,2,19251.91,38503.82
10178,4631,56,2,37341.47,74682.94
10179,2474,171,5,10281.14,51405.7
10180,2665,109,3,29367.34,88102.02
10181,890,86,5,21297.54,106487.7
10182,1258,40,2,10792.75,21585.5
10183,432,153,3,1829.17,5487.51
10184,3990,103,1,5533.32,5533.32
10185,2803,146,4,38757.35,155029.4
10186,3666,105,3,26970.33,80910.99
10187,3546,22,2,42176.54,84353.08
10188,2238,145,5,12802.99,64014.95
10189,1790,59,3,43410.48,130231.44
10190,2116,25,3,22922.96,68768.88
10191,3129,125,5,42471.61,212358.05
10192,3150,149,2,10425.94,20851.88
10193,4172,151,2,12383.09,24766.18
10194,3045,173,2,50939.53,101879.06
10195,827,207,3,68454.58,205363.74
10196,4878,58,4,45571.21,182284.84
10197,1747,193,3,1860.99,5582.97
10198,1308,157,1,10754.95,10754.95
10199,4254,240,2,48841.77,97683.54
10200,689,195,1,56252.99,56252.99
10201,3202,177,5,25646.36,128231.8
10202,3456,115,3,6132.98,18398.94
10203,2160,200,4,17145.0,68580.0
10204,4295,112,5,58381.78,291908.9
10205,3690,52,2,11931.31,23862.62
10206,27,118,1,4934.91,4934.91
10207,4358,23,1,56494.42,56494.42
10208,3309,158,3,64606.23,193818.69
10209,2057,215,1,16623.86,16623.86
10210,4494,37,4,3858.64,15434.56
10211,4939,128,1,17503.4,17503.4
10212,4132,184,4,25759.96,103039.84
10213,466,183,1,12734.47,12734.47
10214,2809,59,5,43410.48,217052.4
10215,4556,173,4,50939.53,203758.12
10216,2197,244,1,3395.09,3395.09
10217,2874,193,3,1860.99,5582.97
10218,633,148,1,45590.74,45590.74
10219,4776,207,5,68454.58,342272.9
10220,4777,77,5,2172.62,10863.1
10221,4377,163,3,28241.72,84725.16
10222,995,217,1,26516.35,26516.35
10223,3941,74,2,20062.57,40125.14
10224,3199,21,3,7177.36,21532.08
10225,1074,37,4,3858.64,15434.56
10226,2542,8,3,31794.75,95384.25
10227,2932,21,2,7177.36,14354.72
10228,1364,135,3,32067.55,96202.65
10229,4108,145,2,12802.99,25605.98
10230,3770,8,5,31794.75,158973.75
10231,945,13,2,53776.88,107553.76
10232,2832,116,3,45582.6,136747.8
10233,1834,233,1,59166.85,59166.85
10234,4560,146,1,38757.35,38757.35
10235,304,8,3,31794.75,95384.25
10236,4771,238,2,1908.64,3817.28
10237,2091,103,1,5533.32,5533.32
10238,988,228,2,66102.43,132204.86
10239,4441,161,3,4529.81,13589.43
10240,2127,171,5,10281.14,51405.7
10241,4710,186,4,43925.21,175700.84
10242,1464,103,2,5533.32,11066.64
10243,821,167,3,32297.74,96893.22
10244,431,132,1,55437.19,55437.19
10245,65,142,4,24742.5,98970.0
10246,3584,114,1,25781.07,25781.07
10247,2200,238,2,1908.64,3817.28
10248,4737,92,4,59038.83,236155.32
10249,4906,5,2,16804.25,33608.5
10250,2640,72,1,54286.43,54286.43
10251,3174,70,2,66121.59,132243.18
10252,4328,41,2,29618.34,59236.68
10253,2949,146,5,38757.35,193786.75
10254,2293,207,5,68454.58,342272.9
10255,4119,234,4,56146.62,224586.48
10256,3264,243,5,131.11,655.55
10257,645,138,4,39621.63,158486.52
10258,2315,248,5,55808.74,279043.7
10259,2314,20,2,20223.14,40446.28
10260,660,39,2,57498.93,114997.86
10261,2308,146,4,38757.35,155029.4
10262,287,90,5,735.6,3678.0
10263,1674,194,4,33793.71,135174.84
10264,347,181,4,30941.3,123765.2
10265,1198,119,2,33444.49,66888.98
10266,1850,86,2,21297.54,42595.08
10267,3206,70,2,66121.59,132243.18
10268,3126,23,1,56494.42,56494.42
10269,2014,217,5,26516.35,132581.75
10270,4373,122,1,24480.91,24480.91
10271,2625,121,1,12980.71,12980.71
10272,3543,42,5,35406.75,177033.75
10273,4153,72,4,54286.43,217145.72
10274,3062,235,3,35669.98,107009.94
10275,4127,127,1,60846.23,60846.23
10276,432,146,4,38757.35,155029.4
10277,2089,106,1,19251.91,19251.91
10278,2187,97,5,68459.59,342297.95
10279,4997,72,5,54286.43,271432.15
10280,2006,207,5,68454.58,342272.9
10281,2888,104,1,18898.17,18898.17
10282,1003,112,4,58381.78,233527.12
10283,4122,87,5,46894.5,234472.5
10284,3389,117,4,13182.39,52729.56
10285,4315,155,3,646.95,1940.85
10286,1891,188,2,51065.63,102131.26
10287,2515,159,4,2783.41,11133.64
10288,2754,205,2,44040.82,88081.64
10289,1714,11,2,38403.76,76807.52
10290,3201,239,1,8293.55,8293.55
10291,4675,145,2,12802.99,25605.98
10292,1032,97,1,68459.59,68459.59
10293,2031,201,5,29524.33,147621.65
10294,3253,29,3,21169.41,63508.23
10295,3592,226,3,45400.81,136202.43
10296,1086,223,2,41409.35,82818.7
10297,3220,137,2,23377.61,46755.22
10298,3682,189,5,58222.2,291111.0
10299,71,173,2,50939.53,101879.06
10300,3704,21,4,7177.36,28709.44
10301,597,141,4,11433.67,45734.68
10302,2638,138,5,39621.63,198108.15
10303,175,117,3,13182.39,39547.17
10304,3304,201,1,29524.33,29524.33
10305,1201,11,3,38403.76,115211.28
10306,3390,87,3,46894.5,140683.5
10307,2676,97,3,68459.59,205378.77
10308,3557,100,2,55420.51,110841.02
10309,3158,192,2,15107.45,30214.9
10310,3201,50,5,38689.96,193449.8
10311,929,54,5,3826.07,19130.35
10312,1172,204,2,44102.83,88205.66
10313,1442,54,1,3826.07,3826.07
10314,2328,248,2,55808.74,111617.48
10315,794,15,2,27970.24,55940.48
10316,4032,153,5,1829.17,9145.85
10317,4498,209,2,39850.3,79700.6
10318,252,78,5,40599.73,202998.65
10319,3654,145,2,12802.99,25605.98
10320,4083,186,1,43925.21,43925.21
10321,758,45,2,61881.38,123762.76
10322,1646,86,4,21297.54,85190.16
10323,4661,208,2,41507.35,83014.7
10324,4050,162,4,64005.28,256021.12
10325,2843,153,1,1829.17,1829.17
10326,662,46,5,32367.18,161835.9
10327,1064,151,5,12383.09,61915.45
10328,1064,159,2,2783.41,5566.82
10329,198,18,2,44633.15,89266.3
10330,1714,114,1,25781.07,25781.07
10331,2342,83,4,62547.04,250188.16
10332,2189,183,1,12734.47,12734.47
10333,4525,228,3,66102.43,198307.29
10334,405,237,4,27207.03,108828.12
10335,2431,155,1,646.95,646.95
10336,663,58,5,45571.21,227856.05
10337,1274,138,2,39621.63,79243.26
10338,1609,224,4,53537.82,214151.28
10339,4750,109,3,29367.34,88102.02
10340,1963,140,2,48596.53,97193.06
10341,3545,144,2,66090.78,132181.56
10342,718,62,5,62257.94,311289.7
10343,114,177,1,25646.36,25646.36
10344,1787,241,2,29741.02,59482.04
10345,4605,51,2,4745.62,9491.24
10346,3553,192,4,15107.45,60429.8
10347,1628,242,4,14842.89,59371.56
10348,575,77,1,2172.62,2172.62
10349,2326,128,4,17503.4,70013.6
10350,628,156,3,22854.19,68562.57
10351,2989,228,4,66102.43,264409.72
10352,715,232,3,18463.39,55390.17
10353,4391,28,5,54176.7,270883.5
10354,912,166,1,5840.36,5840.36
10355,96,102,5,28252.05,141260.25
10356,4935,74,2,20062.57,40125.14
10357,4740,48,2,64744.15,129488.3
10358,1933,17,5,36691.73,183458.65
10359,4018,191,5,35165.54,175827.7
10360,4747,183,3,12734.47,38203.41
10361,4282,149,2,10425.94,20851.88
10362,1206,11,1,38403.76,38403.76
10363,318,175,5,66335.25,331676.25
10364,4909,204,5,44102.83,220514.15
10365,615,236,1,12330.19,12330.19
10366,3939,41,2,29618.34,59236.68
10367,1212,187,2,49126.18,98252.36
10368,4078,77,4,2172.62,8690.48
10369,4251,61,1,58995.31,58995.31
10370,743,160,3,5722.02,17166.06
10371,2192,32,1,21295.25,21295.25
10372,4170,243,5,131.11,655.55
10373,1667,79,3,31796.72,95390.16
10374,2052,39,3,57498.93,172496.79
10375,2033,125,3,42471.61,127414.83
10376,1136,69,5,9102.07,45510.35
10377,2459,24,4,9618.22,38472.88
10378,4106,85,5,6828.31,34141.55
10379,2154,122,4,24480.91,97923.64
10380,355,40,2,10792.75,21585.5
10381,4783,34,5,55038.37,275191.85
10382,1555,21,1,7177.36,7177.36
10383,4940,17,3,36691.73,110075.19
10384,3598,234,1,56146.62,56146.62
10385,4893,222,1,8275.82,8275.82
10386,87,75,2,42394.12,84788.24
10387,4856,114,5,25781.07,128905.35
10388,1434,238,2,1908.64,3817.28
10389,2542,231,1,63124.22,63124.22
10390,231,172,2,53622.22,107244.44
10391,2465,37,3,3858.64,11575.92
10392,378,83,5,62547.04,312735.2
10393,3196,53,1,13502.43,13502.43
10394,459,235,4,35669.98,142679.92
10395,1292,109,5,29367.34,146836.7
10396,2404,73,1,44385.63,44385.63
10397,4491,120,4,36416.76,145667.04
10398,3539,214,5,46708.94,233544.7
10399,3400,23,4,56494.42,225977.68
10400,3504,163,5,28241.72,141208.6
10401,3588,180,2,22916.64,45833.28
10402,4613,246,4,17087.52,68350.08
10403,1027,186,1,43925.21,43925.21
10404,2469,44,5,34014.14,170070.7
10405,4034,94,5,28901.65,144508.25
10406,722,15,1,27970.24,27970.24
10407,2529,17,1,36691.73,36691.73
10408,239,135,2,32067.55,64135.1
10409,2819,236,5,12330.19,61650.95
10410,1467,55,1,57983.9,57983.9
10411,3170,89,1,35164.04,35164.04
10412,949,123,4,32240.11,128960.44
10413,2663,230,1,31745.27,31745.27
10414,2622,228,2,66102.43,132204.86
10415,4138,132,1,55437.19,55437.19
10416,345,80,5,21690.71,108453.55
10417,3413,242,1,14842.89,14842.89
10418,2988,71,4,49802.41,199209.64
10419,4620,7,3,65009.38,195028.14
10420,353,130,3,17397.94,52193.82
10421,4808,190,3,42783.57,128350.71
10422,714,122,1,24480.91,24480.91
10423,2124,33,1,1350.02,1350.02
10424,2317,123,2,32240.11,64480.22
10425,180,228,5,66102.43,330512.15
10426,3605,144,5,66090.78,330453.9
10427,3615,85,2,6828.31,13656.62
10428,3167,58,2,45571.21,91142.42
10429,1355,224,5,53537.82,267689.1
10430,2084,76,1,22632.82,22632.82
10431,1909,60,2,49134.01,98268.02
10432,2635,142,1,24742.5,24742.5
10433,1434,175,1,66335.25,66335.25
10434,489,56,4,37341.47,149365.88
10435,3905,4,1,54318.36,54318.36
10436,1163,62,2,62257.94,124515.88
10437,2603,139,2,22524.02,45048.04
10438,1625,85,1,6828.31,6828.31
10439,3577,45,4,61881.38,247525.52
10440,2542,172,1,53622.22,53622.22
10441,3032,122,1,24480.91,24480.91
10442,4163,241,5,29741.02,148705.1
10443,1653,43,5,29714.26,148571.3
10444,3221,219,1,32485.64,32485.64
10445,2162,25,4,22922.96,91691.84
10446,819,80,2,21690.71,43381.42
10447,2800,215,3,16623.86,49871.58
10448,1801,208,3,41507.35,124522.05
10449,4792,233,1,59166.85,59166.85
10450,4121,147,2,979.82,1959.64
10451,2519,212,3,14743.99,44231.97
10452,2584,116,3,45582.6,136747.8
10453,3447,161,3,4529.81,13589.43
10454,1906,51,2,4745.62,9491.24
10455,463,70,1,66121.59,66121.59
10456,1778,231,1,63124.22,63124.22
10457,2777,141,1,11433.67,11433.67
10458,4104,31,3,21599.36,64798.08
10459,4207,90,2,735.6,1471.2
10460,2812,1,4,10808.33,43233.32
10461,1028,155,2,646.95,1293.9
10462,2955,244,5,3395.09,16975.45
10463,274,188,5,51065.63,255328.15
10464,4891,71,5,49802.41,249012.05
10465,517,248,5,55808.74,279043.7
10466,2061,199,2,7626.21,15252.42
10467,3631,240,2,48841.77,97683.54
10468,1952,55,1,57983.9,57983.9
10469,1444,209,5,39850.3,199251.5
10470,1677,179,5,51970.0,259850.0
10471,3122,190,3,42783.57,128350.71
10472,2755,104,5,18898.17,94490.85
10473,2794,223,1,41409.35,41409.35
10474,1281,229,2,40892.85,81785.7
10475,80,164,5,40728.62,203643.1
10476,148,96,2,5276.47,10552.94
10477,4457,181,3,30941.3,92823.9
10478,4063,245,5,7411.87,37059.35
10479,1254,116,5,45582.6,227913.0
10480,3028,17,2,36691.73,73383.46
10481,2294,102,3,28252.05,84756.15
10482,623,140,2,48596.53,97193.06
10483,3029,225,5,60097.04,300485.2
10484,815,66,4,6070.99,24283.96
10485,929,162,2,64005.28,128010.56
10486,366,30,3,10958.09,32874.27
10487,333,187,4,49126.18,196504.72
10488,4831,232,5,18463.39,92316.95
10489,1850,71,1,49802.41,49802.41
10490,46,116,4,45582.6,182330.4
10491,619,206,4,6578.5,26314.0
10492,491,26,1,57281.74,57281.74
10493,4601,186,2,43925.21,87850.42
10494,900,219,4,32485.64,129942.56
10495,1980,80,5,21690.71,108453.55
10496,4628,111,2,12779.39,25558.78
10497,1435,25,3,22922.96,68768.88
10498,2945,57,2,59016.95,118033.9
10499,3803,222,3,8275.82,24827.46
10500,1656,27,4,51849.33,207397.32
10501,2682,34,5,55038.37,275191.85
10502,3078,26,2,57281.74,114563.48
10503,1299,66,1,6070.99,6070.99
10504,386,9,2,1896.99,3793.98
10505,2563,147,2,979.82,1959.64
10506,4047,215,3,16623.86,49871.58
10507,4422,22,5,42176.54,210882.7
10508,1868,88,1,38006.23,38006.23
10509,370,48,2,64744.15,129488.3
10510,4593,122,3,24480.91,73442.73
10511,105,250,5,60076.97,300384.85
10512,4844,126,3,64362.26,193086.78
10513,4000,181,5,30941.3,154706.5
10514,2140,223,2,41409.35,82818.7
10515,1876,89,1,35164.04,35164.04
10516,4598,240,1,48841.77,48841.77
10517,1312,206,4,6578.5,26314.0
10518,2547,47,1,40909.49,40909.49
10519,2471,150,2,25258.79,50517.58
10520,4363,182,5,53789.43,268947.15
10521,2433,19,4,46390.24,185560.96
10522,1905,241,3,29741.02,89223.06
10523,2339,126,4,64362.26,257449.04
10524,4846,239,2,8293.55,16587.1
10525,3973,165,5,51492.2,257461.0
10526,3409,157,2,10754.95,21509.9
10527,1235,2,3,2750.44,8251.32
10528,3021,213,1,46579.95,46579.95
10529,3812,2,3,2750.44,8251.32
10530,2909,223,2,41409.35,82818.7
10531,1893,3,3,1679.44,5038.32
10532,1796,65,5,25140.63,125703.15
10533,2232,143,1,52558.49,52558.49
10534,2963,232,5,18463.39,92316.95
10535,4607,235,5,35669.98,178349.9
10536,1172,177,4,25646.36,102585.44
10537,4232,121,3,12980.71,38942.13
10538,2385,57,2,59016.95,118033.9
10539,4035,233,2,59166.85,118333.7
10540,913,250,3,60076.97,180230.91
10541,93,37,5,3858.64,19293.2
10542,173,59,1,43410.48,43410.48
10543,415,140,1,48596.53,48596.53
10544,61,57,5,59016.95,295084.75
10545,744,18,1,44633.15,44633.15
10546,2455,4,4,54318.36,217273.44
10547,2821,96,5,5276.47,26382.35
10548,3836,138,4,39621.63,158486.52
10549,1379,19,4,46390.24,185560.96
10550,1761,65,5,25140.63,125703.15
10551,2504,190,3,42783.57,128350.71
10552,1920,241,1,29741.02,29741.02
10553,2733,55,3,57983.9,173951.7
10554,2137,239,4,8293.55,33174.2
10555,2758,229,3,40892.85,122678.55
10556,173,203,5,52650.81,263254.05
10557,1211,230,2,31745.27,63490.54
10558,4544,38,5,547.71,2738.55
10559,4369,143,1,52558.49,52558.49
10560,3229,21,2,7177.36,14354.72
10561,3746,168,1,18613.65,18613.65
10562,4762,227,3,61598.02,184794.06
10563,4223,138,1,39621.63,39621.63
10564,4019,58,2,45571.21,91142.42
10565,2520,98,2,45423.62,90847.24
10566,2857,88,3,38006.23,114018.69
10567,1168,137,3,23377.61,70132.83
10568,3562,209,5,39850.3,199251.5
10569,3393,55,5,57983.9,289919.5
10570,3637,46,1,32367.18,32367.18
10571,1715,246,2,17087.52,34175.04
10572,1634,135,2,32067.55,64135.1
10573,1270,193,2,1860.99,3721.98
10574,3945,16,3,10378.88,31136.64
10575,4994,67,2,213.0,426.0
10576,1152,123,3,32240.11,96720.33
10577,233,41,4,29618.34,118473.36
10578,2889,88,5,38006.23,190031.15
10579,2652,158,2,64606.23,129212.46
10580,2149,94,5,28901.65,144508.25
10581,413,43,2,29714.26,59428.52
10582,2031,31,1,21599.36,21599.36
10583,4160,26,5,57281.74,286408.7
10584,2903,166,3,5840.36,17521.08
10585,4394,187,1,49126.18,49126.18
10586,2669,192,1,15107.45,15107.45
10587,2074,61,5,58995.31,294976.55
10588,4276,182,2,53789.43,107578.86
10589,3881,58,4,45571.21,182284.84
10590,2184,232,5,18463.39,92316.95
10591,378,151,5,12383.09,61915.45
10592,2124,169,3,62923.23,188769.69
10593,4075,24,5,9618.22,48091.1
10594,541,185,2,5495.72,10991.44
10595,1182,76,1,22632.82,22632.82
10596,3330,39,1,57498.93,57498.93
10597,2335,249,4,30676.08,122704.32
10598,778,60,2,49134.01,98268.02
10599,2877,67,4,213.0,852.0
10600,1550,204,2,44102.83,88205.66
10601,3868,16,2,10378.88,20757.76
10602,2635,83,3,62547.04,187641.12
10603,3201,49,3,10523.25,31569.75
10604,4501,31,3,21599.36,64798.08
10605,939,219,3,32485.64,97456.92
10606,3796,117,1,13182.39,13182.39
10607,4574,15,4,27970.24,111880.96
10608,2063,145,2,12802.99,25605.98
10609,1545,159,4,2783.41,11133.64
10610,3393,93,2,46909.04,93818.08
10611,2996,180,1,22916.64,22916.64
10612,2122,28,5,54176.7,270883.5
10613,1,132,2,55437.19,110874.38
10614,3669,72,3,54286.43,162859.29
10615,3708,71,3,49802.41,149407.23
10616,3371,90,5,735.6,3678.0
10617,4949,39,3,57498.93,172496.79
10618,146,125,4,42471.61,169886.44
10619,1560,59,4,43410.48,173641.92
10620,1889,107,3,44008.33,132024.99
10621,1649,96,2,5276.47,10552.94
10622,4059,29,2,21169.41,42338.82
10623,804,75,4,42394.12,169576.48
10624,1999,14,4,4181.19,16724.76
10625,492,167,1,32297.74,32297.74
10626,4979,85,5,6828.31,34141.55
10627,1689,207,1,68454.58,68454.58
10628,2108,44,5,34014.14,170070.7
10629,3216,56,2,37341.47,74682.94
10630,1964,17,1,36691.73,36691.73
10631,1451,104,3,18898.17,56694.51
10632,2620,242,4,14842.89,59371.56
10633,2305,123,3,32240.11,96720.33
10634,2386,155,2,646.95,1293.9
10635,3243,101,4,47716.78,190867.12
10636,1867,84,2,18918.53,37837.06
10637,815,103,1,5533.32,5533.32
10638,4263,64,3,45985.44,137956.32
10639,379,43,5,29714.26,148571.3
10640,4851,117,3,13182.39,39547.17
10641,31,159,2,2783.41,5566.82
10642,4794,53,3,13502.43,40507.29
10643,3205,72,4,54286.43,217145.72
10644,4911,240,2,48841.77,97683.54
10645,2981,57,5,59016.95,295084.75
10646,2753,223,4,41409.35,165637.4
10647,1343,205,1,44040.82,44040.82
10648,2660,75,2,42394.12,84788.24
10649,3415,35,4,12662.52,50650.08
10650,3724,217,1,26516.35,26516.35
10651,4306,138,5,39621.63,198108.15
10652,1295,239,4,8293.55,33174.2
10653,3913,16,1,10378.88,10378.88
10654,1709,111,1,12779.39,12779.39
10655,4778,24,4,9618.22,38472.88
10656,3174,113,2,14029.76,28059.52
10657,1527,203,2,52650.81,105301.62
10658,986,180,4,22916.64,91666.56
10659,3669,90,5,735.6,3678.0
10660,2269,208,1,41507.35,41507.35
10661,2446,68,4,43109.08,172436.32
10662,3926,189,2,58222.2,116444.4
10663,198,197,3,30911.41,92734.23
10664,2799,58,2,45571.21,91142.42
10665,3625,188,4,51065.63,204262.52
10666,4824,201,4,29524.33,118097.32
10667,4901,26,4,57281.74,229126.96
10668,1128,118,4,4934.91,19739.64
10669,1232,203,3,52650.81,157952.43
10670,2005,148,4,45590.74,182362.96
10671,410,193,4,1860.99,7443.96
10672,1809,10,1,50484.52,50484.52
10673,3816,151,5,12383.09,61915.45
10674,1417,54,2,3826.07,7652.14
10675,4552,149,1,10425.94,10425.94
10676,3883,129,4,9524.26,38097.04
10677,1676,171,3,10281.14,30843.42
10678,3431,57,5,59016.95,295084.75
10679,1517,20,1,20223.14,20223.14
10680,4126,244,4,3395.09,13580.36
10681,4540,230,1,31745.27,31745.27
10682,3147,37,4,3858.64,15434.56
10683,4699,135,4,32067.55,128270.2
10684,3587,57,3,59016.95,177050.85
10685,960,238,1,1908.64,1908.64
10686,2894,217,5,26516.35,132581.75
10687,3787,55,3,57983.9,173951.7
10688,2459,200,4,17145.0,68580.0
10689,4288,88,1,38006.23,38006.23
10690,302,159,3,2783.41,8350.23
10691,3673,158,3,64606.23,193818.69
10692,3741,194,5,33793.71,168968.55
10693,1341,150,2,25258.79,50517.58
10694,3266,199,1,7626.21,7626.21
10695,3179,219,4,32485.64,129942.56
10696,1264,233,5,59166.85,295834.25
10697,333,140,4,48596.53,194386.12
10698,4698,228,2,66102.43,132204.86
10699,4666,101,5,47716.78,238583.9
10700,3140,60,4,49134.01,196536.04
10701,4014,116,4,45582.6,182330.4
10702,1890,160,4,5722.02,22888.08
10703,3160,59,3,43410.48,130231.44
10704,1050,122,2,24480.91,48961.82
10705,3302,3,1,1679.44,1679.44
10706,3710,93,3,46909.04,140727.12
10707,92,66,1,6070.99,6070.99
10708,4579,71,1,49802.41,49802.41
10709,1604,245,5,7411.87,37059.35
10710,1896,200,5,17145.0,85725.0
10711,4700,14,1,4181.19,4181.19
10712,544,118,3,4934.91,14804.73
10713,1223,204,5,44102.83,220514.15
10714,1074,2,4,2750.44,11001.76
10715,4893,4,4,54318.36,217273.44
10716,3960,219,5,32485.64,162428.2
10717,4117,186,5,43925.21,219626.05
10718,3294,32,5,21295.25,106476.25
10719,1427,96,4,5276.47,21105.88
10720,563,107,4,44008.33,176033.32
10721,2138,11,2,38403.76,76807.52
10722,4525,165,1,51492.2,51492.2
10723,1075,228,5,66102.43,330512.15
10724,215,38,2,547.71,1095.42
10725,1471,174,3,56927.09,170781.27
10726,2410,216,4,21395.53,85582.12
10727,3549,22,4,42176.54,168706.16
10728,2669,24,4,9618.22,38472.88
10729,2945,144,4,66090.78,264363.12
10730,3261,105,2,26970.33,53940.66
10731,3305,91,4,31454.59,125818.36
10732,430,77,2,2172.62,4345.24
10733,4461,208,5,41507.35,207536.75
10734,1648,51,5,4745.62,23728.1
10735,1439,51,5,4745.62,23728.1
10736,2172,7,5,65009.38,325046.9
10737,4735,183,1,12734.47,12734.47
10738,1534,199,4,7626.21,30504.84
10739,4906,20,4,20223.14,80892.56
10740,3320,197,3,30911.41,92734.23
10741,4719,143,3,52558.49,157675.47
10742,3669,114,3,25781.07,77343.21
10743,1373,114,2,25781.07,51562.14
10744,2582,146,5,38757.35,193786.75
10745,2146,244,1,3395.09,3395.09
10746,3744,7,3,65009.38,195028.14
10747,2458,120,2,36416.76,72833.52
10748,394,193,5,1860.99,9304.95
10749,1093,111,3,12779.39,38338.17
10750,3182,177,3,25646.36,76939.08
10751,1161,151,4,12383.09,49532.36
10752,3763,184,5,25759.96,128799.8
10753,2058,231,4,63124.22,252496.88
10754,908,129,5,9524.26,47621.3
10755,637,180,4,22916.64,91666.56
10756,3357,139,1,22524.02,22524.02
10757,4016,60,1,49134.01,49134.01
10758,377,8,1,31794.75,31794.75
10759,3670,146,4,38757.35,155029.4
10760,3850,103,4,5533.32,22133.28
10761,381,14,2,4181.19,8362.38
10762,1312,4,1,54318.36,54318.36
10763,2048,177,4,25646.36,102585.44
10764,2523,198,2,11169.83,22339.66
10765,1780,131,2,29903.35,59806.7
10766,1119,64,3,45985.44,137956.32
10767,2618,47,2,40909.49,81818.98
10768,243,155,3,646.95,1940.85
10769,831,43,3,29714.26,89142.78
10770,2755,168,4,18613.65,74454.6
10771,1524,163,1,28241.72,28241.72
10772,1212,190,1,42783.57,42783.57
10773,1388,93,3,46909.04,140727.12
10774,216,148,3,45590.74,136772.22
10775,868,21,2,7177.36,14354.72
10776,4663,202,4,10640.66,42562.64
10777,2731,67,3,213.0,639.0
10778,1305,85,3,6828.31,20484.93
10779,800,114,4,25781.07,103124.28
10780,2618,107,5,44008.33,220041.65
10781,4592,57,4,59016.95,236067.8
10782,2484,218,5,28695.07,143475.35
10783,2651,7,5,65009.38,325046.9
10784,1448,105,2,26970.33,53940.66
10785,4189,238,5,1908.64,9543.2
10786,3950,95,4,59509.32,238037.28
10787,1251,16,2,10378.88,20757.76
10788,814,74,2,20062.57,40125.14
10789,83,104,1,18898.17,18898.17
10790,2453,61,2,58995.31,117990.62
10791,4180,129,3,9524.26,28572.78
10792,4330,148,5,45590.74,227953.7
10793,2376,116,1,45582.6,45582.6
10794,4913,169,5,62923.23,314616.15
10795,175,107,5,44008.33,220041.65
10796,4713,187,5,49126.18,245630.9
10797,932,142,5,24742.5,123712.5
10798,1054,58,4,45571.21,182284.84
10799,586,16,3,10378.88,31136.64
10800,2485,149,1,10425.94,10425.94
10801,4055,25,1,22922.96,22922.96
10802,1832,169,4,62923.23,251692.92
10803,2080,109,5,29367.34,146836.7
10804,443,225,4,60097.04,240388.16
10805,4363,231,5,63124.22,315621.1
10806,3826,132,3,55437.19,166311.57
10807,4415,238,1,1908.64,1908.64
10808,1552,154,1,56227.97,56227.97
10809,1166,165,4,51492.2,205968.8
10810,3965,159,1,2783.41,2783.41
10811,2756,49,5,10523.25,52616.25
10812,4093,86,1,21297.54,21297.54
10813,4154,178,5,64556.87,322784.35
10814,2793,55,3,57983.9,173951.7
10815,1479,215,5,16623.86,83119.3
10816,3699,165,1,51492.2,51492.2
10817,1884,146,4,38757.35,155029.4
10818,4044,52,2,11931.31,23862.62
10819,4210,1,1,10808.33,10808.33
10820,2071,232,1,18463.39,18463.39
10821,2099,171,2,10281.14,20562.28
10822,1352,168,4,18613.65,74454.6
10823,2560,163,3,28241.72,84725.16
10824,1010,201,1,29524.33,29524.33
10825,2163,197,2,30911.41,61822.82
10826,1682,209,2,39850.3,79700.6
10827,115,9,5,1896.99,9484.95
10828,3169,94,5,28901.65,144508.25
10829,3074,45,2,61881.38,123762.76
10830,1829,67,5,213.0,1065.0
10831,3981,135,1,32067.55,32067.55
10832,1877,77,2,2172.62,4345.24
10833,764,17,3,36691.73,110075.19
10834,3588,166,3,5840.36,17521.08
10835,3251,120,3,36416.76,109250.28
10836,3985,57,2,59016.95,118033.9
10837,2595,22,3,42176.54,126529.62
10838,893,86,4,21297.54,85190.16
10839,574,117,2,13182.39,26364.78
10840,707,46,3,32367.18,97101.54
10841,1853,39,1,57498.93,57498.93
10842,4762,118,5,4934.91,24674.55
10843,1261,65,4,25140.63,100562.52
10844,3265,30,4,10958.09,43832.36
10845,2244,13,2,53776.88,107553.76
10846,2683,163,2,28241.72,56483.44
10847,307,11,3,38403.76,115211.28
10848,3143,134,3,50043.92,150131.76
10849,1015,220,4,29590.01,118360.04
10850,1279,126,2,64362.26,128724.52
10851,2221,15,4,27970.24,111880.96
10852,4629,215,4,16623.86,66495.44
10853,2702,68,1,43109.08,43109.08
10854,1862,199,2,7626.21,15252.42
10855,3145,50,1,38689.96,38689.96
10856,843,206,3,6578.5,19735.5
10857,450,234,5,56146.62,280733.1
10858,4741,34,2,55038.37,110076.74
10859,4132,52,1,11931.31,11931.31
10860,4838,39,2,57498.93,114997.86
10861,619,196,2,50609.16,101218.32
10862,1695,225,4,60097.04,240388.16
10863,251,65,3,25140.63,75421.89
10864,341,56,5,37341.47,186707.35
10865,3356,249,1,30676.08,30676.08
10866,4066,43,5,29714.26,148571.3
10867,2448,50,1,38689.96,38689.96
10868,3361,36,5,2797.54,13987.7
10869,3748,49,3,10523.25,31569.75
10870,2745,32,2,21295.25,42590.5
10871,4698,95,1,59509.32,59509.32
10872,3618,173,2,50939.53,101879.06
10873,4399,188,3,51065.63,153196.89
10874,2730,139,4,22524.02,90096.08
10875,4090,160,2,5722.02,11444.04
10876,979,98,1,45423.62,45423.62
10877,1266,122,5,24480.91,122404.55
10878,3483,51,3,4745.62,14236.86
10879,4382,238,4,1908.64,7634.56
10880,3435,200,3,17145.0,51435.0
10881,3212,235,1,35669.98,35669.98
10882,1092,136,1,21659.92,21659.92
10883,3345,156,3,22854.19,68562.57
10884,2605,201,2,29524.33,59048.66
10885,1024,27,1,51849.33,51849.33
10886,4889,195,3,56252.99,168758.97
10887,1738,21,4,7177.36,28709.44
10888,901,86,4,21297.54,85190.16
10889,3201,121,5,12980.71,64903.55
10890,2765,158,4,64606.23,258424.92
10891,857,55,3,57983.9,173951.7
10892,596,30,2,10958.09,21916.18
10893,4978,38,5,547.71,2738.55
10894,4258,18,1,44633.15,44633.15
10895,2213,44,2,34014.14,68028.28
10896,4514,162,3,64005.28,192015.84
10897,1483,65,4,25140.63,100562.52
10898,3280,82,3,37506.05,112518.15
10899,2376,248,3,55808.74,167426.22
10900,353,207,5,68454.58,342272.9
10901,2651,83,3,62547.04,187641.12
10902,4430,133,3,45678.86,137036.58
10903,4921,132,1,55437.19,55437.19
10904,3171,147,1,979.82,979.82
10905,2507,62,5,62257.94,311289.7
10906,4495,122,5,24480.91,122404.55
10907,4327,139,5,22524.02,112620.1
10908,4740,148,3,45590.74,136772.22
10909,4463,222,3,8275.82,24827.46
10910,2294,217,1,26516.35,26516.35
10911,3241,10,2,50484.52,100969.04
10912,3180,149,1,10425.94,10425.94
10913,4679,163,3,28241.72,84725.16
10914,4884,79,1,31796.72,31796.72
10915,2830,174,2,56927.09,113854.18
10916,863,250,5,60076.97,300384.85
10917,4313,147,5,979.82,4899.1
10918,152,48,1,64744.15,64744.15
10919,4072,120,4,36416.76,145667.04
10920,1590,14,5,4181.19,20905.95
10921,4121,226,1,45400.81,45400.81
10922,2702,59,1,43410.48,43410.48
10923,1334,249,5,30676.08,153380.4
10924,1806,53,2,13502.43,27004.86
10925,3174,205,4,44040.82,176163.28
10926,3677,16,3,10378.88,31136.64
10927,1156,145,4,12802.99,51211.96
10928,4738,35,3,12662.52,37987.56
10929,1918,139,3,22524.02,67572.06
10930,829,181,2,30941.3,61882.6
10931,3678,151,1,12383.09,12383.09
10932,1838,37,3,3858.64,11575.92
10933,1806,236,2,12330.19,24660.38
10934,1147,180,3,22916.64,68749.92
10935,4261,194,5,33793.71,168968.55
10936,4172,201,3,29524.33,88572.99
10937,143,78,1,40599.73,40599.73
10938,3461,45,4,61881.38,247525.52
10939,2255,46,2,32367.18,64734.36
10940,797,33,1,1350.02,1350.02
10941,724,191,3,35165.54,105496.62
10942,2467,167,3,32297.74,96893.22
10943,2540,166,5,5840.36,29201.8
10944,2872,4,2,54318.36,108636.72
10945,2447,194,4,33793.71,135174.84
10946,600,5,1,16804.25,16804.25
10947,3186,213,5,46579.95,232899.75
10948,767,226,1,45400.81,45400.81
10949,4054,27,2,51849.33,103698.66
10950,3949,125,5,42471.61,212358.05
10951,4012,60,1,49134.01,49134.01
10952,2744,241,1,29741.02,29741.02
10953,2487,163,4,28241.72,112966.88
10954,86,115,2,6132.98,12265.96
10955,4043,45,1,61881.38,61881.38
10956,2521,11,2,38403.76,76807.52
10957,1459,241,3,29741.02,89223.06
10958,75,73,3,44385.63,133156.89
10959,168,27,2,51849.33,103698.66
10960,618,114,5,25781.07,128905.35
10961,2806,245,4,7411.87,29647.48
10962,1682,231,3,63124.22,189372.66
10963,1639,103,1,5533.32,5533.32
10964,2244,87,3,46894.5,140683.5
10965,268,22,2,42176.54,84353.08
10966,4916,5,3,16804.25,50412.75
10967,1957,22,2,42176.54,84353.08
10968,4333,112,5,58381.78,291908.9
10969,3481,110,4,7098.93,28395.72
10970,3594,89,4,35164.04,140656.16
10971,2405,103,5,5533.32,27666.6
10972,4110,198,2,11169.83,22339.66
10973,3136,62,2,62257.94,124515.88
10974,1235,9,5,1896.99,9484.95
10975,2313,134,1,50043.92,50043.92
10976,3330,130,3,17397.94,52193.82
10977,1562,22,5,42176.54,210882.7
10978,4741,169,5,62923.23,314616.15
10979,14,177,5,25646.36,128231.8
10980,3868,243,1,131.11,131.11
10981,551,194,3,33793.71,101381.13
10982,3117,29,5,21169.41,105847.05
10983,3848,226,1,45400.81,45400.81
10984,1341,122,2,24480.91,48961.82
10985,1061,69,4,9102.07,36408.28
10986,3782,138,2,39621.63,79243.26
10987,731,79,4,31796.72,127186.88
10988,2296,41,3,29618.34,88855.02
10989,237,131,5,29903.35,149516.75
10990,1440,61,2,58995.31,117990.62
10991,2170,162,2,64005.28,128010.56
10992,3367,214,5,46708.94,233544.7
10993,3538,219,3,32485.64,97456.92
10994,3669,174,4,56927.09,227708.36
10995,1745,243,2,131.11,262.22
10996,2041,126,2,64362.26,128724.52
10997,2095,222,5,8275.82,41379.1
10998,1350,155,2,646.95,1293.9
10999,711,64,2,45985.44,91970.88
11000,1133,79,1,31796.72,31796.72
11001,3223,19,5,46390.24,231951.2
11002,3301,176,5,35001.92,175009.6
11003,2365,104,1,18898.17,18898.17
11004,2930,102,5,28252.05,141260.25
11005,1225,234,4,56146.62,224586.48
11006,2067,237,3,27207.03,81621.09
11007,222,237,3,27207.03,81621.09
11008,3332,159,3,2783.41,8350.23
11009,4292,43,4,29714.26,118857.04
11010,684,233,4,59166.85,236667.4
11011,4776,25,2,22922.96,45845.92
11012,2266,248,2,55808.74,111617.48
11013,4279,173,1,50939.53,50939.53
11014,1280,196,3,50609.16,151827.48
11015,4591,239,1,8293.55,8293.55
11016,1519,82,4,37506.05,150024.2
11017,1387,22,5,42176.54,210882.7
11018,3625,70,4,66121.59,264486.36
11019,3571,13,3,53776.88,161330.64
11020,2434,15,3,27970.24,83910.72
11021,1206,69,1,9102.07,9102.07
11022,2365,38,4,547.71,2190.84
11023,2582,97,2,68459.59,136919.18
11024,3461,19,4,46390.24,185560.96
11025,449,66,4,6070.99,24283.96
11026,2433,64,1,45985.44,45985.44
11027,222,113,2,14029.76,28059.52
11028,2504,119,4,33444.49,133777.96
11029,3171,249,1,30676.08,30676.08
11030,2925,199,2,7626.21,15252.42
11031,588,216,2,21395.53,42791.06
11032,3938,194,5,33793.71,168968.55
11033,1719,119,3,33444.49,100333.47
11034,3914,97,4,68459.59,273838.36
11035,4942,201,2,29524.33,59048.66
11036,4039,121,4,12980.71,51922.84
11037,1520,79,2,31796.72,63593.44
11038,2105,44,4,34014.14,136056.56
11039,4178,80,1,21690.71,21690.71
11040,1444,217,5,26516.35,132581.75
11041,4027,164,4,40728.62,162914.48
11042,869,35,5,12662.52,63312.6
11043,1185,110,1,7098.93,7098.93
11044,1307,72,5,54286.43,271432.15
11045,4536,119,4,33444.49,133777.96
11046,4992,146,5,38757.35,193786.75
11047,2348,169,5,62923.23,314616.15
11048,601,150,3,25258.79,75776.37
11049,305,105,5,26970.33,134851.65
11050,998,46,4,32367.18,129468.72
11051,2843,103,1,5533.32,5533.32
11052,88,76,1,22632.82,22632.82
11053,4580,109,4,29367.34,117469.36
11054,1538,37,3,3858.64,11575.92
11055,4270,240,4,48841.77,195367.08
11056,4124,247,3,1889.76,5669.28
11057,4266,19,1,46390.24,46390.24
11058,3101,218,2,28695.07,57390.14
11059,2261,118,1,4934.91,4934.91
11060,3172,89,4,35164.04,140656.16
11061,1592,162,5,64005.28,320026.4
11062,3436,229,3,40892.85,122678.55
11063,570,239,2,8293.55,16587.1
11064,210,87,3,46894.5,140683.5
11065,909,91,2,31454.59,62909.18
11066,4116,7,4,65009.38,260037.52
11067,4106,108,3,7901.41,23704.23
11068,3806,197,4,30911.41,123645.64
11069,64,30,4,10958.09,43832.36
11070,4762,97,2,68459.59,136919.18
11071,136,227,2,61598.02,123196.04
11072,1962,50,4,38689.96,154759.84
11073,1029,126,1,64362.26,64362.26
11074,3278,96,2,5276.47,10552.94
11075,4586,19,2,46390.24,92780.48
11076,3869,139,5,22524.02,112620.1
11077,2712,242,4,14842.89,59371.56
11078,1128,240,2,48841.77,97683.54
11079,2686,76,2,22632.82,45265.64
11080,2994,167,1,32297.74,32297.74
11081,1333,151,1,12383.09,12383.09
11082,2552,93,5,46909.04,234545.2
11083,4636,208,4,41507.35,166029.4
11084,1795,182,5,53789.43,268947.15
11085,2901,215,5,16623.86,83119.3
11086,2981,36,3,2797.54,8392.62
11087,394,87,1,46894.5,46894.5
11088,469,72,3,54286.43,162859.29
11089,719,192,1,15107.45,15107.45
11090,3270,165,4,51492.2,205968.8
11091,3338,4,3,54318.36,162955.08
11092,4557,132,1,55437.19,55437.19
11093,4741,81,5,30957.28,154786.4
11094,1282,165,3,51492.2,154476.6
11095,1730,149,5,10425.94,52129.7
11096,699,87,5,46894.5,234472.5
11097,4190,64,2,45985.44,91970.88
11098,1272,243,3,131.11,393.33
11099,4007,15,2,27970.24,55940.48
11100,908,28,4,54176.7,216706.8
11101,4448,192,4,15107.45,60429.8
11102,3297,249,1,30676.08,30676.08
11103,1317,210,5,29960.64,149803.2
11104,4992,171,2,10281.14,20562.28
11105,4299,225,1,60097.04,60097.04
11106,2108,158,5,64606.23,323031.15
11107,4965,101,3,47716.78,143150.34
11108,3560,221,5,41568.44,207842.2
11109,775,212,4,14743.99,58975.96
11110,4522,29,3,21169.41,63508.23
11111,2115,173,5,50939.53,254697.65
11112,1541,248,4,55808.74,223234.96
11113,711,190,1,42783.57,42783.57
11114,2589,62,5,62257.94,311289.7
11115,1806,57,4,59016.95,236067.8
11116,3184,196,3,50609.16,151827.48
11117,2334,152,2,11244.0,22488.0
11118,2317,120,3,36416.76,109250.28
11119,1874,14,2,4181.19,8362.38
11120,2413,165,2,51492.2,102984.4
11121,3525,242,4,14842.89,59371.56
11122,4484,192,3,15107.45,45322.35
11123,2795,206,4,6578.5,26314.0
11124,3558,188,1,51065.63,51065.63
11125,893,197,3,30911.41,92734.23
11126,2869,103,5,5533.32,27666.6
11127,632,229,4,40892.85,163571.4
11128,28,153,4,1829.17,7316.68
11129,2518,172,1,53622.22,53622.22
11130,3032,113,5,14029.76,70148.8
11131,4042,218,4,28695.07,114780.28
11132,3421,8,1,31794.75,31794.75
11133,3859,239,5,8293.55,41467.75
11134,1291,174,5,56927.09,284635.45
11135,3121,219,1,32485.64,32485.64
11136,2329,192,4,15107.45,60429.8
11137,1864,5,4,16804.25,67217.0
11138,4434,185,1,5495.72,5495.72
11139,1225,117,5,13182.39,65911.95
11140,4080,188,2,51065.63,102131.26
11141,4066,52,1,11931.31,11931.31
11142,917,211,5,50593.81,252969.05
11143,3501,160,5,5722.02,28610.1
11144,2497,102,3,28252.05,84756.15
11145,1250,28,4,54176.7,216706.8
11146,2394,224,3,53537.82,160613.46
11147,3208,81,5,30957.28,154786.4
11148,4768,234,5,56146.62,280733.1
11149,4388,69,2,9102.07,18204.14
11150,4531,109,5,29367.34,146836.7
11151,2424,212,3,14743.99,44231.97
11152,1855,177,5,25646.36,128231.8
11153,185,171,4,10281.14,41124.56
11154,4281,71,1,49802.41,49802.41
11155,2488,96,4,5276.47,21105.88
11156,4715,91,3,31454.59,94363.77
11157,3724,51,5,4745.62,23728.1
11158,538,88,4,38006.23,152024.92
11159,3703,148,5,45590.74,227953.7
11160,3841,165,2,51492.2,102984.4
11161,4337,21,3,7177.36,21532.08
11162,3477,22,2,42176.54,84353.08
11163,175,33,2,1350.02,2700.04
11164,1321,201,4,29524.33,118097.32
11165,3299,56,5,37341.47,186707.35
11166,740,101,5,47716.78,238583.9
11167,2328,200,5,17145.0,85725.0
11168,4091,53,5,13502.43,67512.15
11169,3694,101,5,47716.78,238583.9
11170,3800,175,4,66335.25,265341.0
11171,3003,150,4,25258.79,101035.16
11172,2421,220,4,29590.01,118360.04
11173,896,137,1,23377.61,23377.61
11174,3952,92,2,59038.83,118077.66
11175,2181,10,5,50484.52,252422.6
11176,3542,28,5,54176.7,270883.5
11177,3615,198,3,11169.83,33509.49
11178,930,23,4,56494.42,225977.68
11179,2590,108,2,7901.41,15802.82
11180,2320,211,3,50593.81,151781.43
11181,479,106,1,19251.91,19251.91
11182,1249,31,1,21599.36,21599.36
11183,4820,26,4,57281.74,229126.96
11184,1496,111,5,12779.39,63896.95
11185,3403,159,4,2783.41,11133.64
11186,3936,42,4,35406.75,141627.0
11187,4132,179,2,51970.0,103940.0
11188,1759,45,2,61881.38,123762.76
11189,3108,237,2,27207.03,54414.06
11190,4032,52,1,11931.31,11931.31
11191,4625,106,5,19251.91,96259.55
11192,1429,78,2,40599.73,81199.46
11193,3445,149,5,10425.94,52129.7
11194,585,194,2,33793.71,67587.42
11195,379,12,4,29314.78,117259.12
11196,3873,143,5,52558.49,262792.45
11197,3458,118,1,4934.91,4934.91
11198,3035,248,4,55808.74,223234.96
11199,4792,23,3,56494.42,169483.26
11200,3840,207,1,68454.58,68454.58
11201,598,41,5,29618.34,148091.7
11202,4449,55,5,57983.9,289919.5
11203,2094,176,3,35001.92,105005.76
11204,2398,21,4,7177.36,28709.44
11205,2259,99,1,10955.12,10955.12
11206,3994,176,1,35001.92,35001.92
11207,2877,11,1,38403.76,38403.76
11208,3536,164,4,40728.62,162914.48
11209,2845,234,2,56146.62,112293.24
11210,4495,85,2,6828.31,13656.62
11211,411,9,3,1896.99,5690.97
11212,2686,96,4,5276.47,21105.88
11213,4172,227,4,61598.02,246392.08
11214,4375,221,3,41568.44,124705.32
11215,1494,39,2,57498.93,114997.86
11216,1033,222,1,8275.82,8275.82
11217,152,197,4,30911.41,123645.64
11218,2839,185,5,5495.72,27478.6
11219,3919,166,4,5840.36,23361.44
11220,2506,165,1,51492.2,51492.2
11221,2433,70,2,66121.59,132243.18
11222,461,22,5,42176.54,210882.7
11223,21,54,3,3826.07,11478.21
11224,1180,1,4,10808.33,43233.32
11225,4502,120,2,36416.76,72833.52
11226,555,237,4,27207.03,108828.12
11227,225,72,4,54286.43,217145.72
11228,3423,135,4,32067.55,128270.2
11229,226,246,5,17087.52,85437.6
11230,991,205,4,44040.82,176163.28
11231,3177,37,1,3858.64,3858.64
11232,661,245,4,7411.87,29647.48
11233,3961,28,2,54176.7,108353.4
11234,1927,11,3,38403.76,115211.28
11235,3192,179,3,51970.0,155910.0
11236,4157,58,4,45571.21,182284.84
11237,2989,155,5,646.95,3234.75
11238,4419,1,1,10808.33,10808.33
11239,3329,172,4,53622.22,214488.88
11240,2933,140,1,48596.53,48596.53
11241,1841,109,4,29367.34,117469.36
11242,1341,43,2,29714.26,59428.52
11243,316,140,4,48596.53,194386.12
11244,516,176,1,35001.92,35001.92
11245,1142,26,2,57281.74,114563.48
11246,172,182,3,53789.43,161368.29
11247,201,224,5,53537.82,267689.1
11248,3121,213,2,46579.95,93159.9
11249,4934,147,3,979.82,2939.46
11250,3973,141,2,11433.67,22867.34
11251,2414,136,5,21659.92,108299.6
11252,589,178,3,64556.87,193670.61
11253,3249,2,5,2750.44,13752.2
11254,1192,67,4,213.0,852.0
11255,2474,4,4,54318.36,217273.44
11256,4641,177,3,25646.36,76939.08
11257,1701,80,3,21690.71,65072.13
11258,925,172,4,53622.22,214488.88
11259,3023,97,4,68459.59,273838.36
11260,3159,23,5,56494.42,282472.1
11261,3264,48,1,64744.15,64744.15
11262,1823,44,2,34014.14,68028.28
11263,4782,240,2,48841.77,97683.54
11264,3060,3,1,1679.44,1679.44
11265,4811,124,4,19205.78,76823.12
11266,673,11,2,38403.76,76807.52
11267,1103,206,1,6578.5,6578.5
11268,3212,87,5,46894.5,234472.5
11269,38,250,5,60076.97,300384.85
11270,3765,39,4,57498.93,229995.72
11271,3900,174,1,56927.09,56927.09
11272,2720,169,1,62923.23,62923.23
11273,938,159,2,2783.41,5566.82
11274,4294,138,2,39621.63,79243.26
11275,507,155,1,646.95,646.95
11276,2217,88,5,38006.23,190031.15
11277,717,102,4,28252.05,113008.2
11278,1529,154,1,56227.97,56227.97
11279,4922,242,2,14842.89,29685.78
11280,81,70,2,66121.59,132243.18
11281,272,23,5,56494.42,282472.1
11282,2996,150,1,25258.79,25258.79
11283,2866,41,4,29618.34,118473.36
11284,1862,29,1,21169.41,21169.41
11285,4505,113,4,14029.76,56119.04
11286,2877,223,4,41409.35,165637.4
11287,4025,237,2,27207.03,54414.06
11288,1522,71,1,49802.41,49802.41
11289,1283,131,4,29903.35,119613.4
11290,2748,187,1,49126.18,49126.18
11291,2035,246,5,17087.52,85437.6
11292,2558,32,1,21295.25,21295.25
11293,786,241,5,29741.02,148705.1
11294,2900,207,5,68454.58,342272.9
11295,4952,161,2,4529.81,9059.62
11296,1308,47,3,40909.49,122728.47
11297,4795,46,3,32367.18,97101.54
11298,2088,203,3,52650.81,157952.43
11299,225,184,4,25759.96,103039.84
11300,3540,238,1,1908.64,1908.64
11301,2832,147,2,979.82,1959.64
11302,1049,35,1,12662.52,12662.52
11303,4841,126,4,64362.26,257449.04
11304,2273,210,5,29960.64,149803.2
11305,3168,17,5,36691.73,183458.65
11306,1542,192,5,15107.45,75537.25
11307,1377,90,3,735.6,2206.8
11308,4817,31,3,21599.36,64798.08
11309,1798,46,1,32367.18,32367.18
11310,937,182,4,53789.43,215157.72
11311,1397,72,3,54286.43,162859.29
11312,3093,189,1,58222.2,58222.2
11313,2819,20,5,20223.14,101115.7
11314,1433,15,5,27970.24,139851.2
11315,314,142,4,24742.5,98970.0
11316,933,207,4,68454.58,273818.32
11317,4206,1,5,10808.33,54041.65
11318,4051,236,1,12330.19,12330.19
11319,1637,88,2,38006.23,76012.46
11320,4246,184,3,25759.96,77279.88
11321,3624,221,2,41568.44,83136.88
11322,1226,68,2,43109.08,86218.16
11323,488,228,3,66102.43,198307.29
11324,3804,16,2,10378.88,20757.76
11325,3530,94,5,28901.65,144508.25
11326,3065,149,2,10425.94,20851.88
11327,2589,123,1,32240.11,32240.11
11328,4035,187,2,49126.18,98252.36
11329,3928,216,5,21395.53,106977.65
11330,1288,154,1,56227.97,56227.97
11331,2145,182,4,53789.43,215157.72
11332,4720,244,5,3395.09,16975.45
11333,4408,194,1,33793.71,33793.71
11334,570,187,4,49126.18,196504.72
11335,1175,235,1,35669.98,35669.98
11336,1868,123,1,32240.11,32240.11
11337,1484,180,4,22916.64,91666.56
11338,585,99,4,10955.12,43820.48
11339,757,99,4,10955.12,43820.48
11340,1482,210,4,29960.64,119842.56
11341,439,39,2,57498.93,114997.86
11342,2396,21,1,7177.36,7177.36
11343,1357,107,2,44008.33,88016.66
11344,799,5,5,16804.25,84021.25
11345,1692,4,5,54318.36,271591.8
11346,1692,214,2,46708.94,93417.88
11347,154,196,5,50609.16,253045.8
11348,710,78,2,40599.73,81199.46
11349,1001,215,5,16623.86,83119.3
11350,1948,138,3,39621.63,118864.89
11351,545,201,3,29524.33,88572.99
11352,2031,24,1,9618.22,9618.22
11353,4229,153,2,1829.17,3658.34
11354,1883,14,4,4181.19,16724.76
11355,1895,21,2,7177.36,14354.72
11356,4818,119,2,33444.49,66888.98
11357,4652,139,5,22524.02,112620.1
11358,3866,210,2,29960.64,59921.28
11359,4335,116,4,45582.6,182330.4
11360,597,54,1,3826.07,3826.07
11361,2480,37,2,3858.64,7717.28
11362,4158,121,4,12980.71,51922.84
11363,4132,230,1,31745.27,31745.27
11364,4813,2,1,2750.44,2750.44
11365,3967,209,4,39850.3,159401.2
11366,3498,73,2,44385.63,88771.26
11367,3742,189,1,58222.2,58222.2
11368,4967,227,4,61598.02,246392.08
11369,4341,201,3,29524.33,88572.99
11370,1223,96,2,5276.47,10552.94
11371,4809,159,1,2783.41,2783.41
11372,1542,235,5,35669.98,178349.9
11373,2644,219,3,32485.64,97456.92
11374,558,58,1,45571.21,45571.21
11375,3773,161,3,4529.81,13589.43
11376,2051,138,3,39621.63,118864.89
11377,995,204,5,44102.83,220514.15
11378,2938,65,3,25140.63,75421.89
11379,1397,172,2,53622.22,107244.44
11380,1681,67,3,213.0,639.0
11381,340,45,3,61881.38,185644.14
11382,4559,168,5,18613.65,93068.25
11383,2971,203,3,52650.81,157952.43
11384,521,3,5,1679.44,8397.2
11385,4301,156,2,22854.19,45708.38
11386,848,114,1,25781.07,25781.07
11387,12,229,5,40892.85,204464.25
11388,3712,71,5,49802.41,249012.05
11389,2664,63,1,28971.16,28971.16
11390,2782,155,5,646.95,3234.75
11391,3551,74,4,20062.57,80250.28
11392,92,144,4,66090.78,264363.12
11393,1104,212,3,14743.99,44231.97
11394,2056,128,4,17503.4,70013.6
11395,4084,85,2,6828.31,13656.62
11396,4190,195,5,56252.99,281264.95
11397,970,191,4,35165.54,140662.16
11398,3563,138,2,39621.63,79243.26
11399,3020,49,2,10523.25,21046.5
11400,2256,121,5,12980.71,64903.55
11401,653,207,1,68454.58,68454.58
11402,95,217,1,26516.35,26516.35
11403,3499,39,1,57498.93,57498.93
11404,4978,134,5,50043.92,250219.6
11405,3935,66,3,6070.99,18212.97
11406,3453,149,2,10425.94,20851.88
11407,738,108,5,7901.41,39507.05
11408,728,207,3,68454.58,205363.74
11409,601,100,3,55420.51,166261.53
11410,942,183,5,12734.47,63672.35
11411,155,127,1,60846.23,60846.23
11412,2220,232,3,18463.39,55390.17
11413,2796,30,5,10958.09,54790.45
11414,3087,74,5,20062.57,100312.85
11415,1482,62,1,62257.94,62257.94
11416,3117,178,4,64556.87,258227.48
11417,535,218,5,28695.07,143475.35
11418,113,30,4,10958.09,43832.36
11419,2226,201,5,29524.33,147621.65
11420,2404,42,3,35406.75,106220.25
11421,1323,69,4,9102.07,36408.28
11422,3802,31,5,21599.36,107996.8
11423,1786,16,4,10378.88,41515.52
11424,2429,212,4,14743.99,58975.96
11425,1629,177,5,25646.36,128231.8
11426,201,198,5,11169.83,55849.15
11427,3927,91,2,31454.59,62909.18
11428,2787,137,5,23377.61,116888.05
11429,4588,53,2,13502.43,27004.86
11430,2239,247,2,1889.76,3779.52
11431,2699,171,5,10281.14,51405.7
11432,2960,235,1,35669.98,35669.98
11433,1932,49,2,10523.25,21046.5
11434,3347,191,5,35165.54,175827.7
11435,3054,233,3,59166.85,177500.55
11436,1609,35,2,12662.52,25325.04
11437,1503,71,4,49802.41,199209.64
11438,4645,57,3,59016.95,177050.85
11439,2917,32,4,21295.25,85181.0
11440,4066,142,5,24742.5,123712.5
11441,1599,169,4,62923.23,251692.92
11442,3880,124,2,19205.78,38411.56
11443,439,79,2,31796.72,63593.44
11444,4610,128,1,17503.4,17503.4
11445,4113,132,5,55437.19,277185.95
11446,2237,37,4,3858.64,15434.56
11447,911,189,4,58222.2,232888.8
11448,3486,81,4,30957.28,123829.12
11449,2309,238,3,1908.64,5725.92
11450,2945,188,2,51065.63,102131.26
11451,4908,220,2,29590.01,59180.02
11452,4268,67,1,213.0,213.0
11453,1665,242,3,14842.89,44528.67
11454,3990,111,5,12779.39,63896.95
11455,3289,77,3,2172.62,6517.86
11456,2183,239,3,8293.55,24880.65
11457,4,107,4,44008.33,176033.32
11458,4242,245,5,7411.87,37059.35
11459,4847,187,3,49126.18,147378.54
11460,1225,88,2,38006.23,76012.46
11461,1324,132,2,55437.19,110874.38
11462,3252,149,2,10425.94,20851.88
11463,45,223,5,41409.35,207046.75
11464,247,19,1,46390.24,46390.24
11465,4432,126,2,64362.26,128724.52
11466,929,167,2,32297.74,64595.48
11467,4651,140,2,48596.53,97193.06
11468,140,236,2,12330.19,24660.38
11469,294,178,1,64556.87,64556.87
11470,2899,248,4,55808.74,223234.96
11471,2798,115,2,6132.98,12265.96
11472,1663,138,4,39621.63,158486.52
11473,1009,105,1,26970.33,26970.33
11474,625,140,4,48596.53,194386.12
11475,573,149,1,10425.94,10425.94
11476,1999,242,4,14842.89,59371.56
11477,2218,250,1,60076.97,60076.97
11478,3385,152,3,11244.0,33732.0
11479,4432,9,3,1896.99,5690.97
11480,618,132,3,55437.19,166311.57
11481,381,76,4,22632.82,90531.28
11482,3997,62,3,62257.94,186773.82
11483,294,61,1,58995.31,58995.31
11484,4200,201,5,29524.33,147621.65
11485,2474,151,4,12383.09,49532.36
11486,2403,17,4,36691.73,146766.92
11487,1833,47,2,40909.49,81818.98
11488,4313,81,3,30957.28,92871.84
11489,3330,220,2,29590.01,59180.02
11490,1886,109,4,29367.34,117469.36
11491,41,245,2,7411.87,14823.74
11492,1828,86,2,21297.54,42595.08
11493,760,128,5,17503.4,87517.0
11494,1097,228,1,66102.43,66102.43
11495,965,219,5,32485.64,162428.2
11496,1429,246,5,17087.52,85437.6
11497,4702,18,2,44633.15,89266.3
11498,225,209,3,39850.3,119550.9
11499,608,6,2,642.86,1285.72
11500,3715,22,5,42176.54,210882.7
11501,145,91,5,31454.59,157272.95
11502,718,68,4,43109.08,172436.32
11503,4710,108,1,7901.41,7901.41
11504,2727,97,2,68459.59,136919.18
11505,1993,232,2,18463.39,36926.78
11506,289,152,3,11244.0,33732.0
11507,3758,148,4,45590.74,182362.96
11508,3310,243,5,131.11,655.55
11509,4315,87,3,46894.5,140683.5
11510,1618,67,4,213.0,852.0
11511,2244,84,5,18918.53,94592.65
11512,1275,157,3,10754.95,32264.85
11513,2120,104,2,18898.17,37796.34
11514,3907,54,2,3826.07,7652.14
11515,1800,240,1,48841.77,48841.77
11516,343,58,1,45571.21,45571.21
11517,2232,117,1,13182.39,13182.39
11518,3123,171,4,10281.14,41124.56
11519,1242,61,3,58995.31,176985.93
11520,1447,94,2,28901.65,57803.3
11521,383,31,2,21599.36,43198.72
11522,4312,207,1,68454.58,68454.58
11523,4858,74,1,20062.57,20062.57
11524,32,28,1,54176.7,54176.7
11525,1115,151,3,12383.09,37149.27
11526,1100,14,4,4181.19,16724.76
11527,4118,27,5,51849.33,259246.65
11528,4056,188,3,51065.63,153196.89
11529,801,78,4,40599.73,162398.92
11530,2851,107,4,44008.33,176033.32
11531,1937,116,1,45582.6,45582.6
11532,4044,10,3,50484.52,151453.56
11533,1931,164,4,40728.62,162914.48
11534,1599,196,4,50609.16,202436.64
11535,3010,21,3,7177.36,21532.08
11536,1934,96,2,5276.47,10552.94
11537,2632,90,3,735.6,2206.8
11538,3507,190,2,42783.57,85567.14
11539,1033,40,5,10792.75,53963.75
11540,2462,118,4,4934.91,19739.64
11541,3171,10,1,50484.52,50484.52
11542,3990,79,5,31796.72,158983.6
11543,12,148,1,45590.74,45590.74
11544,1263,98,1,45423.62,45423.62
11545,4969,58,3,45571.21,136713.63
11546,4546,26,3,57281.74,171845.22
11547,830,77,1,2172.62,2172.62
11548,4458,202,3,10640.66,31921.98
11549,2436,15,1,27970.24,27970.24
11550,2547,245,5,7411.87,37059.35
11551,4960,206,4,6578.5,26314.0
11552,2746,112,1,58381.78,58381.78
11553,4523,65,4,25140.63,100562.52
11554,4614,95,3,59509.32,178527.96
11555,2230,153,3,1829.17,5487.51
11556,3096,191,5,35165.54,175827.7
11557,3825,246,4,17087.52,68350.08
11558,2954,95,4,59509.32,238037.28
11559,545,42,2,35406.75,70813.5
11560,2390,5,1,16804.25,16804.25
11561,671,194,3,33793.71,101381.13
11562,1094,46,5,32367.18,161835.9
11563,216,226,3,45400.81,136202.43
11564,208,162,1,64005.28,64005.28
11565,2928,7,4,65009.38,260037.52
11566,3527,43,5,29714.26,148571.3
11567,2215,44,1,34014.14,34014.14
11568,805,38,1,547.71,547.71
11569,3761,35,2,12662.52,25325.04
11570,346,152,3,11244.0,33732.0
11571,1823,66,2,6070.99,12141.98
11572,1536,7,5,65009.38,325046.9
11573,1126,77,1,2172.62,2172.62
11574,4907,141,3,11433.67,34301.01
11575,3795,117,5,13182.39,65911.95
11576,3889,55,3,57983.9,173951.7
11577,905,172,2,53622.22,107244.44
11578,3653,39,2,57498.93,114997.86
11579,324,184,4,25759.96,103039.84
11580,1851,81,4,30957.28,123829.12
11581,816,164,2,40728.62,81457.24
11582,3197,189,1,58222.2,58222.2
11583,4106,114,4,25781.07,103124.28
11584,2082,148,4,45590.74,182362.96
11585,4211,233,5,59166.85,295834.25
11586,2948,54,3,3826.07,11478.21
11587,1336,83,5,62547.04,312735.2
11588,2612,223,2,41409.35,82818.7
11589,2609,83,5,62547.04,312735.2
11590,4674,88,1,38006.23,38006.23
11591,2580,70,1,66121.59,66121.59
11592,2389,64,4,45985.44,183941.76
11593,443,74,2,20062.57,40125.14
11594,4486,127,2,60846.23,121692.46
11595,2351,61,1,58995.31,58995.31
11596,4429,132,3,55437.19,166311.57
11597,4575,194,4,33793.71,135174.84
11598,267,110,3,7098.93,21296.79
11599,974,238,3,1908.64,5725.92
11600,2460,189,2,58222.2,116444.4
11601,2972,192,1,15107.45,15107.45
11602,4652,222,4,8275.82,33103.28
11603,4744,50,2,38689.96,77379.92
11604,4071,85,4,6828.31,27313.24
11605,4702,175,1,66335.25,66335.25
11606,827,84,3,18918.53,56755.59
11607,138,136,5,21659.92,108299.6
11608,9,223,4,41409.35,165637.4
11609,1656,147,3,979.82,2939.46
11610,4265,74,3,20062.57,60187.71
11611,2225,89,1,35164.04,35164.04
11612,2627,230,2,31745.27,63490.54
11613,4941,100,3,55420.51,166261.53
11614,1958,124,1,19205.78,19205.78
11615,2083,122,4,24480.91,97923.64
11616,4116,227,1,61598.02,61598.02
11617,4983,142,3,24742.5,74227.5
11618,3248,141,2,11433.67,22867.34
11619,2563,14,3,4181.19,12543.57
11620,801,211,5,50593.81,252969.05
11621,1943,71,3,49802.41,149407.23
11622,248,47,4,40909.49,163637.96
11623,2969,93,3,46909.04,140727.12
11624,4018,174,1,56927.09,56927.09
11625,1020,234,3,56146.62,168439.86
11626,1454,227,5,61598.02,307990.1
11627,2782,6,2,642.86,1285.72
11628,1649,110,5,7098.93,35494.65
11629,2005,98,5,45423.62,227118.1
11630,1843,77,1,2172.62,2172.62
11631,1267,225,1,60097.04,60097.04
11632,1010,8,3,31794.75,95384.25
11633,2834,77,5,2172.62,10863.1
11634,4257,11,3,38403.76,115211.28
11635,3187,7,4,65009.38,260037.52
11636,2945,49,3,10523.25,31569.75
11637,4749,55,1,57983.9,57983.9
11638,3466,106,4,19251.91,77007.64
11639,1617,80,5,21690.71,108453.55
11640,1019,107,4,44008.33,176033.32
11641,442,96,3,5276.47,15829.41
11642,4039,116,2,45582.6,91165.2
11643,4711,11,3,38403.76,115211.28
11644,2940,87,3,46894.5,140683.5
11645,1574,107,2,44008.33,88016.66
11646,1819,50,1,38689.96,38689.96
11647,4920,161,2,4529.81,9059.62
11648,605,179,2,51970.0,103940.0
11649,610,184,1,25759.96,25759.96
11650,4550,32,1,21295.25,21295.25
11651,334,56,5,37341.47,186707.35
11652,4007,121,2,12980.71,25961.42
11653,4491,7,1,65009.38,65009.38
11654,3655,190,4,42783.57,171134.28
11655,4580,154,5,56227.97,281139.85
11656,4681,177,4,25646.36,102585.44
11657,4522,199,4,7626.21,30504.84
11658,89,178,4,64556.87,258227.48
11659,3159,242,4,14842.89,59371.56
11660,4173,170,5,55187.3,275936.5
11661,2445,239,2,8293.55,16587.1
11662,1608,241,1,29741.02,29741.02
11663,3552,83,1,62547.04,62547.04
11664,4894,139,2,22524.02,45048.04
11665,1845,231,5,63124.22,315621.1
11666,541,170,2,55187.3,110374.6
11667,4018,36,3,2797.54,8392.62
11668,4968,192,1,15107.45,15107.45
11669,886,217,3,26516.35,79549.05
11670,447,93,3,46909.04,140727.12
11671,1633,153,2,1829.17,3658.34
11672,2289,97,5,68459.59,342297.95
11673,4233,154,5,56227.97,281139.85
11674,2173,123,2,32240.11,64480.22
11675,4221,225,3,60097.04,180291.12
11676,2033,152,3,11244.0,33732.0
11677,1759,220,4,29590.01,118360.04
11678,1458,95,5,59509.32,297546.6
11679,104,24,3,9618.22,28854.66
11680,1902,171,3,10281.14,30843.42
11681,4270,73,5,44385.63,221928.15
11682,3386,40,1,10792.75,10792.75
11683,289,53,2,13502.43,27004.86
11684,1841,10,2,50484.52,100969.04
11685,90,29,5,21169.41,105847.05
11686,1112,98,5,45423.62,227118.1
11687,3266,16,1,10378.88,10378.88
11688,4024,59,5,43410.48,217052.4
11689,2907,83,3,62547.04,187641.12
11690,2978,91,1,31454.59,31454.59
11691,2832,25,5,22922.96,114614.8
11692,754,212,4,14743.99,58975.96
11693,3088,240,1,48841.77,48841.77
11694,2465,41,4,29618.34,118473.36
11695,3435,36,3,2797.54,8392.62
11696,2505,59,4,43410.48,173641.92
11697,4051,123,1,32240.11,32240.11
11698,2107,162,1,64005.28,64005.28
11699,712,5,5,16804.25,84021.25
11700,330,14,2,4181.19,8362.38
11701,3220,229,3,40892.85,122678.55
11702,845,52,3,11931.31,35793.93
11703,4826,123,3,32240.11,96720.33
11704,4310,152,3,11244.0,33732.0
11705,3315,69,2,9102.07,18204.14
11706,3047,39,4,57498.93,229995.72
11707,2776,191,2,35165.54,70331.08
11708,740,114,4,25781.07,103124.28
11709,4786,240,1,48841.77,48841.77
11710,55,93,2,46909.04,93818.08
11711,3620,45,3,61881.38,185644.14
11712,3360,89,4,35164.04,140656.16
11713,1835,229,2,40892.85,81785.7
11714,4069,51,3,4745.62,14236.86
11715,1569,218,3,28695.07,86085.21
11716,4479,142,5,24742.5,123712.5
11717,608,159,1,2783.41,2783.41
11718,207,195,1,56252.99,56252.99
11719,201,44,3,34014.14,102042.42
11720,1450,6,1,642.86,642.86
11721,1086,116,4,45582.6,182330.4
11722,3077,203,1,52650.81,52650.81
11723,3188,247,4,1889.76,7559.04
11724,1089,96,5,5276.47,26382.35
11725,3035,250,4,60076.97,240307.88
11726,4457,121,3,12980.71,38942.13
11727,2444,29,1,21169.41,21169.41
11728,1060,188,5,51065.63,255328.15
11729,2545,129,3,9524.26,28572.78
11730,1431,24,4,9618.22,38472.88
11731,1438,203,4,52650.81,210603.24
11732,2077,197,2,30911.41,61822.82
11733,638,182,5,53789.43,268947.15
11734,2099,15,3,27970.24,83910.72
11735,3874,143,5,52558.49,262792.45
11736,707,52,4,11931.31,47725.24
11737,3932,29,4,21169.41,84677.64
11738,575,162,4,64005.28,256021.12
11739,4301,250,3,60076.97,180230.91
11740,4819,172,5,53622.22,268111.1
11741,4643,154,1,56227.97,56227.97
11742,1252,99,2,10955.12,21910.24
11743,4351,177,2,25646.36,51292.72
11744,3699,226,5,45400.81,227004.05
11745,2528,23,3,56494.42,169483.26
11746,2871,166,3,5840.36,17521.08
11747,27,152,4,11244.0,44976.0
11748,1960,224,2,53537.82,107075.64
11749,1604,229,1,40892.85,40892.85
11750,4944,237,5,27207.03,136035.15
11751,3905,12,2,29314.78,58629.56
11752,4211,42,3,35406.75,106220.25
11753,1393,234,5,56146.62,280733.1
11754,4479,93,2,46909.04,93818.08
11755,4066,16,3,10378.88,31136.64
11756,3653,161,2,4529.81,9059.62
11757,2275,79,3,31796.72,95390.16
11758,3194,226,2,45400.81,90801.62
11759,2413,99,3,10955.12,32865.36
11760,3940,66,5,6070.99,30354.95
11761,3552,218,3,28695.07,86085.21
11762,4651,32,2,21295.25,42590.5
11763,808,22,1,42176.54,42176.54
11764,577,243,3,131.11,393.33
11765,1042,215,2,16623.86,33247.72
11766,607,222,5,8275.82,41379.1
11767,765,90,5,735.6,3678.0
11768,2912,241,5,29741.02,148705.1
11769,4363,19,2,46390.24,92780.48
11770,1601,109,5,29367.34,146836.7
11771,4316,106,4,19251.91,77007.64
11772,272,131,5,29903.35,149516.75
11773,1418,60,2,49134.01,98268.02
11774,1943,241,3,29741.02,89223.06
11775,829,19,2,46390.24,92780.48
11776,4798,85,2,6828.31,13656.62
11777,1415,83,3,62547.04,187641.12
11778,4714,175,3,66335.25,199005.75
11779,2963,116,1,45582.6,45582.6
11780,1713,21,4,7177.36,28709.44
11781,3295,140,1,48596.53,48596.53
11782,459,210,1,29960.64,29960.64
11783,1758,213,2,46579.95,93159.9
11784,2279,121,1,12980.71,12980.71
11785,3940,49,1,10523.25,10523.25
11786,4188,26,3,57281.74,171845.22
11787,646,72,2,54286.43,108572.86
11788,1826,113,3,14029.76,42089.28
11789,3590,244,3,3395.09,10185.27
11790,2813,175,3,66335.25,199005.75
11791,3065,222,1,8275.82,8275.82
11792,3618,195,2,56252.99,112505.98
11793,1588,2,1,2750.44,2750.44
11794,3330,87,3,46894.5,140683.5
11795,4160,117,4,13182.39,52729.56
11796,3022,115,5,6132.98,30664.9
11797,741,246,3,17087.52,51262.56
11798,4616,19,4,46390.24,185560.96
11799,3203,239,3,8293.55,24880.65
11800,2751,163,1,28241.72,28241.72
11801,3593,38,5,547.71,2738.55
11802,3170,65,2,25140.63,50281.26
11803,628,197,2,30911.41,61822.82
11804,3557,14,1,4181.19,4181.19
11805,3934,223,1,41409.35,41409.35
11806,2491,241,4,29741.02,118964.08
11807,1312,226,2,45400.81,90801.62
11808,1029,156,3,22854.19,68562.57
11809,2709,52,1,11931.31,11931.31
11810,4623,104,3,18898.17,56694.51
11811,667,99,3,10955.12,32865.36
11812,2381,225,1,60097.04,60097.04
11813,4483,170,1,55187.3,55187.3
11814,2732,69,1,9102.07,9102.07
11815,229,133,3,45678.86,137036.58
11816,1842,133,1,45678.86,45678.86
11817,4960,70,2,66121.59,132243.18
11818,156,200,4,17145.0,68580.0
11819,3260,178,1,64556.87,64556.87
11820,4844,10,5,50484.52,252422.6
11821,3794,152,5,11244.0,56220.0
11822,4847,110,3,7098.93,21296.79
11823,4720,179,1,51970.0,51970.0
11824,1853,26,1,57281.74,57281.74
11825,4555,227,4,61598.02,246392.08
11826,181,250,5,60076.97,300384.85
11827,3763,133,1,45678.86,45678.86
11828,2732,115,3,6132.98,18398.94
11829,4789,239,1,8293.55,8293.55
11830,3460,217,4,26516.35,106065.4
11831,552,109,3,29367.34,88102.02
11832,3552,121,1,12980.71,12980.71
11833,4713,135,4,32067.55,128270.2
11834,3526,127,5,60846.23,304231.15
11835,4383,85,1,6828.31,6828.31
11836,3486,141,2,11433.67,22867.34
11837,190,52,5,11931.31,59656.55
11838,3012,38,5,547.71,2738.55
11839,2998,120,5,36416.76,182083.8
11840,2449,207,1,68454.58,68454.58
11841,541,223,3,41409.35,124228.05
11842,2363,239,1,8293.55,8293.55
11843,3013,241,1,29741.02,29741.02
11844,3269,132,5,55437.19,277185.95
11845,4568,88,1,38006.23,38006.23
11846,866,140,5,48596.53,242982.65
11847,747,21,4,7177.36,28709.44
11848,4016,217,5,26516.35,132581.75
11849,4014,52,3,11931.31,35793.93
11850,4189,15,5,27970.24,139851.2
11851,2625,30,3,10958.09,32874.27
11852,3308,222,4,8275.82,33103.28
11853,3710,96,4,5276.47,21105.88
11854,821,179,4,51970.0,207880.0
11855,4681,82,3,37506.05,112518.15
11856,199,36,2,2797.54,5595.08
11857,769,201,2,29524.33,59048.66
11858,2353,247,2,1889.76,3779.52
11859,3154,144,2,66090.78,132181.56
11860,3135,151,5,12383.09,61915.45
11861,2819,119,1,33444.49,33444.49
11862,1802,209,5,39850.3,199251.5
11863,2894,119,1,33444.49,33444.49
11864,373,28,4,54176.7,216706.8
11865,4482,75,3,42394.12,127182.36
11866,539,161,2,4529.81,9059.62
11867,1380,188,3,51065.63,153196.89
11868,509,45,2,61881.38,123762.76
11869,4254,195,4,56252.99,225011.96
11870,4392,158,2,64606.23,129212.46
11871,363,52,5,11931.31,59656.55
11872,945,231,3,63124.22,189372.66
11873,3813,101,1,47716.78,47716.78
11874,2253,1,5,10808.33,54041.65
11875,3246,224,2,53537.82,107075.64
11876,3462,37,5,3858.64,19293.2
11877,1315,39,3,57498.93,172496.79
11878,4652,201,3,29524.33,88572.99
11879,1664,114,4,25781.07,103124.28
11880,1378,31,1,21599.36,21599.36
11881,4632,141,3,11433.67,34301.01
11882,1633,47,4,40909.49,163637.96
11883,1061,113,2,14029.76,28059.52
11884,330,111,4,12779.39,51117.56
11885,3793,95,3,59509.32,178527.96
11886,4768,166,1,5840.36,5840.36
11887,2981,241,5,29741.02,148705.1
11888,4078,55,1,57983.9,57983.9
11889,1971,117,3,13182.39,39547.17
11890,1981,121,3,12980.71,38942.13
11891,3068,202,1,10640.66,10640.66
11892,4151,197,5,30911.41,154557.05
11893,1670,2,4,2750.44,11001.76
11894,4594,211,2,50593.81,101187.62
11895,4618,67,5,213.0,1065.0
11896,1008,219,4,32485.64,129942.56
11897,423,72,5,54286.43,271432.15
11898,3439,125,2,42471.61,84943.22
11899,4783,77,2,2172.62,4345.24
11900,3654,185,5,5495.72,27478.6
11901,691,233,5,59166.85,295834.25
11902,576,110,2,7098.93,14197.86
11903,3703,178,5,64556.87,322784.35
11904,4285,200,1,17145.0,17145.0
11905,293,69,4,9102.07,36408.28
11906,1198,1,2,10808.33,21616.66
11907,4348,240,5,48841.77,244208.85
11908,4561,182,2,53789.43,107578.86
11909,1750,149,4,10425.94,41703.76
11910,4609,236,4,12330.19,49320.76
11911,23,197,5,30911.41,154557.05
11912,3608,122,1,24480.91,24480.91
11913,567,81,2,30957.28,61914.56
11914,2459,176,2,35001.92,70003.84
11915,2192,73,2,44385.63,88771.26
11916,715,12,2,29314.78,58629.56
11917,4699,56,2,37341.47,74682.94
11918,776,6,2,642.86,1285.72
11919,3310,121,3,12980.71,38942.13
11920,289,10,5,50484.52,252422.6
11921,1511,187,3,49126.18,147378.54
11922,2159,38,4,547.71,2190.84
11923,197,204,5,44102.83,220514.15
11924,4219,56,1,37341.47,37341.47
11925,4212,219,1,32485.64,32485.64
11926,4466,16,2,10378.88,20757.76
11927,2282,49,1,10523.25,10523.25
11928,3744,27,3,51849.33,155547.99
11929,4434,201,5,29524.33,147621.65
11930,1780,226,1,45400.81,45400.81
11931,2708,192,3,15107.45,45322.35
11932,2829,7,5,65009.38,325046.9
11933,1082,237,4,27207.03,108828.12
11934,2934,176,5,35001.92,175009.6
11935,3249,133,3,45678.86,137036.58
11936,4542,25,5,22922.96,114614.8
11937,4041,72,5,54286.43,271432.15
11938,4519,175,3,66335.25,199005.75
11939,3411,168,4,18613.65,74454.6
11940,2116,140,2,48596.53,97193.06
11941,1399,49,2,10523.25,21046.5
11942,4402,103,3,5533.32,16599.96
11943,1353,210,3,29960.64,89881.92
11944,69,78,4,40599.73,162398.92
11945,2283,246,4,17087.52,68350.08
11946,767,239,4,8293.55,33174.2
11947,2398,36,4,2797.54,11190.16
11948,2965,209,5,39850.3,199251.5
11949,4464,230,3,31745.27,95235.81
11950,438,248,4,55808.74,223234.96
11951,3568,204,1,44102.83,44102.83
11952,1230,70,3,66121.59,198364.77
11953,209,22,1,42176.54,42176.54
11954,3547,172,1,53622.22,53622.22
11955,824,41,3,29618.34,88855.02
11956,940,214,5,46708.94,233544.7
11957,861,26,4,57281.74,229126.96
11958,433,117,4,13182.39,52729.56
11959,1464,190,1,42783.57,42783.57
11960,189,150,4,25258.79,101035.16
11961,1336,105,2,26970.33,53940.66
11962,757,97,5,68459.59,342297.95
11963,2223,121,2,12980.71,25961.42
11964,153,41,1,29618.34,29618.34
11965,3111,50,1,38689.96,38689.96
11966,2556,18,1,44633.15,44633.15
11967,4846,34,3,55038.37,165115.11
11968,2105,55,2,57983.9,115967.8
11969,4794,92,3,59038.83,177116.49
11970,35,171,3,10281.14,30843.42
11971,3569,220,5,29590.01,147950.05
11972,3200,74,2,20062.57,40125.14
11973,4696,207,4,68454.58,273818.32
11974,1011,182,4,53789.43,215157.72
11975,1417,197,3,30911.41,92734.23
11976,3752,233,2,59166.85,118333.7
11977,4032,173,2,50939.53,101879.06
11978,560,135,5,32067.55,160337.75
11979,4665,126,1,64362.26,64362.26
11980,3557,235,1,35669.98,35669.98
11981,2529,69,4,9102.07,36408.28
11982,1165,5,2,16804.25,33608.5
11983,3629,73,3,44385.63,133156.89
11984,2899,122,1,24480.91,24480.91
11985,4725,160,1,5722.02,5722.02
11986,3575,175,4,66335.25,265341.0
11987,1639,73,2,44385.63,88771.26
11988,607,66,2,6070.99,12141.98
11989,750,26,3,57281.74,171845.22
11990,203,119,5,33444.49,167222.45
11991,636,222,2,8275.82,16551.64
11992,3578,170,4,55187.3,220749.2
11993,2560,153,2,1829.17,3658.34
11994,4858,3,4,1679.44,6717.76
11995,470,50,5,38689.96,193449.8
11996,1817,218,5,28695.07,143475.35
11997,2392,45,4,61881.38,247525.52
11998,939,218,2,28695.07,57390.14
11999,2171,37,3,3858.64,11575.92
12000,4010,15,4,27970.24,111880.96
12001,2436,171,5,10281.14,51405.7
12002,1096,33,2,1350.02,2700.04
12003,2577,178,4,64556.87,258227.48
12004,797,108,3,7901.41,23704.23
12005,407,204,1,44102.83,44102.83
12006,2296,218,5,28695.07,143475.35
12007,4681,93,2,46909.04,93818.08
12008,2160,31,3,21599.36,64798.08
12009,1820,164,3,40728.62,122185.86
12010,2980,110,3,7098.93,21296.79
12011,3345,235,4,35669.98,142679.92
12012,1788,155,4,646.95,2587.8
12013,652,209,5,39850.3,199251.5
12014,345,216,1,21395.53,21395.53
12015,1143,188,1,51065.63,51065.63
12016,3160,54,2,3826.07,7652.14
12017,2899,240,4,48841.77,195367.08
12018,2923,163,5,28241.72,141208.6
12019,3910,159,3,2783.41,8350.23
12020,4896,120,3,36416.76,109250.28
12021,3316,118,3,4934.91,14804.73
12022,3429,72,4,54286.43,217145.72
12023,3458,127,4,60846.23,243384.92
12024,3251,240,4,48841.77,195367.08
12025,2094,247,5,1889.76,9448.8
12026,761,57,3,59016.95,177050.85
12027,4182,27,4,51849.33,207397.32
12028,4786,196,3,50609.16,151827.48
12029,1361,78,2,40599.73,81199.46
12030,1323,29,4,21169.41,84677.64
12031,2096,191,3,35165.54,105496.62
12032,1636,180,2,22916.64,45833.28
12033,2325,185,3,5495.72,16487.16
12034,1092,31,3,21599.36,64798.08
12035,3270,25,1,22922.96,22922.96
12036,134,73,5,44385.63,221928.15
12037,4209,50,3,38689.96,116069.88
12038,352,215,1,16623.86,16623.86
12039,2740,216,5,21395.53,106977.65
12040,822,196,5,50609.16,253045.8
12041,4593,50,4,38689.96,154759.84
12042,2997,20,3,20223.14,60669.42
12043,3280,149,1,10425.94,10425.94
12044,2644,153,1,1829.17,1829.17
12045,4399,233,2,59166.85,118333.7
12046,3943,106,3,19251.91,57755.73
12047,1676,159,4,2783.41,11133.64
12048,4724,193,1,1860.99,1860.99
12049,298,83,4,62547.04,250188.16
12050,4415,56,3,37341.47,112024.41
12051,748,5,5,16804.25,84021.25
12052,406,128,3,17503.4,52510.2
12053,294,248,5,55808.74,279043.7
12054,2719,16,2,10378.88,20757.76
12055,2650,70,3,66121.59,198364.77
12056,920,54,4,3826.07,15304.28
12057,2255,10,2,50484.52,100969.04
12058,4978,228,3,66102.43,198307.29
12059,1436,248,2,55808.74,111617.48
12060,358,171,5,10281.14,51405.7
12061,2725,150,3,25258.79,75776.37
12062,22,242,2,14842.89,29685.78
12063,817,38,1,547.71,547.71
12064,2949,87,5,46894.5,234472.5
12065,2923,148,5,45590.74,227953.7
12066,3018,147,2,979.82,1959.64
12067,2196,18,5,44633.15,223165.75
12068,3600,29,4,21169.41,84677.64
12069,3207,87,3,46894.5,140683.5
12070,1776,98,1,45423.62,45423.62
12071,968,140,1,48596.53,48596.53
12072,895,166,4,5840.36,23361.44
12073,3,53,2,13502.43,27004.86
12074,4489,12,2,29314.78,58629.56
12075,1239,178,3,64556.87,193670.61
12076,1648,138,2,39621.63,79243.26
12077,3252,19,3,46390.24,139170.72
12078,2192,250,5,60076.97,300384.85
12079,993,121,5,12980.71,64903.55
12080,1279,211,1,50593.81,50593.81
12081,3428,87,1,46894.5,46894.5
12082,2553,214,5,46708.94,233544.7
12083,989,224,1,53537.82,53537.82
12084,816,222,3,8275.82,24827.46
12085,3346,142,4,24742.5,98970.0
12086,1457,98,1,45423.62,45423.62
12087,969,127,2,60846.23,121692.46
12088,3918,4,2,54318.36,108636.72
12089,1001,96,2,5276.47,10552.94
12090,4466,214,3,46708.94,140126.82
12091,2868,11,2,38403.76,76807.52
12092,2970,84,5,18918.53,94592.65
12093,4906,102,4,28252.05,113008.2
12094,1833,23,2,56494.42,112988.84
12095,879,39,1,57498.93,57498.93
12096,1663,206,1,6578.5,6578.5
12097,1513,80,2,21690.71,43381.42
12098,2091,182,4,53789.43,215157.72
12099,3110,179,4,51970.0,207880.0
12100,1050,213,5,46579.95,232899.75
12101,912,246,2,17087.52,34175.04
12102,3090,250,2,60076.97,120153.94
12103,642,86,2,21297.54,42595.08
12104,4854,71,3,49802.41,149407.23
12105,119,196,4,50609.16,202436.64
12106,19,20,3,20223.14,60669.42
12107,3434,187,1,49126.18,49126.18
12108,1075,3,3,1679.44,5038.32
12109,4532,71,5,49802.41,249012.05
12110,4571,73,3,44385.63,133156.89
12111,3701,96,2,5276.47,10552.94
12112,1640,109,1,29367.34,29367.34
12113,229,123,3,32240.11,96720.33
12114,4225,28,2,54176.7,108353.4
12115,1548,95,2,59509.32,119018.64
12116,1730,246,2,17087.52,34175.04
12117,3512,233,5,59166.85,295834.25
12118,2256,17,4,36691.73,146766.92
12119,2869,29,5,21169.41,105847.05
12120,241,173,1,50939.53,50939.53
12121,3673,170,3,55187.3,165561.9
12122,3167,95,5,59509.32,297546.6
12123,1163,87,3,46894.5,140683.5
12124,2138,131,2,29903.35,59806.7
12125,4148,110,5,7098.93,35494.65
12126,3078,23,2,56494.42,112988.84
12127,1628,229,3,40892.85,122678.55
12128,4270,125,5,42471.61,212358.05
12129,18,237,3,27207.03,81621.09
12130,1686,11,5,38403.76,192018.8
12131,507,124,2,19205.78,38411.56
12132,4634,65,5,25140.63,125703.15
12133,2571,99,2,10955.12,21910.24
12134,3169,110,4,7098.93,28395.72
12135,3621,50,1,38689.96,38689.96
12136,1751,194,5,33793.71,168968.55
12137,3313,192,2,15107.45,30214.9
12138,4253,102,2,28252.05,56504.1
12139,1674,140,5,48596.53,242982.65
12140,3760,86,3,21297.54,63892.62
12141,4010,6,1,642.86,642.86
12142,651,47,1,40909.49,40909.49
12143,2354,51,3,4745.62,14236.86
12144,4980,212,2,14743.99,29487.98
12145,1863,146,3,38757.35,116272.05
12146,1321,231,4,63124.22,252496.88
12147,1395,132,2,55437.19,110874.38
12148,4364,228,5,66102.43,330512.15
12149,987,197,3,30911.41,92734.23
12150,3414,95,5,59509.32,297546.6
12151,3129,4,3,54318.36,162955.08
12152,441,45,5,61881.38,309406.9
12153,3807,73,3,44385.63,133156.89
12154,3771,119,1,33444.49,33444.49
12155,3151,72,5,54286.43,271432.15
12156,645,53,2,13502.43,27004.86
12157,2763,128,5,17503.4,87517.0
12158,1299,159,5,2783.41,13917.05
12159,1272,69,3,9102.07,27306.21
12160,1071,60,3,49134.01,147402.03
12161,364,104,5,18898.17,94490.85
12162,4236,80,2,21690.71,43381.42
12163,4850,64,5,45985.44,229927.2
12164,1827,171,5,10281.14,51405.7
12165,3190,7,4,65009.38,260037.52
12166,1188,224,4,53537.82,214151.28
12167,1609,139,2,22524.02,45048.04
12168,1886,159,1,2783.41,2783.41
12169,4912,36,5,2797.54,13987.7
12170,2423,121,5,12980.71,64903.55
12171,3857,72,3,54286.43,162859.29
12172,2101,206,3,6578.5,19735.5
12173,3438,184,1,25759.96,25759.96
12174,1574,170,1,55187.3,55187.3
12175,4445,106,5,19251.91,96259.55
12176,3159,93,5,46909.04,234545.2
12177,1499,122,5,24480.91,122404.55
12178,4892,225,3,60097.04,180291.12
12179,4229,30,2,10958.09,21916.18
12180,4966,165,4,51492.2,205968.8
12181,2416,83,3,62547.04,187641.12
12182,4258,214,2,46708.94,93417.88
12183,3774,127,1,60846.23,60846.23
12184,4637,188,3,51065.63,153196.89
12185,4951,21,1,7177.36,7177.36
12186,4812,68,1,43109.08,43109.08
12187,1863,103,3,5533.32,16599.96
12188,2542,174,4,56927.09,227708.36
12189,3857,42,5,35406.75,177033.75
12190,791,31,5,21599.36,107996.8
12191,4117,73,3,44385.63,133156.89
12192,356,188,1,51065.63,51065.63
12193,2096,115,1,6132.98,6132.98
12194,4560,46,2,32367.18,64734.36
12195,722,176,5,35001.92,175009.6
12196,3089,29,4,21169.41,84677.64
12197,1173,91,5,31454.59,157272.95
12198,4474,35,5,12662.52,63312.6
12199,2118,177,3,25646.36,76939.08
12200,1398,244,4,3395.09,13580.36
12201,961,164,5,40728.62,203643.1
12202,239,68,3,43109.08,129327.24
12203,2671,157,1,10754.95,10754.95
12204,1440,238,5,1908.64,9543.2
12205,4980,145,3,12802.99,38408.97
12206,950,42,1,35406.75,35406.75
12207,3911,232,3,18463.39,55390.17
12208,2526,208,4,41507.35,166029.4
12209,3066,246,4,17087.52,68350.08
12210,1878,101,3,47716.78,143150.34
12211,1017,219,5,32485.64,162428.2
12212,1784,201,4,29524.33,118097.32
12213,194,78,4,40599.73,162398.92
12214,346,182,2,53789.43,107578.86
12215,1580,222,4,8275.82,33103.28
12216,1009,168,2,18613.65,37227.3
12217,2972,6,4,642.86,2571.44
12218,4175,48,1,64744.15,64744.15
12219,1125,2,2,2750.44,5500.88
12220,3016,132,1,55437.19,55437.19
12221,1969,250,5,60076.97,300384.85
12222,3642,159,3,2783.41,8350.23
12223,680,160,4,5722.02,22888.08
12224,1492,180,3,22916.64,68749.92
12225,3067,39,3,57498.93,172496.79
12226,257,94,3,28901.65,86704.95
12227,4149,145,4,12802.99,51211.96
12228,1424,60,3,49134.01,147402.03
12229,4878,17,5,36691.73,183458.65
12230,4202,206,5,6578.5,32892.5
12231,2576,199,3,7626.21,22878.63
12232,1283,218,2,28695.07,57390.14
12233,4918,40,5,10792.75,53963.75
12234,3596,124,1,19205.78,19205.78
12235,1492,94,5,28901.65,144508.25
12236,4517,73,3,44385.63,133156.89
12237,4591,208,3,41507.35,124522.05
12238,2576,216,3,21395.53,64186.59
12239,1115,41,1,29618.34,29618.34
12240,2633,76,5,22632.82,113164.1
12241,3705,239,2,8293.55,16587.1
12242,4734,29,2,21169.41,42338.82
12243,4919,130,5,17397.94,86989.7
12244,3295,115,2,6132.98,12265.96
12245,2036,167,3,32297.74,96893.22
12246,1931,117,1,13182.39,13182.39
12247,3510,192,2,15107.45,30214.9
12248,1198,53,1,13502.43,13502.43
12249,29,161,1,4529.81,4529.81
12250,3609,22,5,42176.54,210882.7
12251,2917,225,4,60097.04,240388.16
12252,3524,49,2,10523.25,21046.5
12253,4878,227,3,61598.02,184794.06
12254,979,101,4,47716.78,190867.12
12255,1035,19,3,46390.24,139170.72
12256,3467,163,4,28241.72,112966.88
12257,2212,204,5,44102.83,220514.15
12258,3084,53,4,13502.43,54009.72
12259,2316,210,4,29960.64,119842.56
12260,418,61,1,58995.31,58995.31
12261,1742,106,4,19251.91,77007.64
12262,1994,245,5,7411.87,37059.35
12263,3502,171,1,10281.14,10281.14
12264,1045,99,5,10955.12,54775.6
12265,3728,212,1,14743.99,14743.99
12266,3739,86,5,21297.54,106487.7
12267,2113,233,1,59166.85,59166.85
12268,2734,58,1,45571.21,45571.21
12269,4354,161,5,4529.81,22649.05
12270,3331,85,5,6828.31,34141.55
12271,2669,47,2,40909.49,81818.98
12272,4153,132,4,55437.19,221748.76
12273,3198,188,1,51065.63,51065.63
12274,3655,41,4,29618.34,118473.36
12275,2234,227,4,61598.02,246392.08
12276,475,3,2,1679.44,3358.88
12277,2410,24,1,9618.22,9618.22
12278,3062,222,5,8275.82,41379.1
12279,4563,45,5,61881.38,309406.9
12280,3695,8,2,31794.75,63589.5
12281,3056,23,4,56494.42,225977.68
12282,708,151,5,12383.09,61915.45
12283,2206,172,5,53622.22,268111.1
12284,3645,67,3,213.0,639.0
12285,124,217,1,26516.35,26516.35
12286,4947,123,1,32240.11,32240.11
12287,3500,69,3,9102.07,27306.21
12288,413,206,4,6578.5,26314.0
12289,589,164,2,40728.62,81457.24
12290,2625,59,3,43410.48,130231.44
12291,3425,28,1,54176.7,54176.7
12292,2662,217,3,26516.35,79549.05
12293,2740,47,3,40909.49,122728.47
12294,247,203,2,52650.81,105301.62
12295,3599,144,2,66090.78,132181.56
12296,441,30,3,10958.09,32874.27
12297,4526,17,1,36691.73,36691.73
12298,1877,237,1,27207.03,27207.03
12299,4211,250,2,60076.97,120153.94
12300,4871,90,2,735.6,1471.2
12301,912,20,4,20223.14,80892.56
12302,2649,163,1,28241.72,28241.72
12303,2887,206,2,6578.5,13157.0
12304,1204,227,2,61598.02,123196.04
12305,2154,84,1,18918.53,18918.53
12306,4510,145,4,12802.99,51211.96
12307,239,176,4,35001.92,140007.68
12308,615,232,2,18463.39,36926.78
12309,4000,220,4,29590.01,118360.04
12310,3139,207,4,68454.58,273818.32
12311,100,169,5,62923.23,314616.15
12312,505,99,1,10955.12,10955.12
12313,3507,14,3,4181.19,12543.57
12314,491,183,4,12734.47,50937.88
12315,2374,8,3,31794.75,95384.25
12316,783,23,5,56494.42,282472.1
12317,1877,46,5,32367.18,161835.9
12318,2257,6,1,642.86,642.86
12319,2408,186,3,43925.21,131775.63
12320,334,117,5,13182.39,65911.95
12321,167,70,2,66121.59,132243.18
12322,4229,145,2,12802.99,25605.98
12323,2632,58,1,45571.21,45571.21
12324,3724,49,2,10523.25,21046.5
12325,2383,111,1,12779.39,12779.39
12326,2875,231,3,63124.22,189372.66
12327,1281,40,3,10792.75,32378.25
12328,658,18,2,44633.15,89266.3
12329,2135,21,3,7177.36,21532.08
12330,4524,211,1,50593.81,50593.81
12331,1134,107,5,44008.33,220041.65
12332,4640,35,4,12662.52,50650.08
12333,3031,139,2,22524.02,45048.04
12334,2687,243,2,131.11,262.22
12335,3865,62,5,62257.94,311289.7
12336,1677,218,5,28695.07,143475.35
12337,3359,202,5,10640.66,53203.3
12338,4475,83,4,62547.04,250188.16
12339,221,184,4,25759.96,103039.84
12340,2199,84,4,18918.53,75674.12
12341,4184,162,3,64005.28,192015.84
12342,3597,14,5,4181.19,20905.95
12343,1764,225,1,60097.04,60097.04
12344,3071,126,5,64362.26,321811.3
12345,4832,110,3,7098.93,21296.79
12346,4631,27,2,51849.33,103698.66
12347,2000,153,3,1829.17,5487.51
12348,2104,210,5,29960.64,149803.2
12349,2089,158,2,64606.23,129212.46
12350,41,119,5,33444.49,167222.45
12351,2531,85,4,6828.31,27313.24
12352,4115,68,3,43109.08,129327.24
12353,4884,167,1,32297.74,32297.74
12354,1382,208,2,41507.35,83014.7
12355,479,123,4,32240.11,128960.44
12356,939,225,3,60097.04,180291.12
12357,3164,211,3,50593.81,151781.43
12358,260,168,2,18613.65,37227.3
12359,4557,109,1,29367.34,29367.34
12360,615,20,5,20223.14,101115.7
12361,2048,114,4,25781.07,103124.28
12362,552,9,5,1896.99,9484.95
12363,596,201,5,29524.33,147621.65
12364,4920,139,1,22524.02,22524.02
12365,1795,122,5,24480.91,122404.55
12366,451,29,1,21169.41,21169.41
12367,361,73,4,44385.63,177542.52
12368,27,131,3,29903.35,89710.05
12369,2271,179,3,51970.0,155910.0
12370,2092,81,2,30957.28,61914.56
12371,1099,90,4,735.6,2942.4
12372,3850,35,1,12662.52,12662.52
12373,527,145,3,12802.99,38408.97
12374,622,246,1,17087.52,17087.52
12375,63,146,3,38757.35,116272.05
12376,2968,186,2,43925.21,87850.42
12377,3294,91,5,31454.59,157272.95
12378,1088,19,4,46390.24,185560.96
12379,2798,92,1,59038.83,59038.83
12380,2458,207,4,68454.58,273818.32
12381,1415,175,1,66335.25,66335.25
12382,2,2,5,2750.44,13752.2
12383,4198,139,5,22524.02,112620.1
12384,3863,165,4,51492.2,205968.8
12385,2445,191,1,35165.54,35165.54
12386,2526,62,4,62257.94,249031.76
12387,3648,43,2,29714.26,59428.52
12388,1465,130,3,17397.94,52193.82
12389,2671,242,4,14842.89,59371.56
12390,4747,247,2,1889.76,3779.52
12391,641,216,3,21395.53,64186.59
12392,4618,60,3,49134.01,147402.03
12393,2354,138,5,39621.63,198108.15
12394,589,185,1,5495.72,5495.72
12395,4033,52,2,11931.31,23862.62
12396,3797,107,1,44008.33,44008.33
12397,4841,173,5,50939.53,254697.65
12398,335,61,4,58995.31,235981.24
12399,3864,116,2,45582.6,91165.2
12400,725,25,1,22922.96,22922.96
12401,1393,210,3,29960.64,89881.92
12402,1583,201,4,29524.33,118097.32
12403,2609,220,5,29590.01,147950.05
12404,1797,54,3,3826.07,11478.21
12405,4455,81,1,30957.28,30957.28
12406,2843,171,1,10281.14,10281.14
12407,2422,148,3,45590.74,136772.22
12408,323,171,1,10281.14,10281.14
12409,4055,68,4,43109.08,172436.32
12410,3875,35,2,12662.52,25325.04
12411,4814,118,5,4934.91,24674.55
12412,4275,138,1,39621.63,39621.63
12413,853,135,5,32067.55,160337.75
12414,1184,25,1,22922.96,22922.96
12415,3599,97,1,68459.59,68459.59
12416,2656,171,5,10281.14,51405.7
12417,2978,229,3,40892.85,122678.55
12418,4386,169,4,62923.23,251692.92
12419,370,65,2,25140.63,50281.26
12420,3020,58,4,45571.21,182284.84
12421,3838,105,5,26970.33,134851.65
12422,3330,123,2,32240.11,64480.22
12423,1073,216,3,21395.53,64186.59
12424,2222,151,4,12383.09,49532.36
12425,3131,8,4,31794.75,127179.0
12426,63,46,5,32367.18,161835.9
12427,3847,55,4,57983.9,231935.6
12428,1041,54,5,3826.07,19130.35
12429,234,93,4,46909.04,187636.16
12430,957,250,2,60076.97,120153.94
12431,950,104,4,18898.17,75592.68
12432,1474,155,4,646.95,2587.8
12433,3163,134,2,50043.92,100087.84
12434,3913,59,3,43410.48,130231.44
12435,1386,135,5,32067.55,160337.75
12436,482,168,3,18613.65,55840.95
12437,1394,102,5,28252.05,141260.25
12438,2660,190,3,42783.57,128350.71
12439,2381,101,1,47716.78,47716.78
12440,3304,130,5,17397.94,86989.7
12441,4706,85,5,6828.31,34141.55
12442,4960,156,2,22854.19,45708.38
12443,1193,19,5,46390.24,231951.2
12444,632,172,2,53622.22,107244.44
12445,1546,188,1,51065.63,51065.63
12446,1037,25,4,22922.96,91691.84
12447,4957,84,2,18918.53,37837.06
12448,2455,246,5,17087.52,85437.6
12449,2838,107,3,44008.33,132024.99
12450,2868,192,1,15107.45,15107.45
12451,2321,80,4,21690.71,86762.84
12452,1380,67,1,213.0,213.0
12453,2534,176,3,35001.92,105005.76
12454,1768,24,4,9618.22,38472.88
12455,3167,197,3,30911.41,92734.23
12456,781,125,1,42471.61,42471.61
12457,436,16,2,10378.88,20757.76
12458,1794,113,5,14029.76,70148.8
12459,131,66,4,6070.99,24283.96
12460,2178,205,2,44040.82,88081.64
12461,957,34,1,55038.37,55038.37
12462,3488,206,4,6578.5,26314.0
12463,176,96,5,5276.47,26382.35
12464,215,178,5,64556.87,322784.35
12465,2671,108,5,7901.41,39507.05
12466,53,193,2,1860.99,3721.98
12467,4581,171,5,10281.14,51405.7
12468,793,161,4,4529.81,18119.24
12469,428,129,5,9524.26,47621.3
12470,4113,3,4,1679.44,6717.76
12471,1153,71,2,49802.41,99604.82
12472,509,123,3,32240.11,96720.33
12473,1925,5,5,16804.25,84021.25
12474,3643,224,4,53537.82,214151.28
12475,1196,39,4,57498.93,229995.72
12476,4904,109,4,29367.34,117469.36
12477,3646,58,3,45571.21,136713.63
12478,2582,228,5,66102.43,330512.15
12479,3575,250,1,60076.97,60076.97
12480,732,189,3,58222.2,174666.6
12481,294,12,5,29314.78,146573.9
12482,3045,202,5,10640.66,53203.3
12483,2643,195,3,56252.99,168758.97
12484,4714,18,3,44633.15,133899.45
12485,3186,90,1,735.6,735.6
12486,3578,230,4,31745.27,126981.08
12487,4789,44,1,34014.14,34014.14
12488,1172,113,1,14029.76,14029.76
12489,4939,245,3,7411.87,22235.61
12490,1162,104,1,18898.17,18898.17
12491,3958,32,5,21295.25,106476.25
12492,3433,121,1,12980.71,12980.71
12493,4793,111,5,12779.39,63896.95
12494,1969,220,4,29590.01,118360.04
12495,1150,226,1,45400.81,45400.81
12496,555,198,4,11169.83,44679.32
12497,2092,139,3,22524.02,67572.06
12498,2127,119,1,33444.49,33444.49
12499,2019,57,2,59016.95,118033.9
12500,2672,142,1,24742.5,24742.5
12501,4793,181,4,30941.3,123765.2
12502,1711,65,5,25140.63,125703.15
12503,738,59,1,43410.48,43410.48
12504,291,78,2,40599.73,81199.46
12505,3146,225,2,60097.04,120194.08
12506,3048,165,4,51492.2,205968.8
12507,4646,30,3,10958.09,32874.27
12508,2014,244,5,3395.09,16975.45
12509,1963,2,3,2750.44,8251.32
12510,4560,202,1,10640.66,10640.66
12511,4416,128,4,17503.4,70013.6
12512,1355,236,3,12330.19,36990.57
12513,28,72,4,54286.43,217145.72
12514,3097,24,1,9618.22,9618.22
12515,521,9,4,1896.99,7587.96
12516,534,147,3,979.82,2939.46
12517,4157,220,1,29590.01,29590.01
12518,3079,24,5,9618.22,48091.1
12519,1661,184,2,25759.96,51519.92
12520,4702,179,5,51970.0,259850.0
12521,3531,84,2,18918.53,37837.06
12522,3506,99,1,10955.12,10955.12
12523,2449,92,1,59038.83,59038.83
12524,630,142,1,24742.5,24742.5
12525,4600,123,5,32240.11,161200.55
12526,2975,224,1,53537.82,53537.82
12527,1862,209,4,39850.3,159401.2
12528,2465,193,2,1860.99,3721.98
12529,3153,166,1,5840.36,5840.36
12530,1449,87,1,46894.5,46894.5
12531,2334,43,4,29714.26,118857.04
12532,799,247,5,1889.76,9448.8
12533,4940,174,1,56927.09,56927.09
12534,1069,80,1,21690.71,21690.71
12535,2686,209,2,39850.3,79700.6
12536,547,40,1,10792.75,10792.75
12537,1968,203,2,52650.81,105301.62
12538,4476,117,2,13182.39,26364.78
12539,141,12,4,29314.78,117259.12
12540,319,204,2,44102.83,88205.66
12541,1309,210,5,29960.64,149803.2
12542,4829,114,5,25781.07,128905.35
12543,2939,243,4,131.11,524.44
12544,1862,120,4,36416.76,145667.04
12545,3011,112,3,58381.78,175145.34
12546,843,6,5,642.86,3214.3
12547,4836,220,3,29590.01,88770.03
12548,3031,36,1,2797.54,2797.54
12549,3923,33,3,1350.02,4050.06
12550,4990,70,1,66121.59,66121.59
12551,1582,127,4,60846.23,243384.92
12552,2148,150,3,25258.79,75776.37
12553,653,50,2,38689.96,77379.92
12554,192,240,5,48841.77,244208.85
12555,4199,222,3,8275.82,24827.46
12556,2617,93,2,46909.04,93818.08
12557,1108,211,3,50593.81,151781.43
12558,2653,75,5,42394.12,211970.6
12559,2095,208,2,41507.35,83014.7
12560,1386,131,3,29903.35,89710.05
12561,583,67,1,213.0,213.0
12562,1926,193,4,1860.99,7443.96
12563,1661,38,3,547.71,1643.13
12564,2583,136,4,21659.92,86639.68
12565,1730,189,2,58222.2,116444.4
12566,1750,3,3,1679.44,5038.32
12567,3503,26,2,57281.74,114563.48
12568,884,20,1,20223.14,20223.14
12569,2000,127,2,60846.23,121692.46
12570,1693,179,4,51970.0,207880.0
12571,3846,184,5,25759.96,128799.8
12572,444,131,2,29903.35,59806.7
12573,1022,242,2,14842.89,29685.78
12574,3035,186,2,43925.21,87850.42
12575,1244,20,1,20223.14,20223.14
12576,628,27,5,51849.33,259246.65
12577,4799,8,5,31794.75,158973.75
12578,4500,56,1,37341.47,37341.47
12579,4157,124,5,19205.78,96028.9
12580,4670,55,2,57983.9,115967.8
12581,1693,12,5,29314.78,146573.9
12582,518,49,5,10523.25,52616.25
12583,4954,22,5,42176.54,210882.7
12584,4607,242,4,14842.89,59371.56
12585,173,42,1,35406.75,35406.75
12586,4180,40,5,10792.75,53963.75
12587,4619,105,5,26970.33,134851.65
12588,969,140,1,48596.53,48596.53
12589,1671,196,3,50609.16,151827.48
12590,4255,108,2,7901.41,15802.82
12591,4443,64,3,45985.44,137956.32
12592,4141,184,5,25759.96,128799.8
12593,69,93,5,46909.04,234545.2
12594,3703,125,5,42471.61,212358.05
12595,3569,129,1,9524.26,9524.26
12596,3747,105,5,26970.33,134851.65
12597,4055,146,1,38757.35,38757.35
12598,1462,72,3,54286.43,162859.29
12599,3431,67,3,213.0,639.0
12600,1299,238,2,1908.64,3817.28
12601,2822,240,5,48841.77,244208.85
12602,4339,185,4,5495.72,21982.88
12603,2227,132,3,55437.19,166311.57
12604,232,177,5,25646.36,128231.8
12605,1522,176,4,35001.92,140007.68
12606,240,226,2,45400.81,90801.62
12607,4726,11,4,38403.76,153615.04
12608,3053,66,2,6070.99,12141.98
12609,1253,238,3,1908.64,5725.92
12610,4542,150,5,25258.79,126293.95
12611,303,24,3,9618.22,28854.66
12612,3799,100,5,55420.51,277102.55
12613,4724,141,2,11433.67,22867.34
12614,3291,49,5,10523.25,52616.25
12615,883,86,5,21297.54,106487.7
12616,3209,92,5,59038.83,295194.15
12617,3074,107,5,44008.33,220041.65
12618,874,70,1,66121.59,66121.59
12619,2020,214,3,46708.94,140126.82
12620,4414,218,3,28695.07,86085.21
12621,2789,247,3,1889.76,5669.28
12622,2658,62,4,62257.94,249031.76
12623,3725,146,2,38757.35,77514.7
12624,1412,233,4,59166.85,236667.4
12625,2135,89,4,35164.04,140656.16
12626,477,130,1,17397.94,17397.94
12627,588,236,4,12330.19,49320.76
12628,2944,214,5,46708.94,233544.7
12629,3095,105,1,26970.33,26970.33
12630,2387,79,4,31796.72,127186.88
12631,3187,96,5,5276.47,26382.35
12632,2197,240,5,48841.77,244208.85
12633,481,135,5,32067.55,160337.75
12634,2871,121,1,12980.71,12980.71
12635,403,124,1,19205.78,19205.78
12636,3147,30,1,10958.09,10958.09
12637,2104,223,1,41409.35,41409.35
12638,1441,43,2,29714.26,59428.52
12639,2781,229,5,40892.85,204464.25
12640,3423,3,4,1679.44,6717.76
12641,2874,134,3,50043.92,150131.76
12642,2883,45,2,61881.38,123762.76
12643,4811,201,3,29524.33,88572.99
12644,188,153,3,1829.17,5487.51
12645,2366,55,4,57983.9,231935.6
12646,153,206,3,6578.5,19735.5
12647,4376,132,3,55437.19,166311.57
12648,4374,169,4,62923.23,251692.92
12649,544,137,1,23377.61,23377.61
12650,4062,73,3,44385.63,133156.89
12651,3602,192,3,15107.45,45322.35
12652,3615,104,5,18898.17,94490.85
12653,1065,111,2,12779.39,25558.78
12654,3553,154,1,56227.97,56227.97
12655,298,234,5,56146.62,280733.1
12656,4760,169,4,62923.23,251692.92
12657,1918,166,1,5840.36,5840.36
12658,1809,109,3,29367.34,88102.02
12659,288,120,4,36416.76,145667.04
12660,2253,109,4,29367.34,117469.36
12661,2055,56,2,37341.47,74682.94
12662,2437,239,1,8293.55,8293.55
12663,4642,181,4,30941.3,123765.2
12664,440,83,3,62547.04,187641.12
12665,2763,203,1,52650.81,52650.81
12666,903,178,2,64556.87,129113.74
12667,1693,50,3,38689.96,116069.88
12668,1863,192,1,15107.45,15107.45
12669,3850,186,2,43925.21,87850.42
12670,3989,180,3,22916.64,68749.92
12671,3461,179,2,51970.0,103940.0
12672,792,129,5,9524.26,47621.3
12673,2918,61,3,58995.31,176985.93
12674,166,196,2,50609.16,101218.32
12675,3205,229,1,40892.85,40892.85
12676,399,32,3,21295.25,63885.75
12677,4266,217,3,26516.35,79549.05
12678,1247,98,2,45423.62,90847.24
12679,1387,54,1,3826.07,3826.07
12680,377,114,5,25781.07,128905.35
12681,2757,121,4,12980.71,51922.84
12682,4214,177,5,25646.36,128231.8
12683,2305,108,2,7901.41,15802.82
12684,263,96,3,5276.47,15829.41
12685,1102,5,1,16804.25,16804.25
12686,740,133,4,45678.86,182715.44
12687,3216,224,5,53537.82,267689.1
12688,1418,121,2,12980.71,25961.42
12689,3271,59,3,43410.48,130231.44
12690,379,21,5,7177.36,35886.8
12691,4471,24,3,9618.22,28854.66
12692,4631,113,4,14029.76,56119.04
12693,2099,28,5,54176.7,270883.5
12694,611,211,5,50593.81,252969.05
12695,1035,119,1,33444.49,33444.49
12696,2915,245,1,7411.87,7411.87
12697,1586,193,1,1860.99,1860.99
12698,4833,70,5,66121.59,330607.95
12699,1389,190,5,42783.57,213917.85
12700,4591,196,2,50609.16,101218.32
12701,3825,107,2,44008.33,88016.66
12702,2213,54,5,3826.07,19130.35
12703,2156,111,2,12779.39,25558.78
12704,3041,115,1,6132.98,6132.98
12705,4359,205,5,44040.82,220204.1
12706,3293,164,5,40728.62,203643.1
12707,1614,82,3,37506.05,112518.15
12708,3871,248,2,55808.74,111617.48
12709,3823,74,3,20062.57,60187.71
12710,3776,29,3,21169.41,63508.23
12711,3664,48,4,64744.15,258976.6
12712,2164,241,4,29741.02,118964.08
12713,4879,237,2,27207.03,54414.06
12714,1016,225,5,60097.04,300485.2
12715,4424,7,4,65009.38,260037.52
12716,608,33,2,1350.02,2700.04
12717,1558,109,4,29367.34,117469.36
12718,4201,27,2,51849.33,103698.66
12719,881,85,3,6828.31,20484.93
12720,2215,240,2,48841.77,97683.54
12721,1798,113,2,14029.76,28059.52
12722,4826,175,5,66335.25,331676.25
12723,3701,116,1,45582.6,45582.6
12724,2221,174,1,56927.09,56927.09
12725,2052,214,3,46708.94,140126.82
12726,4428,137,4,23377.61,93510.44
12727,687,56,4,37341.47,149365.88
12728,2212,50,2,38689.96,77379.92
12729,1996,95,5,59509.32,297546.6
12730,268,103,2,5533.32,11066.64
12731,1046,228,5,66102.43,330512.15
12732,3750,116,3,45582.6,136747.8
12733,2780,242,3,14842.89,44528.67
12734,4105,74,1,20062.57,20062.57
12735,128,73,2,44385.63,88771.26
12736,556,207,1,68454.58,68454.58
12737,3984,152,5,11244.0,56220.0
12738,4244,86,4,21297.54,85190.16
12739,3338,182,1,53789.43,53789.43
12740,566,174,5,56927.09,284635.45
12741,3326,184,4,25759.96,103039.84
12742,3199,176,4,35001.92,140007.68
12743,4689,53,5,13502.43,67512.15
12744,4639,190,2,42783.57,85567.14
12745,4043,237,5,27207.03,136035.15
12746,1595,100,1,55420.51,55420.51
12747,4047,149,5,10425.94,52129.7
12748,4894,11,5,38403.76,192018.8
12749,3989,189,5,58222.2,291111.0
12750,4909,162,2,64005.28,128010.56
12751,135,128,5,17503.4,87517.0
12752,4191,61,2,58995.31,117990.62
12753,4263,19,1,46390.24,46390.24
12754,886,232,2,18463.39,36926.78
12755,3309,226,2,45400.81,90801.62
12756,2298,2,5,2750.44,13752.2
12757,1565,21,5,7177.36,35886.8
12758,2739,203,2,52650.81,105301.62
12759,3101,67,4,213.0,852.0
12760,3947,74,3,20062.57,60187.71
12761,2634,106,2,19251.91,38503.82
12762,1459,38,3,547.71,1643.13
12763,185,94,3,28901.65,86704.95
12764,3129,120,5,36416.76,182083.8
12765,4265,213,3,46579.95,139739.85
12766,4103,224,5,53537.82,267689.1
12767,95,193,3,1860.99,5582.97
12768,4736,85,3,6828.31,20484.93
12769,3926,74,2,20062.57,40125.14
12770,61,8,2,31794.75,63589.5
12771,4368,146,2,38757.35,77514.7
12772,1839,78,2,40599.73,81199.46
12773,3710,222,1,8275.82,8275.82
12774,2427,222,2,8275.82,16551.64
12775,2329,50,5,38689.96,193449.8
12776,4209,16,1,10378.88,10378.88
12777,2015,234,4,56146.62,224586.48
12778,1460,169,3,62923.23,188769.69
12779,4977,41,5,29618.34,148091.7
12780,4524,222,3,8275.82,24827.46
12781,261,201,5,29524.33,147621.65
12782,3302,156,4,22854.19,91416.76
12783,2593,126,2,64362.26,128724.52
12784,4333,176,3,35001.92,105005.76
12785,1915,161,4,4529.81,18119.24
12786,2580,216,1,21395.53,21395.53
12787,1441,240,2,48841.77,97683.54
12788,98,125,2,42471.61,84943.22
12789,704,212,3,14743.99,44231.97
12790,4673,174,5,56927.09,284635.45
12791,391,85,4,6828.31,27313.24
12792,46,46,2,32367.18,64734.36
12793,1230,69,4,9102.07,36408.28
12794,291,60,2,49134.01,98268.02
12795,689,61,2,58995.31,117990.62
12796,3801,137,1,23377.61,23377.61
12797,488,100,5,55420.51,277102.55
12798,2530,3,5,1679.44,8397.2
12799,3351,72,2,54286.43,108572.86
12800,4689,211,2,50593.81,101187.62
12801,4591,245,3,7411.87,22235.61
12802,2676,94,1,28901.65,28901.65
12803,3595,161,5,4529.81,22649.05
12804,1548,45,1,61881.38,61881.38
12805,311,177,5,25646.36,128231.8
12806,1093,169,2,62923.23,125846.46
12807,2456,69,5,9102.07,45510.35
12808,993,57,1,59016.95,59016.95
12809,3142,216,1,21395.53,21395.53
12810,2,132,3,55437.19,166311.57
12811,2604,169,4,62923.23,251692.92
12812,449,72,1,54286.43,54286.43
12813,4742,49,4,10523.25,42093.0
12814,2087,1,4,10808.33,43233.32
12815,2246,26,3,57281.74,171845.22
12816,894,248,1,55808.74,55808.74
12817,4172,35,2,12662.52,25325.04
12818,1394,74,1,20062.57,20062.57
12819,1838,172,2,53622.22,107244.44
12820,4728,96,1,5276.47,5276.47
12821,639,7,2,65009.38,130018.76
12822,2005,46,2,32367.18,64734.36
12823,1295,185,1,5495.72,5495.72
12824,1781,146,5,38757.35,193786.75
12825,1113,238,5,1908.64,9543.2
12826,2578,238,5,1908.64,9543.2
12827,987,73,2,44385.63,88771.26
12828,4055,60,3,49134.01,147402.03
12829,297,45,2,61881.38,123762.76
12830,819,183,3,12734.47,38203.41
12831,695,101,1,47716.78,47716.78
12832,430,177,1,25646.36,25646.36
12833,4913,211,5,50593.81,252969.05
12834,2781,58,2,45571.21,91142.42
12835,753,1,3,10808.33,32424.99
12836,3928,129,3,9524.26,28572.78
12837,1468,209,5,39850.3,199251.5
12838,728,205,3,44040.82,132122.46
12839,2022,163,3,28241.72,84725.16
12840,988,183,5,12734.47,63672.35
12841,2496,177,1,25646.36,25646.36
12842,4678,120,5,36416.76,182083.8
12843,4402,223,1,41409.35,41409.35
12844,3978,105,2,26970.33,53940.66
12845,177,171,1,10281.14,10281.14
12846,4871,209,1,39850.3,39850.3
12847,885,90,3,735.6,2206.8
12848,1713,188,1,51065.63,51065.63
12849,3564,177,4,25646.36,102585.44
12850,425,21,3,7177.36,21532.08
12851,899,242,1,14842.89,14842.89
12852,2472,173,5,50939.53,254697.65
12853,4275,36,1,2797.54,2797.54
12854,3330,68,3,43109.08,129327.24
12855,3117,244,2,3395.09,6790.18
12856,244,162,1,64005.28,64005.28
12857,4482,49,2,10523.25,21046.5
12858,4054,49,4,10523.25,42093.0
12859,3016,38,5,547.71,2738.55
12860,1676,157,4,10754.95,43019.8
12861,1072,96,2,5276.47,10552.94
12862,421,191,3,35165.54,105496.62
12863,3103,90,4,735.6,2942.4
12864,3804,159,1,2783.41,2783.41
12865,3487,114,1,25781.07,25781.07
12866,1167,119,5,33444.49,167222.45
12867,2546,206,3,6578.5,19735.5
12868,156,25,2,22922.96,45845.92
12869,179,90,5,735.6,3678.0
12870,3691,34,3,55038.37,165115.11
12871,1656,64,2,45985.44,91970.88
12872,2536,198,5,11169.83,55849.15
12873,3725,207,1,68454.58,68454.58
12874,3754,171,2,10281.14,20562.28
12875,134,102,5,28252.05,141260.25
12876,3485,222,5,8275.82,41379.1
12877,4175,121,5,12980.71,64903.55
12878,3580,212,1,14743.99,14743.99
12879,4706,47,1,40909.49,40909.49
12880,1118,210,2,29960.64,59921.28
12881,4450,180,3,22916.64,68749.92
12882,2367,12,3,29314.78,87944.34
12883,115,37,4,3858.64,15434.56
12884,757,110,4,7098.93,28395.72
12885,4259,169,3,62923.23,188769.69
12886,2619,176,1,35001.92,35001.92
12887,822,82,4,37506.05,150024.2
12888,1065,43,3,29714.26,89142.78
12889,4430,68,5,43109.08,215545.4
12890,943,160,1,5722.02,5722.02
12891,3339,4,3,54318.36,162955.08
12892,2723,213,5,46579.95,232899.75
12893,4452,48,4,64744.15,258976.6
12894,4500,17,3,36691.73,110075.19
12895,3882,250,1,60076.97,60076.97
12896,2798,170,4,55187.3,220749.2
12897,2467,157,4,10754.95,43019.8
12898,788,216,4,21395.53,85582.12
12899,1193,149,1,10425.94,10425.94
12900,1395,103,5,5533.32,27666.6
12901,4205,25,3,22922.96,68768.88
12902,1998,58,3,45571.21,136713.63
12903,2944,58,2,45571.21,91142.42
12904,4460,77,2,2172.62,4345.24
12905,172,157,2,10754.95,21509.9
12906,3421,154,4,56227.97,224911.88
12907,4138,131,2,29903.35,59806.7
12908,1716,31,1,21599.36,21599.36
12909,1445,233,1,59166.85,59166.85
12910,4124,88,2,38006.23,76012.46
12911,355,165,3,51492.2,154476.6
12912,3278,67,3,213.0,639.0
12913,4290,3,2,1679.44,3358.88
12914,2116,66,1,6070.99,6070.99
12915,2791,138,3,39621.63,118864.89
12916,3581,92,5,59038.83,295194.15
12917,2987,21,5,7177.36,35886.8
12918,3857,192,3,15107.45,45322.35
12919,1997,199,5,7626.21,38131.05
12920,2832,242,1,14842.89,14842.89
12921,2057,225,3,60097.04,180291.12
12922,2465,222,5,8275.82,41379.1
12923,1148,194,1,33793.71,33793.71
12924,4858,96,3,5276.47,15829.41
12925,2623,94,3,28901.65,86704.95
12926,4937,23,2,56494.42,112988.84
12927,4312,54,1,3826.07,3826.07
12928,802,207,4,68454.58,273818.32
12929,4673,219,3,32485.64,97456.92
12930,4782,76,3,22632.82,67898.46
12931,1077,48,5,64744.15,323720.75
12932,1939,37,5,3858.64,19293.2
12933,4697,86,5,21297.54,106487.7
12934,3761,224,3,53537.82,160613.46
12935,1273,113,5,14029.76,70148.8
12936,3362,190,2,42783.57,85567.14
12937,29,219,3,32485.64,97456.92
12938,2628,211,3,50593.81,151781.43
12939,191,146,3,38757.35,116272.05
12940,3617,137,4,23377.61,93510.44
12941,2336,18,4,44633.15,178532.6
12942,1616,140,5,48596.53,242982.65
12943,1381,130,1,17397.94,17397.94
12944,110,185,3,5495.72,16487.16
12945,4618,195,2,56252.99,112505.98
12946,2849,27,2,51849.33,103698.66
12947,858,31,5,21599.36,107996.8
12948,4843,187,3,49126.18,147378.54
12949,3123,41,2,29618.34,59236.68
12950,863,247,1,1889.76,1889.76
12951,3556,229,4,40892.85,163571.4
12952,3025,213,3,46579.95,139739.85
12953,3197,58,4,45571.21,182284.84
12954,1824,1,1,10808.33,10808.33
12955,2420,211,2,50593.81,101187.62
12956,1659,82,5,37506.05,187530.25
12957,333,21,3,7177.36,21532.08
12958,3248,211,3,50593.81,151781.43
12959,105,118,3,4934.91,14804.73
12960,2700,184,4,25759.96,103039.84
12961,4645,74,1,20062.57,20062.57
12962,2168,239,4,8293.55,33174.2
12963,3630,54,3,3826.07,11478.21
12964,1193,177,5,25646.36,128231.8
12965,1599,185,5,5495.72,27478.6
12966,3139,208,2,41507.35,83014.7
12967,3020,194,4,33793.71,135174.84
12968,3746,68,1,43109.08,43109.08
12969,3220,32,4,21295.25,85181.0
12970,2982,107,4,44008.33,176033.32
12971,2585,231,4,63124.22,252496.88
12972,3294,80,1,21690.71,21690.71
12973,3256,55,2,57983.9,115967.8
12974,3137,92,3,59038.83,177116.49
12975,4168,101,1,47716.78,47716.78
12976,3667,30,1,10958.09,10958.09
12977,457,109,5,29367.34,146836.7
12978,3349,118,5,4934.91,24674.55
12979,3197,154,2,56227.97,112455.94
12980,1505,72,5,54286.43,271432.15
12981,3332,238,2,1908.64,3817.28
12982,1857,80,3,21690.71,65072.13
12983,1646,109,5,29367.34,146836.7
12984,1411,129,3,9524.26,28572.78
12985,685,89,4,35164.04,140656.16
12986,1521,183,5,12734.47,63672.35
12987,1690,128,5,17503.4,87517.0
12988,2331,114,4,25781.07,103124.28
12989,2374,18,4,44633.15,178532.6
12990,1768,58,2,45571.21,91142.42
12991,3398,190,1,42783.57,42783.57
12992,949,14,4,4181.19,16724.76
12993,4406,242,4,14842.89,59371.56
12994,3915,99,1,10955.12,10955.12
12995,3013,55,3,57983.9,173951.7
12996,2743,10,2,50484.52,100969.04
12997,2689,239,5,8293.55,41467.75
12998,818,110,3,7098.93,21296.79
12999,2535,157,5,10754.95,53774.75
13000,454,161,4,4529.81,18119.24
13001,894,131,3,29903.35,89710.05
13002,3130,78,5,40599.73,202998.65
13003,4047,97,1,68459.59,68459.59
13004,4285,172,3,53622.22,160866.66
13005,3702,231,4,63124.22,252496.88
13006,2506,110,1,7098.93,7098.93
13007,1669,219,4,32485.64,129942.56
13008,1661,170,2,55187.3,110374.6
13009,2320,34,5,55038.37,275191.85
13010,3532,104,2,18898.17,37796.34
13011,1177,128,1,17503.4,17503.4
13012,1162,23,4,56494.42,225977.68
13013,1833,105,4,26970.33,107881.32
13014,2758,112,4,58381.78,233527.12
13015,3745,60,5,49134.01,245670.05
13016,458,97,1,68459.59,68459.59
13017,4003,232,2,18463.39,36926.78
13018,4079,175,4,66335.25,265341.0
13019,1337,238,2,1908.64,3817.28
13020,3388,96,4,5276.47,21105.88
13021,3377,20,3,20223.14,60669.42
13022,3765,179,4,51970.0,207880.0
13023,3369,91,4,31454.59,125818.36
13024,969,107,3,44008.33,132024.99
13025,230,230,2,31745.27,63490.54
13026,1293,102,1,28252.05,28252.05
13027,1042,210,2,29960.64,59921.28
13028,2093,221,5,41568.44,207842.2
13029,2091,209,3,39850.3,119550.9
13030,3675,45,3,61881.38,185644.14
13031,2151,153,1,1829.17,1829.17
13032,3731,111,3,12779.39,38338.17
13033,4408,184,2,25759.96,51519.92
13034,3463,25,3,22922.96,68768.88
13035,4304,163,1,28241.72,28241.72
13036,212,149,5,10425.94,52129.7
13037,2787,236,4,12330.19,49320.76
13038,4202,207,1,68454.58,68454.58
13039,4604,63,2,28971.16,57942.32
13040,4255,164,1,40728.62,40728.62
13041,4024,4,2,54318.36,108636.72
13042,1958,192,1,15107.45,15107.45
13043,2874,101,4,47716.78,190867.12
13044,3960,3,3,1679.44,5038.32
13045,1584,212,2,14743.99,29487.98
13046,330,137,3,23377.61,70132.83
13047,710,154,5,56227.97,281139.85
13048,1633,140,4,48596.53,194386.12
13049,472,102,5,28252.05,141260.25
13050,3299,177,2,25646.36,51292.72
13051,2520,159,5,2783.41,13917.05
13052,4956,94,4,28901.65,115606.6
13053,4686,23,1,56494.42,56494.42
13054,352,216,2,21395.53,42791.06
13055,111,242,5,14842.89,74214.45
13056,4820,113,3,14029.76,42089.28
13057,4325,99,2,10955.12,21910.24
13058,4550,178,1,64556.87,64556.87
13059,2119,15,3,27970.24,83910.72
13060,2195,26,4,57281.74,229126.96
13061,610,102,4,28252.05,113008.2
13062,801,52,1,11931.31,11931.31
13063,3256,52,3,11931.31,35793.93
13064,2328,135,3,32067.55,96202.65
13065,1588,147,4,979.82,3919.28
13066,723,162,1,64005.28,64005.28
13067,2382,201,5,29524.33,147621.65
13068,163,132,5,55437.19,277185.95
13069,50,81,4,30957.28,123829.12
13070,2147,223,5,41409.35,207046.75
13071,4283,182,4,53789.43,215157.72
13072,2951,136,3,21659.92,64979.76
13073,439,44,3,34014.14,102042.42
13074,4833,63,5,28971.16,144855.8
13075,3767,18,2,44633.15,89266.3
13076,4412,154,5,56227.97,281139.85
13077,1166,118,5,4934.91,24674.55
13078,1884,87,3,46894.5,140683.5
13079,2156,176,3,35001.92,105005.76
13080,2758,202,5,10640.66,53203.3
13081,191,88,4,38006.23,152024.92
13082,1657,167,1,32297.74,32297.74
13083,1023,152,5,11244.0,56220.0
13084,2641,34,4,55038.37,220153.48
13085,614,197,3,30911.41,92734.23
13086,2889,204,4,44102.83,176411.32
13087,4241,44,3,34014.14,102042.42
13088,3013,188,4,51065.63,204262.52
13089,3479,59,4,43410.48,173641.92
13090,1756,13,3,53776.88,161330.64
13091,906,36,5,2797.54,13987.7
13092,687,106,2,19251.91,38503.82
13093,3587,159,5,2783.41,13917.05
13094,3568,59,1,43410.48,43410.48
13095,3774,63,2,28971.16,57942.32
13096,1628,224,5,53537.82,267689.1
13097,2885,102,5,28252.05,141260.25
13098,2048,101,5,47716.78,238583.9
13099,325,188,1,51065.63,51065.63
13100,938,85,1,6828.31,6828.31
13101,1986,70,2,66121.59,132243.18
13102,979,218,4,28695.07,114780.28
13103,1258,157,2,10754.95,21509.9
13104,1648,187,3,49126.18,147378.54
13105,3319,48,1,64744.15,64744.15
13106,1955,68,2,43109.08,86218.16
13107,1961,95,4,59509.32,238037.28
13108,725,199,2,7626.21,15252.42
13109,136,228,3,66102.43,198307.29
13110,3993,80,5,21690.71,108453.55
13111,1055,210,1,29960.64,29960.64
13112,1796,164,5,40728.62,203643.1
13113,3481,1,4,10808.33,43233.32
13114,4131,48,5,64744.15,323720.75
13115,3694,197,2,30911.41,61822.82
13116,4188,115,1,6132.98,6132.98
13117,1164,65,3,25140.63,75421.89
13118,3289,80,3,21690.71,65072.13
13119,1911,229,1,40892.85,40892.85
13120,411,121,4,12980.71,51922.84
13121,4789,180,1,22916.64,22916.64
13122,3913,8,1,31794.75,31794.75
13123,4729,99,1,10955.12,10955.12
13124,4499,147,4,979.82,3919.28
13125,3809,79,3,31796.72,95390.16
13126,1867,165,3,51492.2,154476.6
13127,4802,197,2,30911.41,61822.82
13128,2276,94,4,28901.65,115606.6
13129,582,105,1,26970.33,26970.33
13130,2972,225,4,60097.04,240388.16
13131,1694,63,4,28971.16,115884.64
13132,155,105,1,26970.33,26970.33
13133,142,193,1,1860.99,1860.99
13134,1988,176,2,35001.92,70003.84
13135,1746,18,2,44633.15,89266.3
13136,1556,6,2,642.86,1285.72
13137,3270,128,2,17503.4,35006.8
13138,3501,129,3,9524.26,28572.78
13139,3615,59,1,43410.48,43410.48
13140,4445,23,4,56494.42,225977.68
13141,4872,11,2,38403.76,76807.52
13142,2807,8,2,31794.75,63589.5
13143,2227,249,2,30676.08,61352.16
13144,360,103,2,5533.32,11066.64
13145,4159,185,5,5495.72,27478.6
13146,2814,187,5,49126.18,245630.9
13147,73,71,2,49802.41,99604.82
13148,2391,229,5,40892.85,204464.25
13149,2705,209,1,39850.3,39850.3
13150,629,169,4,62923.23,251692.92
13151,4305,185,5,5495.72,27478.6
13152,1826,150,2,25258.79,50517.58
13153,598,209,1,39850.3,39850.3
13154,2560,203,2,52650.81,105301.62
13155,3093,127,5,60846.23,304231.15
13156,2836,136,4,21659.92,86639.68
13157,1915,50,3,38689.96,116069.88
13158,3168,97,4,68459.59,273838.36
13159,3511,239,4,8293.55,33174.2
13160,4350,33,5,1350.02,6750.1
13161,1702,14,1,4181.19,4181.19
13162,4000,54,4,3826.07,15304.28
13163,120,62,5,62257.94,311289.7
13164,3711,204,4,44102.83,176411.32
13165,2381,217,4,26516.35,106065.4
13166,2202,60,5,49134.01,245670.05
13167,2799,5,5,16804.25,84021.25
13168,4246,219,2,32485.64,64971.28
13169,3048,173,4,50939.53,203758.12
13170,251,73,3,44385.63,133156.89
13171,2762,200,3,17145.0,51435.0
13172,2079,42,5,35406.75,177033.75
13173,2014,95,5,59509.32,297546.6
13174,4419,244,4,3395.09,13580.36
13175,2081,45,1,61881.38,61881.38
13176,385,149,3,10425.94,31277.82
13177,1913,220,5,29590.01,147950.05
13178,367,90,3,735.6,2206.8
13179,3730,216,5,21395.53,106977.65
13180,2163,191,5,35165.54,175827.7
13181,4834,131,2,29903.35,59806.7
13182,55,225,1,60097.04,60097.04
13183,4269,195,4,56252.99,225011.96
13184,406,234,5,56146.62,280733.1
13185,235,198,4,11169.83,44679.32
13186,3012,203,2,52650.81,105301.62
13187,4699,59,5,43410.48,217052.4
13188,4526,223,3,41409.35,124228.05
13189,3079,116,4,45582.6,182330.4
13190,74,245,1,7411.87,7411.87
13191,2066,47,4,40909.49,163637.96
13192,327,152,5,11244.0,56220.0
13193,1964,155,4,646.95,2587.8
13194,2749,75,5,42394.12,211970.6
13195,4791,228,3,66102.43,198307.29
13196,1615,175,2,66335.25,132670.5
13197,4210,166,1,5840.36,5840.36
13198,3008,56,4,37341.47,149365.88
13199,1895,65,4,25140.63,100562.52
13200,652,240,4,48841.77,195367.08
13201,4059,129,1,9524.26,9524.26
13202,2111,200,4,17145.0,68580.0
13203,4540,16,3,10378.88,31136.64
13204,2540,65,3,25140.63,75421.89
13205,1075,150,2,25258.79,50517.58
13206,3037,132,2,55437.19,110874.38
13207,2147,149,1,10425.94,10425.94
13208,2352,140,1,48596.53,48596.53
13209,4575,115,3,6132.98,18398.94
13210,2674,147,2,979.82,1959.64
13211,793,167,5,32297.74,161488.7
13212,4695,52,1,11931.31,11931.31
13213,326,89,5,35164.04,175820.2
13214,3937,100,5,55420.51,277102.55
13215,3276,207,5,68454.58,342272.9
13216,2106,206,4,6578.5,26314.0
13217,537,141,3,11433.67,34301.01
13218,679,99,3,10955.12,32865.36
13219,4081,17,3,36691.73,110075.19
13220,850,170,4,55187.3,220749.2
13221,4520,173,4,50939.53,203758.12
13222,2558,248,1,55808.74,55808.74
13223,246,84,4,18918.53,75674.12
13224,3370,50,2,38689.96,77379.92
13225,3372,232,2,18463.39,36926.78
13226,2266,109,2,29367.34,58734.68
13227,262,47,3,40909.49,122728.47
13228,4038,139,4,22524.02,90096.08
13229,2761,217,2,26516.35,53032.7
13230,2747,124,5,19205.78,96028.9
13231,3143,108,4,7901.41,31605.64
13232,3771,231,2,63124.22,126248.44
13233,3495,215,1,16623.86,16623.86
13234,1794,236,2,12330.19,24660.38
13235,791,29,2,21169.41,42338.82
13236,2272,83,5,62547.04,312735.2
13237,3519,22,3,42176.54,126529.62
13238,2251,124,5,19205.78,96028.9
13239,4735,245,5,7411.87,37059.35
13240,2445,231,3,63124.22,189372.66
13241,830,140,3,48596.53,145789.59
13242,544,154,5,56227.97,281139.85
13243,3368,132,2,55437.19,110874.38
13244,1300,124,4,19205.78,76823.12
13245,1157,203,5,52650.81,263254.05
13246,4822,162,1,64005.28,64005.28
13247,4187,37,2,3858.64,7717.28
13248,3973,29,1,21169.41,21169.41
13249,3062,152,4,11244.0,44976.0
13250,93,250,2,60076.97,120153.94
13251,1617,58,5,45571.21,227856.05
13252,4175,6,3,642.86,1928.58
13253,3652,182,2,53789.43,107578.86
13254,1248,237,4,27207.03,108828.12
13255,1503,33,3,1350.02,4050.06
13256,1558,179,4,51970.0,207880.0
13257,2586,246,5,17087.52,85437.6
13258,802,27,4,51849.33,207397.32
13259,1098,89,5,35164.04,175820.2
13260,3200,236,5,12330.19,61650.95
13261,3656,241,1,29741.02,29741.02
13262,4125,95,1,59509.32,59509.32
13263,975,69,4,9102.07,36408.28
13264,3618,120,1,36416.76,36416.76
13265,3145,52,1,11931.31,11931.31
13266,2588,158,2,64606.23,129212.46
13267,4290,13,5,53776.88,268884.4
13268,3290,37,4,3858.64,15434.56
13269,4190,193,4,1860.99,7443.96
13270,912,24,5,9618.22,48091.1
13271,4701,17,5,36691.73,183458.65
13272,1350,143,2,52558.49,105116.98
13273,2298,198,3,11169.83,33509.49
13274,301,215,2,16623.86,33247.72
13275,3553,165,1,51492.2,51492.2
13276,4202,228,2,66102.43,132204.86
13277,2727,170,5,55187.3,275936.5
13278,4442,192,5,15107.45,75537.25
13279,3806,73,2,44385.63,88771.26
13280,3070,166,3,5840.36,17521.08
13281,498,218,5,28695.07,143475.35
13282,2581,199,5,7626.21,38131.05
13283,2378,41,1,29618.34,29618.34
13284,2454,157,3,10754.95,32264.85
13285,2057,237,5,27207.03,136035.15
13286,1468,129,4,9524.26,38097.04
13287,3184,238,4,1908.64,7634.56
13288,2778,111,4,12779.39,51117.56
13289,2588,59,5,43410.48,217052.4
13290,3354,105,5,26970.33,134851.65
13291,4236,20,3,20223.14,60669.42
13292,2806,166,2,5840.36,11680.72
13293,4848,212,2,14743.99,29487.98
13294,2513,209,1,39850.3,39850.3
13295,1638,191,2,35165.54,70331.08
13296,4002,53,2,13502.43,27004.86
13297,1419,247,4,1889.76,7559.04
13298,2483,215,1,16623.86,16623.86
13299,4264,25,5,22922.96,114614.8
13300,2452,80,3,21690.71,65072.13
13301,4605,147,1,979.82,979.82
13302,1195,7,5,65009.38,325046.9
13303,2431,36,4,2797.54,11190.16
13304,1914,92,5,59038.83,295194.15
13305,4765,28,5,54176.7,270883.5
13306,1047,24,3,9618.22,28854.66
13307,3904,172,5,53622.22,268111.1
13308,3507,210,3,29960.64,89881.92
13309,2262,183,5,12734.47,63672.35
13310,1337,145,4,12802.99,51211.96
13311,650,207,2,68454.58,136909.16
13312,104,203,3,52650.81,157952.43
13313,1215,173,5,50939.53,254697.65
13314,3665,8,1,31794.75,31794.75
13315,985,148,1,45590.74,45590.74
13316,3086,41,3,29618.34,88855.02
13317,3496,193,3,1860.99,5582.97
13318,1247,232,1,18463.39,18463.39
13319,1033,224,2,53537.82,107075.64
13320,2890,104,2,18898.17,37796.34
13321,2068,75,2,42394.12,84788.24
13322,3778,107,2,44008.33,88016.66
13323,4994,244,2,3395.09,6790.18
13324,312,109,4,29367.34,117469.36
13325,2870,67,3,213.0,639.0
13326,3397,226,4,45400.81,181603.24
13327,4059,14,2,4181.19,8362.38
13328,3608,249,1,30676.08,30676.08
13329,3604,13,1,53776.88,53776.88
13330,419,145,3,12802.99,38408.97
13331,2991,124,3,19205.78,57617.34
13332,1914,233,5,59166.85,295834.25
13333,4330,244,2,3395.09,6790.18
13334,2808,199,4,7626.21,30504.84
13335,4552,66,2,6070.99,12141.98
13336,3760,24,1,9618.22,9618.22
13337,3896,166,1,5840.36,5840.36
13338,4558,90,4,735.6,2942.4
13339,876,177,1,25646.36,25646.36
13340,3871,216,5,21395.53,106977.65
13341,663,129,5,9524.26,47621.3
13342,3996,206,3,6578.5,19735.5
13343,4137,195,1,56252.99,56252.99
13344,2945,141,5,11433.67,57168.35
13345,980,136,4,21659.92,86639.68
13346,1139,61,5,58995.31,294976.55
13347,1683,120,5,36416.76,182083.8
13348,2190,15,5,27970.24,139851.2
13349,3793,18,5,44633.15,223165.75
13350,2983,123,1,32240.11,32240.11
13351,2824,220,4,29590.01,118360.04
13352,1449,195,1,56252.99,56252.99
13353,79,244,1,3395.09,3395.09
13354,153,67,4,213.0,852.0
13355,574,202,5,10640.66,53203.3
13356,2388,12,4,29314.78,117259.12
13357,2692,230,4,31745.27,126981.08
13358,4227,87,5,46894.5,234472.5
13359,315,208,1,41507.35,41507.35
13360,1587,231,4,63124.22,252496.88
13361,34,228,5,66102.43,330512.15
13362,3416,241,1,29741.02,29741.02
13363,2479,109,2,29367.34,58734.68
13364,4826,22,1,42176.54,42176.54
13365,1162,203,4,52650.81,210603.24
13366,2404,45,2,61881.38,123762.76
13367,3858,204,5,44102.83,220514.15
13368,1591,115,4,6132.98,24531.92
13369,1130,231,2,63124.22,126248.44
13370,907,186,3,43925.21,131775.63
13371,3865,2,1,2750.44,2750.44
13372,1193,101,1,47716.78,47716.78
13373,3033,227,4,61598.02,246392.08
13374,1286,160,2,5722.02,11444.04
13375,3301,100,5,55420.51,277102.55
13376,1331,230,2,31745.27,63490.54
13377,3177,35,1,12662.52,12662.52
13378,770,60,3,49134.01,147402.03
13379,1159,223,1,41409.35,41409.35
13380,2061,184,5,25759.96,128799.8
13381,4091,112,2,58381.78,116763.56
13382,256,38,5,547.71,2738.55
13383,4101,101,2,47716.78,95433.56
13384,4115,29,1,21169.41,21169.41
13385,4514,5,2,16804.25,33608.5
13386,981,151,4,12383.09,49532.36
13387,4266,140,3,48596.53,145789.59
13388,1574,94,5,28901.65,144508.25
13389,566,50,3,38689.96,116069.88
13390,4134,48,4,64744.15,258976.6
13391,2045,128,3,17503.4,52510.2
13392,3659,135,5,32067.55,160337.75
13393,4338,231,2,63124.22,126248.44
13394,2434,85,5,6828.31,34141.55
13395,1021,156,5,22854.19,114270.95
13396,4083,137,1,23377.61,23377.61
13397,1775,55,5,57983.9,289919.5
13398,987,202,4,10640.66,42562.64
13399,1218,51,2,4745.62,9491.24
13400,4536,133,2,45678.86,91357.72
13401,1844,159,2,2783.41,5566.82
13402,3748,82,3,37506.05,112518.15
13403,760,199,2,7626.21,15252.42
13404,4341,121,1,12980.71,12980.71
13405,3052,237,3,27207.03,81621.09
13406,2340,207,3,68454.58,205363.74
13407,221,205,3,44040.82,132122.46
13408,2436,125,3,42471.61,127414.83
13409,2883,50,2,38689.96,77379.92
13410,2417,29,2,21169.41,42338.82
13411,3449,214,5,46708.94,233544.7
13412,333,208,4,41507.35,166029.4
13413,281,204,2,44102.83,88205.66
13414,2453,150,5,25258.79,126293.95
13415,961,72,1,54286.43,54286.43
13416,104,177,4,25646.36,102585.44
13417,804,121,5,12980.71,64903.55
13418,3762,132,5,55437.19,277185.95
13419,3447,127,3,60846.23,182538.69
13420,1669,177,4,25646.36,102585.44
13421,85,1,3,10808.33,32424.99
13422,2568,193,3,1860.99,5582.97
13423,2801,128,5,17503.4,87517.0
13424,2310,36,4,2797.54,11190.16
13425,3029,59,4,43410.48,173641.92
13426,1759,117,2,13182.39,26364.78
13427,1362,232,4,18463.39,73853.56
13428,4715,224,3,53537.82,160613.46
13429,1648,116,2,45582.6,91165.2
13430,2095,80,3,21690.71,65072.13
13431,4665,244,4,3395.09,13580.36
13432,987,42,2,35406.75,70813.5
13433,3094,233,5,59166.85,295834.25
13434,2577,240,1,48841.77,48841.77
13435,2377,167,2,32297.74,64595.48
13436,3411,153,2,1829.17,3658.34
13437,382,16,5,10378.88,51894.4
13438,790,199,2,7626.21,15252.42
13439,2834,184,5,25759.96,128799.8
13440,3062,61,3,58995.31,176985.93
13441,419,35,5,12662.52,63312.6
13442,3969,234,1,56146.62,56146.62
13443,4162,237,5,27207.03,136035.15
13444,2906,61,5,58995.31,294976.55
13445,4991,121,1,12980.71,12980.71
13446,3566,170,3,55187.3,165561.9
13447,288,20,2,20223.14,40446.28
13448,4048,69,5,9102.07,45510.35
13449,4709,101,4,47716.78,190867.12
13450,4561,208,2,41507.35,83014.7
13451,3510,215,2,16623.86,33247.72
13452,4017,98,5,45423.62,227118.1
13453,1036,68,4,43109.08,172436.32
13454,568,2,3,2750.44,8251.32
13455,4682,162,5,64005.28,320026.4
13456,1997,29,5,21169.41,105847.05
13457,189,76,3,22632.82,67898.46
13458,3969,156,3,22854.19,68562.57
13459,211,84,1,18918.53,18918.53
13460,2688,201,1,29524.33,29524.33
13461,2732,150,3,25258.79,75776.37
13462,4957,4,4,54318.36,217273.44
13463,498,63,3,28971.16,86913.48
13464,3440,163,2,28241.72,56483.44
13465,3779,3,4,1679.44,6717.76
13466,618,5,3,16804.25,50412.75
13467,325,15,5,27970.24,139851.2
13468,812,125,1,42471.61,42471.61
13469,2977,63,4,28971.16,115884.64
13470,1223,143,1,52558.49,52558.49
13471,3779,124,3,19205.78,57617.34
13472,50,143,5,52558.49,262792.45
13473,4570,135,3,32067.55,96202.65
13474,3879,148,4,45590.74,182362.96
13475,2978,169,2,62923.23,125846.46
13476,614,201,1,29524.33,29524.33
13477,2970,189,3,58222.2,174666.6
13478,2641,242,1,14842.89,14842.89
13479,3450,77,2,2172.62,4345.24
13480,1999,177,5,25646.36,128231.8
13481,4332,34,5,55038.37,275191.85
13482,4380,61,4,58995.31,235981.24
13483,3784,248,1,55808.74,55808.74
13484,333,152,4,11244.0,44976.0
13485,2066,218,1,28695.07,28695.07
13486,4524,141,4,11433.67,45734.68
13487,4518,201,2,29524.33,59048.66
13488,4524,176,4,35001.92,140007.68
13489,2889,126,1,64362.26,64362.26
13490,4814,173,5,50939.53,254697.65
13491,4480,118,2,4934.91,9869.82
13492,1585,14,4,4181.19,16724.76
13493,2794,178,3,64556.87,193670.61
13494,3878,213,5,46579.95,232899.75
13495,3333,212,1,14743.99,14743.99
13496,3110,82,5,37506.05,187530.25
13497,2066,26,2,57281.74,114563.48
13498,54,10,5,50484.52,252422.6
13499,1674,239,2,8293.55,16587.1
13500,1345,6,4,642.86,2571.44
