Payment_ID,Order_ID,Payment_Date,Amount_Paid,Payment_Method,Payment_Status
1,1,2026-06-22 13:11:44,218957.64,UPI,Success
2,2,2026-01-11 10:05:01,205316.66,Credit Card,Success
3,3,2026-03-04 10:32:59,412501.62,Cash,Success
4,4,2026-06-24 22:03:46,278734.02,Debit Card,Success
5,5,2025-10-26 21:36:59,268675.4,Cash,Success
6,6,2026-04-11 20:07:28,263417.25,Debit Card,Success
7,7,2026-06-22 11:22:06,174581.06,Credit Card,Success
8,8,2025-08-27 12:19:31,182125.31,Debit Card,Success
9,9,2026-05-31 11:33:52,511259.85,UPI,Success
10,10,2026-06-16 09:43:42,138613.84,Credit Card,Success
11,11,2026-05-06 14:51:26,458582.96,Debit Card,Success
12,12,2026-06-19 19:48:58,572815.05,Debit Card,Success
13,13,2026-02-26 18:55:30,106097.92,UPI,Success
14,14,2025-04-01 16:33:40,195289.46,Credit Card,Success
15,15,2025-04-06 21:39:19,14220.0,Debit Card,Success
16,16,2026-01-30 17:27:01,327103.5,UPI,Success
17,17,2026-06-13 20:27:04,412457.28,Credit Card,Success
18,18,2026-06-14 18:20:54,134139.83,Credit Card,Success
19,19,2025-10-11 18:12:34,255912.39,Credit Card,Success
20,20,2026-04-22 19:07:02,204352.0,UPI,Success
21,21,2026-06-26 21:04:08,169990.75,Cash,Success
22,22,2026-06-11 09:25:31,459313.51,Credit Card,Success
23,23,2026-06-26 10:27:38,202206.33,Debit Card,Success
24,24,2026-06-29 11:19:46,0.0,UPI,Failed
25,25,2026-06-19 19:26:27,197189.41,Debit Card,Success
26,26,2025-10-28 09:03:49,435651.02,Debit Card,Success
27,27,2026-03-09 19:57:01,314085.66,Debit Card,Success
28,28,2026-06-03 15:54:27,387161.99,Credit Card,Success
29,29,2026-06-07 14:31:12,303430.77,Credit Card,Success
30,30,2025-05-07 10:42:00,35658.87,Debit Card,Success
31,31,2026-06-11 09:54:00,15675.24,Credit Card,Success
32,32,2025-11-17 09:14:28,460076.28,Credit Card,Success
33,33,2026-06-20 20:04:15,424809.72,UPI,Refunded
34,34,2025-06-25 19:14:42,493167.06,UPI,Success
35,35,2026-05-05 20:55:52,195170.68,Cash,Success
36,36,2025-07-04 20:21:23,99457.16,Debit Card,Success
37,37,2025-10-31 18:07:17,460998.29,Cash,Success
38,38,2024-10-20 15:04:26,509928.54,Debit Card,Success
39,39,2025-08-28 13:01:08,38379.42,Credit Card,Success
40,40,2026-06-06 17:20:07,274174.26,UPI,Success
41,41,2026-05-08 12:52:28,278389.41,UPI,Success
42,42,2026-06-29 09:21:17,21710.75,Credit Card,Success
43,43,2025-08-04 13:59:39,126913.44,Credit Card,Success
44,44,2026-03-06 16:05:14,326390.22,Credit Card,Success
45,45,2026-03-14 09:47:19,0.0,UPI,Failed
46,46,2026-06-30 18:56:57,357239.08,Cash,Success
47,47,2026-06-09 21:47:13,279535.01,Credit Card,Success
48,48,2026-02-14 15:52:46,163635.63,UPI,Success
49,49,2026-06-15 15:54:59,37845.66,UPI,Success
50,50,2026-01-03 18:47:36,661110.92,Debit Card,Success
51,51,2025-07-09 21:02:15,62087.17,Debit Card,Success
52,52,2026-05-12 10:21:49,282482.63,Cash,Success
53,53,2025-07-08 18:18:23,73983.57,UPI,Success
54,54,2026-05-06 10:21:36,365218.64,Credit Card,Success
55,55,2026-06-02 16:09:28,0.0,UPI,Failed
56,56,2026-06-29 12:34:03,275582.75,Credit Card,Success
57,57,2026-06-16 14:05:28,270306.2,Debit Card,Success
58,58,2026-06-10 16:09:14,38193.27,Credit Card,Success
59,59,2026-06-26 09:22:07,187441.87,UPI,Success
60,60,2026-06-06 16:47:20,0.0,Debit Card,Failed
61,61,2026-03-29 13:20:01,1248093.29,UPI,Success
62,62,2026-05-02 20:08:38,283895.87,Credit Card,Success
63,63,2026-06-28 10:34:04,669600.61,UPI,Success
64,64,2026-05-26 10:51:27,749760.15,Cash,Success
65,65,2026-06-30 21:25:21,0.0,Cash,Failed
66,66,2026-05-01 13:48:01,251227.05,Cash,Success
67,67,2026-06-21 09:09:38,170216.7,Debit Card,Success
68,68,2025-01-06 16:00:37,0.0,UPI,Failed
69,69,2026-06-25 19:11:04,0.0,Cash,Failed
70,70,2025-05-16 17:55:03,391377.97,Cash,Success
71,71,2025-02-28 13:21:53,310836.04,Cash,Success
72,72,2025-07-31 21:54:23,107558.88,Cash,Success
73,73,2026-05-14 16:52:56,182478.96,UPI,Success
74,74,2026-06-30 14:46:30,212292.22,Debit Card,Success
75,75,2026-05-20 18:59:52,259505.28,Cash,Refunded
76,76,2026-06-22 19:38:42,32748.4,Cash,Success
77,77,2026-05-27 14:10:05,60106.7,Debit Card,Success
78,78,2026-02-20 20:00:49,391421.02,Cash,Success
79,79,2025-10-02 11:15:26,321292.49,Debit Card,Success
80,80,2025-08-27 12:05:02,388668.79,Credit Card,Success
81,81,2025-08-25 11:41:55,245608.85,UPI,Success
82,82,2025-09-09 11:34:44,295259.13,Cash,Success
83,83,2026-05-20 14:39:38,426047.48,UPI,Success
84,84,2026-05-13 17:02:26,176251.74,Cash,Success
85,85,2025-12-08 21:34:44,56088.28,Debit Card,Success
86,86,2025-11-26 12:02:00,143408.28,Credit Card,Success
87,87,2026-02-22 15:22:28,478907.34,Credit Card,Success
88,88,2026-04-10 12:23:31,176398.58,UPI,Success
89,89,2026-06-16 14:26:20,774108.53,Credit Card,Success
90,90,2026-06-19 20:21:27,266245.91,UPI,Success
91,91,2026-05-26 14:25:10,123269.71,Debit Card,Success
92,92,2025-11-25 11:24:58,326352.56,Debit Card,Success
93,93,2026-05-20 19:25:09,359896.5,Credit Card,Success
94,94,2026-05-31 11:11:38,97798.45,UPI,Success
95,95,2025-07-24 16:58:52,0.0,Cash,Failed
96,96,2026-05-31 20:38:33,178705.71,UPI,Success
97,97,2026-04-22 16:57:27,2229.92,Credit Card,Success
98,98,2026-06-11 20:43:07,0.0,Credit Card,Failed
99,99,2026-06-16 14:14:32,256231.95,Cash,Success
100,100,2026-03-09 19:59:04,587375.5,UPI,Success
101,101,2026-06-08 11:06:45,317232.96,UPI,Success
102,102,2026-02-16 19:09:15,129413.62,Debit Card,Success
103,103,2026-06-24 12:17:30,498068.04,Credit Card,Success
104,104,2026-01-08 11:22:40,464805.91,Cash,Success
105,105,2024-06-11 15:11:31,532723.32,Cash,Success
106,106,2026-02-01 15:45:16,250125.31,Cash,Success
107,107,2026-02-08 16:38:42,0.0,Debit Card,Failed
108,108,2026-05-14 19:32:31,567499.96,Credit Card,Success
109,109,2026-03-27 16:19:06,268695.86,Debit Card,Success
110,110,2026-05-03 16:28:15,65188.52,Cash,Success
111,111,2026-04-30 19:14:22,341459.16,UPI,Success
112,112,2026-06-27 22:00:31,346557.56,UPI,Success
113,113,2025-08-24 13:39:13,491812.8,Credit Card,Success
114,114,2026-06-30 21:27:16,204955.67,UPI,Success
115,115,2026-06-22 15:17:58,365004.34,Debit Card,Success
116,116,2025-12-27 19:57:02,731.53,Credit Card,Success
117,117,2026-01-01 12:58:40,153258.41,Cash,Success
118,118,2025-12-31 18:38:01,0.0,Debit Card,Failed
119,119,2026-05-11 21:53:21,380289.46,Debit Card,Success
120,120,2026-05-29 19:04:33,415848.83,Debit Card,Success
121,121,2026-06-30 15:57:45,1903.09,Cash,Success
122,122,2025-08-08 15:18:35,66674.84,Debit Card,Success
123,123,2026-04-27 21:38:06,93084.48,Debit Card,Success
124,124,2026-04-13 13:21:01,621906.53,Credit Card,Success
125,125,2025-07-24 13:56:07,369027.54,Credit Card,Success
126,126,2025-12-01 21:02:17,44847.35,Credit Card,Success
127,127,2026-06-27 09:04:47,148329.72,Debit Card,Success
128,128,2025-06-25 20:43:50,141225.55,Credit Card,Success
129,129,2026-06-30 14:34:32,241695.86,Credit Card,Success
130,130,2026-05-02 10:24:41,286653.61,Credit Card,Success
131,131,2026-04-18 12:30:35,104181.3,UPI,Success
132,132,2025-08-06 09:38:46,453796.4,UPI,Success
133,133,2026-06-20 10:36:14,201055.01,Cash,Success
134,134,2026-06-23 14:40:36,473642.34,UPI,Success
135,135,2026-06-26 19:10:06,329848.75,Credit Card,Success
136,136,2026-06-23 12:14:09,893292.44,UPI,Success
137,137,2026-05-03 21:15:03,279215.19,UPI,Success
138,138,2026-06-16 11:09:20,365063.47,Credit Card,Success
139,139,2026-06-12 20:15:48,439241.48,UPI,Success
140,140,2026-05-13 19:21:20,261055.47,Debit Card,Success
141,141,2025-12-11 15:45:04,913710.52,Cash,Success
142,142,2026-03-09 20:14:10,82849.06,UPI,Success
143,143,2026-06-27 16:15:40,223102.05,UPI,Success
144,144,2026-02-01 15:05:18,73021.47,Cash,Success
145,145,2026-03-31 14:48:56,490306.27,Cash,Success
146,146,2025-11-01 17:45:13,375682.64,Cash,Success
147,147,2026-03-29 18:26:30,104733.21,UPI,Success
148,148,2026-06-06 17:53:53,661647.19,Credit Card,Success
149,149,2026-06-04 16:08:00,50960.77,Credit Card,Success
150,150,2025-12-29 16:23:06,237862.92,UPI,Success
151,151,2025-03-31 14:50:35,84123.03,Credit Card,Success
152,152,2026-03-19 13:19:52,429402.01,UPI,Success
153,153,2025-03-18 18:59:25,0.0,UPI,Failed
154,154,2024-09-12 18:11:06,320370.13,Debit Card,Success
155,155,2025-11-19 10:18:51,122275.01,Credit Card,Success
156,156,2026-06-12 18:51:54,166888.32,Cash,Success
157,157,2026-06-17 16:22:10,0.0,Debit Card,Failed
158,158,2026-05-14 18:10:09,277098.2,Debit Card,Success
159,159,2025-02-07 09:16:32,211395.08,Credit Card,Success
160,160,2026-01-20 13:42:48,281139.3,Credit Card,Success
161,161,2026-06-19 20:37:22,521268.65,Debit Card,Success
162,162,2026-06-29 19:00:13,0.0,UPI,Failed
163,163,2026-04-29 12:00:27,752735.53,UPI,Success
164,164,2026-03-24 17:58:27,43573.6,Cash,Success
165,165,2026-02-21 21:43:22,277335.88,Credit Card,Success
166,166,2025-07-07 14:15:59,274169.5,Credit Card,Success
167,167,2026-06-20 17:15:00,300766.97,Credit Card,Success
168,168,2026-06-22 18:07:00,138297.29,Credit Card,Success
169,169,2026-04-11 16:28:02,5945.22,Credit Card,Refunded
170,170,2026-06-26 09:42:52,0.0,Credit Card,Failed
171,171,2025-12-18 19:37:31,358358.33,Debit Card,Success
172,172,2026-06-05 21:12:02,616361.94,Cash,Success
173,173,2026-05-22 20:14:55,659426.1,Cash,Success
174,174,2026-05-29 16:41:45,281047.57,Debit Card,Success
175,175,2025-10-18 12:51:39,574340.85,Credit Card,Success
176,176,2025-01-09 20:16:57,662291.37,UPI,Refunded
177,177,2026-06-22 15:28:53,162202.97,Cash,Success
178,178,2026-06-30 11:49:17,338536.29,UPI,Success
179,179,2026-05-28 12:51:32,45099.78,Cash,Success
180,180,2026-04-11 13:41:22,593177.7,Cash,Success
181,181,2026-04-10 16:13:07,501342.33,Cash,Success
182,182,2026-01-18 14:45:40,0.0,Cash,Failed
183,183,2026-06-07 19:32:29,3053.6,Cash,Success
184,184,2026-05-31 19:43:57,165349.65,Credit Card,Success
185,185,2026-05-25 09:25:45,303395.58,Debit Card,Success
186,186,2025-09-27 15:23:53,384383.94,Credit Card,Success
187,187,2025-09-14 13:54:28,5823.19,Cash,Success
188,188,2026-06-12 21:44:33,86971.88,UPI,Success
189,189,2025-11-07 18:25:09,299391.79,Cash,Success
190,190,2025-12-31 19:58:43,389095.31,Credit Card,Success
191,191,2026-06-03 17:52:13,549576.54,Debit Card,Success
192,192,2026-04-21 17:49:40,445619.06,Cash,Success
193,193,2026-02-08 14:42:24,69867.93,Cash,Success
194,194,2025-09-17 19:27:55,803466.94,Credit Card,Success
195,195,2026-06-16 14:48:57,402719.98,Cash,Success
196,196,2026-06-06 16:35:11,326981.01,Cash,Success
197,197,2026-06-04 18:38:44,280421.8,Cash,Success
198,198,2025-11-23 20:29:38,406099.17,UPI,Success
199,199,2026-05-28 12:49:59,118221.52,Credit Card,Success
200,200,2026-06-27 21:26:36,28947.67,UPI,Success
201,201,2025-08-06 14:01:38,0.0,UPI,Failed
202,202,2026-06-29 18:53:08,321302.41,Credit Card,Success
203,203,2026-05-11 13:59:49,334471.81,UPI,Success
204,204,2025-10-09 16:02:42,63461.18,Debit Card,Success
205,205,2025-09-20 10:15:15,17826.79,UPI,Success
206,206,2026-06-18 19:41:54,632916.95,UPI,Success
207,207,2026-06-22 10:31:35,257344.89,Debit Card,Success
208,208,2026-04-27 16:02:29,136051.64,Credit Card,Success
209,209,2026-01-29 11:26:48,0.0,Credit Card,Failed
210,210,2026-05-24 19:51:55,176261.3,Debit Card,Success
211,211,2025-04-27 16:51:47,0.0,Debit Card,Failed
212,212,2026-04-16 14:26:21,405762.03,Debit Card,Success
213,213,2026-04-28 19:20:08,17826.79,Cash,Success
214,214,2025-11-06 10:23:24,193092.79,Debit Card,Success
215,215,2025-12-12 15:45:52,826897.21,Cash,Success
216,216,2026-06-05 15:52:33,520772.47,Debit Card,Success
217,217,2026-05-28 19:50:06,55475.54,Cash,Success
218,218,2026-06-26 14:15:36,238309.64,UPI,Success
219,219,2026-03-22 19:44:25,392662.56,Credit Card,Success
220,220,2026-05-10 20:43:07,195226.94,Debit Card,Success
221,221,2026-01-30 14:57:30,447765.94,UPI,Success
222,222,2025-06-16 21:18:27,466774.69,Debit Card,Success
223,223,2025-05-01 11:04:21,0.0,Debit Card,Failed
224,224,2025-06-21 17:55:39,181522.44,Debit Card,Success
225,225,2026-06-24 13:09:07,531191.63,Credit Card,Success
226,226,2026-06-29 18:50:23,190232.48,UPI,Success
227,227,2026-05-13 09:39:17,481493.25,Credit Card,Success
228,228,2026-06-23 14:25:40,0.0,UPI,Failed
229,229,2026-06-18 20:30:15,703002.28,UPI,Success
230,230,2026-06-18 19:33:27,118981.77,Credit Card,Success
231,231,2026-04-01 21:02:33,175536.75,Debit Card,Success
232,232,2026-06-25 09:18:38,0.0,UPI,Failed
233,233,2026-05-30 17:55:05,275353.08,Debit Card,Success
234,234,2026-03-23 15:05:11,0.0,Credit Card,Failed
235,235,2026-02-13 10:55:12,295572.38,Debit Card,Success
236,236,2026-05-16 21:09:23,324163.79,Cash,Success
237,237,2026-05-23 20:49:49,571866.55,Credit Card,Success
238,238,2026-04-01 16:03:11,141143.81,Credit Card,Success
239,239,2026-06-09 09:56:26,443121.06,Debit Card,Success
240,240,2026-06-22 21:42:20,347644.28,Credit Card,Success
241,241,2025-08-19 12:07:39,205988.02,Cash,Success
242,242,2026-02-23 19:48:21,63928.51,Debit Card,Success
243,243,2025-09-07 14:23:22,63070.88,Credit Card,Success
244,244,2026-03-29 12:43:44,463659.71,Credit Card,Success
245,245,2026-04-11 19:56:36,0.0,UPI,Failed
246,246,2026-02-06 10:20:47,124949.04,Credit Card,Refunded
247,247,2026-05-17 16:52:29,0.0,Cash,Failed
248,248,2026-05-05 14:45:27,261300.69,Debit Card,Success
249,249,2026-05-13 12:27:58,577589.5,UPI,Success
250,250,2025-05-14 15:14:13,298594.04,UPI,Refunded
251,251,2026-05-26 21:57:47,0.0,Credit Card,Failed
252,252,2026-06-08 16:03:38,536837.72,UPI,Success
253,253,2026-06-22 19:42:48,592942.8,Credit Card,Success
254,254,2025-07-13 15:34:48,23292.78,Debit Card,Success
255,255,2026-02-18 11:33:18,0.0,UPI,Failed
256,256,2026-06-21 11:48:58,98212.73,Debit Card,Success
257,257,2026-02-13 15:14:40,0.0,Debit Card,Failed
258,258,2026-06-11 10:47:36,66339.6,Credit Card,Success
259,259,2026-03-27 12:13:36,90766.85,Debit Card,Success
260,260,2026-06-14 20:42:56,142944.14,UPI,Success
261,261,2025-10-02 16:26:46,587591.25,Debit Card,Success
262,262,2026-01-07 14:18:18,468890.68,Debit Card,Success
263,263,2026-02-04 12:52:38,150285.51,Debit Card,Success
264,264,2026-06-04 17:47:07,429449.12,Cash,Success
265,265,2026-06-08 16:50:04,0.0,Credit Card,Failed
266,266,2026-02-25 17:40:55,103501.19,Cash,Success
267,267,2026-06-29 10:50:49,290674.56,Credit Card,Success
268,268,2026-02-16 16:59:46,616327.84,UPI,Success
269,269,2026-05-28 14:34:45,1981.74,Debit Card,Success
270,270,2026-02-15 21:13:06,191470.6,UPI,Success
271,271,2026-06-23 21:10:46,447275.88,Cash,Success
272,272,2025-12-04 12:53:30,619702.1,Debit Card,Success
273,273,2026-06-15 20:41:48,131562.37,UPI,Success
274,274,2026-06-23 16:26:50,614203.29,Credit Card,Success
275,275,2025-09-24 21:14:09,369608.96,Credit Card,Success
276,276,2026-05-18 20:28:19,0.0,Debit Card,Failed
277,277,2025-10-26 20:38:43,9323.66,Debit Card,Success
278,278,2026-05-15 18:25:54,139382.08,UPI,Success
279,279,2025-12-05 18:27:09,217051.28,Credit Card,Success
280,280,2026-06-16 18:58:10,0.0,Cash,Failed
281,281,2026-05-16 17:21:33,585255.53,Credit Card,Success
282,282,2025-05-14 17:37:11,23673.83,Cash,Success
283,283,2025-10-08 14:24:19,437690.12,Credit Card,Success
284,284,2026-04-22 19:20:22,49659.6,Credit Card,Success
285,285,2026-06-09 21:01:52,153117.61,Credit Card,Success
286,286,2026-05-01 12:24:42,0.0,UPI,Failed
287,287,2026-06-30 10:23:35,0.0,Credit Card,Failed
288,288,2025-08-16 21:11:28,241094.6,Cash,Success
289,289,2025-11-14 21:03:41,855089.5,Cash,Success
290,290,2026-05-23 09:43:17,198013.58,UPI,Success
291,291,2025-08-08 11:35:19,415589.96,Debit Card,Success
292,292,2026-06-10 10:39:56,52422.7,Cash,Success
293,293,2026-05-18 16:16:28,192831.99,UPI,Success
294,294,2026-06-20 18:37:19,684415.58,Credit Card,Success
295,295,2026-06-23 21:51:12,514799.87,UPI,Success
296,296,2026-01-22 13:57:26,410315.0,Debit Card,Success
297,297,2026-01-21 17:35:32,158179.92,UPI,Success
298,298,2026-06-29 17:25:21,855018.41,UPI,Success
299,299,2026-03-27 16:08:48,0.0,Credit Card,Failed
300,300,2026-03-19 16:37:10,151313.52,Debit Card,Success
301,301,2026-06-14 11:08:55,536116.86,Cash,Success
302,302,2026-05-27 11:21:49,367329.74,Credit Card,Success
303,303,2025-12-10 13:26:49,229500.63,Cash,Success
304,304,2026-06-23 18:17:36,201179.34,UPI,Success
305,305,2026-06-09 15:54:10,263810.51,UPI,Success
306,306,2026-01-20 17:33:41,526290.35,Credit Card,Success
307,307,2026-05-20 13:31:59,162932.77,Credit Card,Success
308,308,2026-06-10 14:54:22,60411.15,Credit Card,Success
309,309,2026-06-07 18:31:48,261256.39,Debit Card,Success
310,310,2026-06-21 14:42:51,121367.66,Debit Card,Success
311,311,2026-05-07 20:16:13,380689.15,Credit Card,Success
312,312,2026-04-10 14:32:50,327812.39,UPI,Success
313,313,2026-05-08 18:34:28,20654.01,Cash,Success
314,314,2026-06-19 14:51:30,0.0,Cash,Failed
315,315,2026-05-03 21:07:45,53318.71,Debit Card,Success
316,316,2024-06-20 10:04:40,381820.95,Cash,Success
317,317,2026-06-30 13:08:30,10254.77,Credit Card,Success
318,318,2026-06-27 11:59:09,731878.24,Cash,Success
319,319,2025-11-08 12:22:36,212268.5,Cash,Success
320,320,2026-06-13 13:50:01,32807.92,Debit Card,Success
321,321,2026-06-25 21:30:47,306930.5,UPI,Success
322,322,2026-06-08 16:26:21,42961.77,UPI,Success
323,323,2026-03-03 18:52:59,0.0,Cash,Failed
324,324,2026-02-15 15:57:31,179939.39,Debit Card,Success
325,325,2026-02-11 14:10:36,523823.65,UPI,Success
326,326,2026-06-03 17:41:18,457180.79,Credit Card,Success
327,327,2026-06-16 17:52:07,288126.22,Credit Card,Success
328,328,2026-03-10 16:40:41,66378.53,Cash,Refunded
329,329,2026-06-22 16:30:56,150768.6,Debit Card,Success
330,330,2024-05-31 11:44:36,193418.26,Debit Card,Success
331,331,2026-05-07 15:37:18,0.0,UPI,Failed
332,332,2026-05-26 12:30:27,189198.54,UPI,Success
333,333,2026-03-01 16:49:42,1052929.01,Cash,Success
334,334,2026-04-23 18:19:12,412220.76,Cash,Success
335,335,2026-04-19 09:44:38,0.0,Debit Card,Failed
336,336,2026-06-09 14:05:20,711062.95,Debit Card,Success
337,337,2025-10-22 13:18:27,44432.81,UPI,Refunded
338,338,2026-05-14 14:02:08,53480.37,Cash,Success
339,339,2026-01-25 09:31:55,327198.25,Credit Card,Success
340,340,2025-04-23 16:34:25,237844.13,UPI,Success
341,341,2026-06-02 10:13:32,933446.01,Cash,Success
342,342,2025-05-20 21:21:07,0.0,Debit Card,Failed
343,343,2025-12-22 15:22:13,565711.89,UPI,Refunded
344,344,2026-03-07 13:40:07,0.0,Debit Card,Failed
345,345,2026-01-25 16:03:06,514052.72,UPI,Success
346,346,2026-06-01 19:29:14,386820.72,Credit Card,Refunded
347,347,2026-05-24 16:00:30,0.0,Credit Card,Failed
348,348,2026-06-28 14:09:09,270231.38,UPI,Success
349,349,2025-12-24 17:14:08,68890.5,Debit Card,Success
350,350,2025-07-31 20:50:18,312882.12,UPI,Success
351,351,2025-06-22 11:19:59,36184.58,UPI,Success
352,352,2026-01-09 10:57:10,0.0,Cash,Failed
353,353,2026-06-26 14:59:53,527422.7,Debit Card,Success
354,354,2025-11-13 10:04:30,0.0,Cash,Failed
355,355,2025-04-10 17:30:48,704373.98,Credit Card,Success
356,356,2025-11-18 09:30:57,286198.6,Credit Card,Success
357,357,2026-06-29 16:36:54,247108.32,Credit Card,Success
358,358,2025-01-23 13:32:30,176054.02,UPI,Success
359,359,2026-04-23 17:26:39,170699.25,Debit Card,Success
360,360,2026-05-05 12:18:14,231446.96,Credit Card,Success
361,361,2026-03-02 10:50:06,797383.31,UPI,Success
362,362,2025-02-12 12:25:11,227639.96,Cash,Success
363,363,2026-06-22 18:34:33,565656.07,UPI,Success
364,364,2026-05-18 15:30:42,172690.17,Credit Card,Success
365,365,2026-06-01 21:29:40,0.0,Debit Card,Failed
366,366,2025-09-23 19:07:53,296586.34,Debit Card,Success
367,367,2026-05-26 18:32:30,127452.52,Cash,Success
368,368,2026-02-09 16:23:29,51525.66,Cash,Success
369,369,2026-04-27 19:51:32,76235.35,Credit Card,Success
370,370,2025-10-27 14:59:55,576590.68,UPI,Success
371,371,2026-04-27 19:58:21,92949.63,Debit Card,Success
372,372,2026-06-27 19:02:34,533964.55,Debit Card,Success
373,373,2026-05-19 17:55:18,613117.25,Cash,Success
374,374,2026-06-01 17:14:55,0.0,Debit Card,Failed
375,375,2026-06-07 11:57:43,101395.35,UPI,Success
376,376,2025-12-23 18:55:09,155930.98,UPI,Success
377,377,2026-06-26 14:37:14,746780.12,Cash,Success
378,378,2026-06-14 10:48:10,506740.5,Credit Card,Success
379,379,2025-03-30 17:49:27,442257.16,Credit Card,Success
380,380,2025-09-07 16:07:33,0.0,UPI,Failed
381,381,2026-01-18 11:56:19,0.0,UPI,Failed
382,382,2026-06-19 13:20:59,321016.5,Debit Card,Success
383,383,2026-06-27 11:14:30,684957.51,Debit Card,Success
384,384,2026-05-31 21:20:41,323513.48,Debit Card,Success
385,385,2026-05-30 14:13:14,0.0,UPI,Failed
386,386,2025-10-07 20:54:37,0.0,Credit Card,Failed
387,387,2025-06-09 19:18:48,645078.53,Debit Card,Success
388,388,2026-06-23 17:09:49,185101.97,Cash,Success
389,389,2025-10-10 10:44:47,200466.0,Debit Card,Success
390,390,2026-06-22 09:33:53,278457.86,Cash,Success
391,391,2026-02-15 18:11:56,365297.34,Cash,Success
392,392,2026-06-23 13:17:33,115601.47,Debit Card,Success
393,393,2025-07-30 19:32:53,6587.9,Credit Card,Success
394,394,2026-06-01 21:21:53,79623.32,Credit Card,Success
395,395,2026-06-28 17:22:26,152752.49,Credit Card,Success
396,396,2026-06-01 10:46:51,60199.41,Cash,Success
397,397,2026-05-15 15:51:17,6587.9,Credit Card,Success
398,398,2026-01-12 17:41:53,106459.23,UPI,Success
399,399,2024-11-04 18:12:37,336969.99,Credit Card,Success
400,400,2026-06-17 10:57:15,113180.2,Debit Card,Success
401,401,2026-02-07 15:51:47,0.0,Credit Card,Failed
402,402,2026-06-29 16:45:55,34458.12,UPI,Success
403,403,2026-06-22 20:02:01,339634.0,Debit Card,Success
404,404,2026-03-12 10:28:58,331915.51,Cash,Success
405,405,2025-11-13 15:01:43,370746.39,Debit Card,Success
406,406,2025-11-12 21:11:20,459260.41,Debit Card,Success
407,407,2026-05-03 17:52:55,378058.38,Credit Card,Success
408,408,2026-01-01 21:55:11,278103.92,Cash,Success
409,409,2026-06-25 18:41:47,53787.47,UPI,Success
410,410,2026-05-27 13:07:58,42969.84,Credit Card,Success
411,411,2026-06-26 19:20:48,327825.13,Credit Card,Success
412,412,2025-10-26 14:23:51,140260.57,UPI,Success
413,413,2026-05-16 14:10:07,359245.27,Cash,Success
414,414,2026-06-16 17:37:11,313915.31,UPI,Success
415,415,2026-06-16 10:51:38,96489.46,UPI,Success
416,416,2026-06-11 20:24:34,423310.27,Debit Card,Success
417,417,2026-03-08 20:58:56,307747.61,UPI,Success
418,418,2025-11-13 12:32:52,0.0,UPI,Failed
419,419,2026-01-07 16:24:53,341373.49,Cash,Success
420,420,2026-06-28 19:54:13,118663.77,Debit Card,Success
421,421,2026-06-16 16:56:28,538897.79,Cash,Success
422,422,2025-06-15 11:59:33,221426.49,Cash,Success
423,423,2026-06-11 13:53:50,660723.56,UPI,Refunded
424,424,2026-06-15 14:31:57,16938.57,UPI,Success
425,425,2026-06-03 20:12:20,740929.71,Debit Card,Success
426,426,2025-07-27 21:38:45,293834.22,Cash,Success
427,427,2026-06-21 20:25:45,54426.0,UPI,Success
428,428,2025-07-30 13:42:53,414627.94,Debit Card,Success
429,429,2026-05-05 15:10:10,0.0,Credit Card,Failed
430,430,2025-03-31 17:03:45,447716.69,Debit Card,Success
431,431,2026-06-24 13:39:16,0.0,UPI,Failed
432,432,2026-05-17 16:34:45,439734.62,UPI,Success
433,433,2026-06-23 13:44:44,559428.34,Debit Card,Success
434,434,2025-06-10 21:42:43,270295.13,Debit Card,Success
435,435,2026-01-02 20:58:22,128164.65,Debit Card,Success
436,436,2026-06-16 17:28:46,276440.38,UPI,Success
437,437,2026-05-14 09:46:59,76640.03,Debit Card,Success
438,438,2026-06-04 15:41:44,0.0,UPI,Failed
439,439,2026-05-30 20:37:08,629996.03,Debit Card,Success
440,440,2026-06-25 11:50:27,327222.78,Cash,Success
441,441,2026-06-22 15:21:14,497370.4,Credit Card,Success
442,442,2026-01-23 16:58:06,387706.24,Credit Card,Success
443,443,2026-03-16 09:48:23,446109.64,UPI,Success
444,444,2026-04-19 14:34:19,0.0,Cash,Failed
445,445,2024-08-12 11:19:40,78461.52,Cash,Success
446,446,2026-04-09 10:57:43,173317.1,UPI,Success
447,447,2026-06-29 16:54:54,341742.84,Cash,Success
448,448,2026-06-18 16:02:39,0.0,UPI,Failed
449,449,2025-03-23 13:14:22,737030.3,Debit Card,Success
450,450,2024-07-24 16:22:38,990137.06,UPI,Success
451,451,2025-09-07 19:36:53,362802.07,Cash,Success
452,452,2026-06-16 14:17:23,966643.23,UPI,Success
453,453,2025-10-25 21:28:02,261165.01,UPI,Success
454,454,2026-06-20 20:52:53,300002.83,UPI,Success
455,455,2026-03-28 19:26:58,135890.63,Debit Card,Success
456,456,2026-06-22 15:55:34,171543.93,Cash,Success
457,457,2026-06-15 21:20:18,0.0,Debit Card,Failed
458,458,2026-06-19 10:34:01,442036.98,UPI,Success
459,459,2026-01-11 13:38:50,238810.26,Credit Card,Success
460,460,2025-11-12 17:59:02,35995.71,Credit Card,Success
461,461,2026-06-19 17:16:41,579827.28,Debit Card,Success
462,462,2025-06-06 13:29:12,60449.62,Debit Card,Success
463,463,2025-11-30 20:33:33,377032.9,Cash,Success
464,464,2026-06-30 12:13:29,0.0,Debit Card,Failed
465,465,2026-03-05 20:18:31,79879.33,Cash,Success
466,466,2026-03-08 15:22:57,197674.63,UPI,Success
467,467,2026-06-11 19:58:58,332746.77,Debit Card,Success
468,468,2026-06-18 15:12:09,3792.87,Credit Card,Success
469,469,2026-03-17 19:46:45,258848.8,Cash,Success
470,470,2026-06-29 21:06:17,317730.6,Debit Card,Success
471,471,2026-06-21 13:55:57,111765.97,Debit Card,Success
472,472,2026-05-20 09:43:44,175320.78,Debit Card,Success
473,473,2026-05-14 19:53:14,42090.58,UPI,Success
474,474,2026-06-29 10:19:34,332131.17,Debit Card,Success
475,475,2026-06-20 21:02:44,691578.85,Credit Card,Success
476,476,2026-06-21 10:50:07,533834.84,Credit Card,Success
477,477,2025-11-06 17:55:31,142458.36,Credit Card,Success
478,478,2026-03-20 10:15:14,0.0,Credit Card,Failed
479,479,2026-04-06 20:58:04,281250.09,UPI,Success
480,480,2026-06-24 11:29:38,49669.74,UPI,Success
481,481,2026-06-13 20:25:02,493263.79,Debit Card,Success
482,482,2026-06-30 14:01:11,120155.14,Credit Card,Success
483,483,2025-07-05 15:12:18,584477.66,Credit Card,Success
484,484,2025-08-24 19:49:28,0.0,UPI,Failed
485,485,2026-06-30 13:40:10,132084.95,Credit Card,Success
486,486,2026-06-04 19:05:26,109889.73,Debit Card,Success
487,487,2025-10-16 14:04:09,218114.95,Cash,Success
488,488,2025-11-02 09:46:03,686140.78,Credit Card,Success
489,489,2025-07-09 21:50:02,275191.66,Debit Card,Success
490,490,2026-02-12 18:45:24,451920.06,Debit Card,Success
491,491,2026-06-10 19:35:39,643164.25,UPI,Success
492,492,2026-03-02 16:42:56,239270.03,UPI,Success
493,493,2026-06-16 15:25:56,146936.02,Debit Card,Success
494,494,2025-07-16 11:09:29,115581.12,Cash,Success
495,495,2026-01-24 11:54:40,63416.88,UPI,Success
496,496,2026-06-21 16:50:28,207499.28,Debit Card,Success
497,497,2026-01-05 14:44:25,123906.8,Debit Card,Success
498,498,2026-06-15 20:22:36,464032.78,UPI,Success
499,499,2026-01-09 16:39:55,403947.29,Credit Card,Success
500,500,2026-06-07 15:13:30,370938.42,UPI,Success
501,501,2026-06-01 15:07:12,265396.02,Credit Card,Success
502,502,2026-02-23 16:06:33,188058.18,UPI,Success
503,503,2026-04-24 12:30:36,36893.83,Cash,Success
504,504,2026-06-27 11:44:25,272466.22,UPI,Success
505,505,2025-10-25 14:37:15,138908.76,Credit Card,Success
506,506,2026-05-26 19:01:48,24972.55,UPI,Success
507,507,2026-04-20 10:56:04,480202.77,Cash,Success
508,508,2025-04-19 10:28:59,249136.02,Cash,Success
509,509,2025-10-24 13:56:04,790251.05,Credit Card,Success
510,510,2026-06-16 14:54:11,89768.35,Cash,Success
511,511,2026-05-16 11:16:26,107802.11,Credit Card,Success
512,512,2025-05-20 17:42:40,558985.52,Credit Card,Success
513,513,2025-09-03 19:10:58,173866.57,UPI,Success
514,514,2025-10-31 16:31:30,125740.06,UPI,Success
515,515,2025-11-17 18:45:11,18283.77,UPI,Success
516,516,2026-05-03 15:00:21,104576.49,UPI,Refunded
517,517,2026-06-06 11:43:19,850199.76,Cash,Success
518,518,2026-06-29 12:50:20,200701.02,Debit Card,Success
519,519,2026-05-28 18:54:31,0.0,Cash,Failed
520,520,2026-03-30 14:58:16,50878.35,Debit Card,Success
521,521,2025-09-04 14:58:10,98755.11,Debit Card,Success
522,522,2025-11-18 16:32:21,0.0,Cash,Failed
523,523,2026-06-17 10:27:35,0.0,Debit Card,Failed
524,524,2026-03-29 18:03:19,129793.7,Debit Card,Success
525,525,2026-01-31 09:51:43,58321.22,Credit Card,Success
526,526,2026-06-26 17:57:50,359299.4,Credit Card,Success
527,527,2026-06-12 20:26:35,331848.4,UPI,Success
528,528,2026-06-03 19:14:51,410406.88,UPI,Success
529,529,2024-11-06 09:54:08,5823.19,UPI,Success
530,530,2025-06-27 14:14:09,94019.39,UPI,Success
531,531,2026-06-30 10:10:46,0.0,UPI,Failed
532,532,2026-06-05 18:48:55,0.0,Cash,Failed
533,533,2025-10-07 18:08:03,45080.02,UPI,Success
534,534,2024-12-07 10:55:05,0.0,Credit Card,Failed
535,535,2026-04-19 09:53:05,320614.44,Cash,Success
536,536,2026-04-03 12:47:31,141033.85,Cash,Success
537,537,2025-10-09 16:21:32,0.0,Debit Card,Failed
538,538,2025-12-28 17:43:12,381327.86,Cash,Success
539,539,2026-05-18 12:03:20,797904.74,Debit Card,Success
540,540,2026-06-21 18:27:38,544931.02,Cash,Success
541,541,2026-05-31 13:59:22,308013.81,Cash,Success
542,542,2026-06-30 13:20:48,136316.43,Credit Card,Success
543,543,2026-06-25 20:05:39,306334.18,Cash,Success
544,544,2026-06-14 20:51:05,781773.78,Debit Card,Success
545,545,2026-01-29 19:43:43,0.0,Debit Card,Failed
546,546,2026-05-17 16:24:47,203510.97,Debit Card,Success
547,547,2026-03-24 14:41:47,13603.45,Debit Card,Success
548,548,2026-06-25 15:37:56,357763.21,Debit Card,Success
549,549,2026-06-04 16:32:09,38333.06,Cash,Success
550,550,2026-05-27 11:56:20,208113.26,Credit Card,Success
551,551,2026-02-08 14:05:27,352183.92,UPI,Success
552,552,2025-08-30 18:15:13,202658.13,Credit Card,Success
553,553,2025-12-02 14:21:01,40462.2,UPI,Success
554,554,2026-05-12 12:21:31,90164.17,UPI,Success
555,555,2026-06-05 16:44:03,358167.34,Credit Card,Success
556,556,2026-06-29 18:28:09,339635.44,Debit Card,Success
557,557,2026-02-12 16:06:19,138265.49,Debit Card,Success
558,558,2026-04-22 18:32:39,176185.79,Debit Card,Success
559,559,2025-03-25 20:31:51,190700.32,Credit Card,Success
560,560,2026-06-03 09:34:23,278998.68,Credit Card,Success
561,561,2026-06-30 14:47:58,162309.05,Debit Card,Success
562,562,2026-06-10 14:37:50,277942.83,Cash,Success
563,563,2026-06-01 21:42:36,0.0,Debit Card,Failed
564,564,2026-05-15 13:02:52,285015.28,UPI,Success
565,565,2026-06-17 18:00:06,145961.21,UPI,Success
566,566,2026-06-17 17:32:29,769563.35,Debit Card,Success
567,567,2026-03-04 16:31:49,448934.74,Debit Card,Success
568,568,2026-04-25 14:57:49,109273.19,Cash,Success
569,569,2026-01-27 14:57:39,36274.85,UPI,Success
570,570,2026-05-26 16:25:38,327535.01,Debit Card,Success
571,571,2024-12-09 18:45:07,131135.5,Debit Card,Success
572,572,2026-04-01 21:38:18,55354.34,Debit Card,Success
573,573,2026-05-26 13:20:13,27410.14,UPI,Success
574,574,2026-06-13 21:29:05,389831.34,UPI,Success
575,575,2026-01-30 19:28:35,328783.25,Credit Card,Success
576,576,2026-05-12 13:36:17,60816.41,Debit Card,Success
577,577,2025-10-08 18:10:20,0.0,Credit Card,Failed
578,578,2025-12-07 16:33:09,90401.97,Debit Card,Success
579,579,2026-05-27 19:35:41,63731.47,Credit Card,Success
580,580,2026-06-21 13:30:36,291000.33,Credit Card,Success
581,581,2025-06-01 16:11:59,22415.47,Credit Card,Success
582,582,2026-06-19 20:19:05,331775.64,Cash,Success
583,583,2026-06-03 15:22:48,228097.39,UPI,Success
584,584,2025-10-17 15:51:50,414000.78,Debit Card,Success
585,585,2025-09-15 16:12:07,714140.35,UPI,Success
586,586,2026-05-07 09:45:43,72965.96,UPI,Success
587,587,2025-12-25 16:05:02,138365.76,Credit Card,Success
588,588,2026-03-06 14:23:24,678907.48,Cash,Success
589,589,2026-06-27 21:25:31,0.0,UPI,Failed
590,590,2026-04-14 10:08:12,45322.58,Debit Card,Success
591,591,2026-01-24 14:47:05,13565.13,Debit Card,Success
592,592,2025-10-25 12:11:34,0.0,UPI,Failed
593,593,2026-04-13 13:44:23,89828.82,Cash,Success
594,594,2026-03-11 13:26:12,48978.67,Credit Card,Success
595,595,2026-06-13 16:04:28,154961.14,Credit Card,Success
596,596,2026-05-14 15:15:11,238171.71,Debit Card,Success
597,597,2026-06-22 12:21:48,312649.38,Credit Card,Success
598,598,2026-05-04 18:54:19,353666.77,Credit Card,Success
599,599,2026-03-30 18:59:56,114579.82,Cash,Success
600,600,2025-08-22 09:19:53,171142.54,Cash,Success
601,601,2026-04-01 15:47:20,526689.58,Credit Card,Success
602,602,2026-02-02 16:40:38,343510.98,UPI,Success
603,603,2024-05-05 18:16:56,0.0,Cash,Failed
604,604,2025-06-19 14:01:00,475880.17,UPI,Success
605,605,2025-09-26 10:08:23,360221.38,Debit Card,Success
606,606,2026-06-18 10:22:26,235287.26,Credit Card,Success
607,607,2026-05-13 13:16:16,165389.7,Credit Card,Success
608,608,2025-12-12 19:55:43,143685.1,Debit Card,Success
609,609,2025-06-05 09:16:05,161260.16,UPI,Success
610,610,2026-05-10 13:26:01,350884.45,Cash,Success
611,611,2026-06-20 10:29:43,418133.21,UPI,Success
612,612,2026-03-12 15:19:00,139354.84,Debit Card,Success
613,613,2026-05-14 13:48:18,197004.17,Cash,Success
614,614,2026-05-07 19:24:55,455003.3,Debit Card,Success
615,615,2026-06-14 09:58:36,681302.41,Debit Card,Success
616,616,2026-04-24 12:52:54,75578.17,Debit Card,Success
617,617,2026-06-20 14:31:52,109143.17,Credit Card,Success
618,618,2026-06-24 17:41:09,602881.64,UPI,Success
619,619,2026-06-06 18:33:23,361179.62,Debit Card,Success
620,620,2026-05-15 19:57:56,206106.59,Cash,Success
621,621,2026-06-22 10:48:16,24605.22,Credit Card,Success
622,622,2026-01-25 16:36:48,394133.86,Debit Card,Success
623,623,2026-03-22 18:01:55,149081.4,UPI,Refunded
624,624,2025-12-24 21:37:08,0.0,Credit Card,Failed
625,625,2026-04-03 16:06:07,260052.2,UPI,Refunded
626,626,2024-12-27 18:07:16,0.0,UPI,Failed
627,627,2026-04-21 20:51:21,219119.16,Credit Card,Success
628,628,2026-06-29 15:42:42,906486.57,UPI,Success
629,629,2026-06-27 20:50:06,524775.88,UPI,Success
630,630,2025-10-21 20:02:57,359294.77,Cash,Success
631,631,2026-06-06 11:59:04,193898.69,Debit Card,Success
632,632,2025-08-31 12:35:40,332245.41,Debit Card,Success
633,633,2025-04-06 09:26:07,349309.56,Cash,Success
634,634,2026-05-10 13:32:07,146801.92,Cash,Success
635,635,2026-01-28 20:43:19,135949.31,UPI,Success
636,636,2025-11-03 18:43:58,638148.21,Credit Card,Success
637,637,2026-06-15 16:04:31,158109.93,Cash,Success
638,638,2026-06-06 21:25:48,542891.46,Credit Card,Success
639,639,2026-06-17 19:32:01,580564.39,Cash,Success
640,640,2026-06-08 13:38:05,386694.54,Cash,Success
641,641,2026-01-15 10:30:24,138261.52,UPI,Success
642,642,2025-01-30 14:26:35,366135.33,Credit Card,Success
643,643,2026-05-27 15:08:00,132692.79,Cash,Success
644,644,2025-10-30 17:31:04,232461.01,Debit Card,Success
645,645,2026-06-18 16:00:59,415557.21,UPI,Success
646,646,2025-12-22 10:45:33,314499.84,Cash,Success
647,647,2025-10-17 09:26:38,11592.89,UPI,Success
648,648,2026-03-29 12:40:31,275996.41,Cash,Success
649,649,2026-06-24 15:10:19,545267.08,Cash,Success
650,650,2026-06-22 16:22:45,413975.87,Debit Card,Success
651,651,2025-04-18 11:10:08,82305.05,Cash,Success
652,652,2025-12-29 16:30:50,540183.68,UPI,Success
653,653,2026-06-27 14:47:34,445365.08,Debit Card,Success
654,654,2026-05-03 17:53:27,342105.01,Debit Card,Success
655,655,2026-06-14 16:34:32,379797.95,Debit Card,Success
656,656,2025-12-03 09:15:05,193986.02,Debit Card,Success
657,657,2026-03-01 17:26:35,114150.25,Debit Card,Success
658,658,2026-06-12 15:13:35,0.0,UPI,Failed
659,659,2024-12-09 20:49:25,0.0,Cash,Failed
660,660,2025-06-11 17:47:17,177788.05,Debit Card,Success
661,661,2026-05-17 12:59:30,78468.99,Cash,Success
662,662,2026-02-28 16:22:06,283011.79,Debit Card,Success
663,663,2026-03-16 21:10:09,781656.31,UPI,Success
664,664,2025-01-03 16:35:04,442991.1,Cash,Success
665,665,2026-05-31 19:29:14,263191.26,Credit Card,Success
666,666,2025-04-05 14:57:25,0.0,Cash,Failed
667,667,2026-03-15 16:45:53,97588.19,Cash,Success
668,668,2026-05-19 18:54:32,258095.04,UPI,Success
669,669,2026-06-07 12:44:33,63839.53,Debit Card,Success
670,670,2026-06-14 15:07:35,272966.21,Debit Card,Success
671,671,2026-06-24 19:07:23,179201.47,UPI,Success
672,672,2026-01-07 14:01:34,122558.74,Credit Card,Success
673,673,2026-06-11 16:27:48,265205.33,UPI,Success
674,674,2025-09-26 14:07:44,658476.11,Credit Card,Success
675,675,2025-05-22 19:24:59,349084.42,UPI,Success
676,676,2026-02-26 15:07:15,107270.09,Cash,Success
677,677,2026-05-19 17:52:26,379835.3,Debit Card,Success
678,678,2026-06-07 21:40:56,653199.86,Cash,Success
679,679,2026-05-18 19:47:23,246653.8,Debit Card,Success
680,680,2026-06-26 16:43:33,170605.04,Debit Card,Success
681,681,2026-05-29 12:20:38,378936.08,Cash,Success
682,682,2026-06-29 19:59:31,211270.33,UPI,Success
683,683,2025-12-02 18:30:34,180873.68,Debit Card,Success
684,684,2026-01-25 10:30:52,532961.37,Cash,Success
685,685,2025-03-24 22:08:16,615968.64,Credit Card,Success
686,686,2026-03-18 18:33:12,181115.49,Credit Card,Success
687,687,2026-03-30 10:35:27,519844.85,Credit Card,Success
688,688,2025-05-03 14:53:51,63156.18,Credit Card,Refunded
689,689,2026-06-27 10:39:34,210122.22,Debit Card,Success
690,690,2026-06-20 10:07:42,20654.01,Credit Card,Success
691,691,2026-06-22 13:36:15,380723.05,Cash,Success
692,692,2026-04-25 14:54:15,40597.79,UPI,Success
693,693,2026-05-21 12:16:51,0.0,Credit Card,Failed
694,694,2025-06-19 10:42:47,146987.07,UPI,Success
695,695,2026-04-22 10:19:54,276956.77,Cash,Success
696,696,2025-10-09 12:01:14,519368.92,Cash,Success
697,697,2025-11-06 18:58:38,404502.17,Debit Card,Success
698,698,2025-06-28 10:35:45,302483.35,Cash,Success
699,699,2026-05-17 21:26:01,729273.64,Credit Card,Success
700,700,2026-06-16 21:58:33,539450.95,UPI,Success
701,701,2026-05-28 15:58:28,174956.95,UPI,Success
702,702,2026-02-03 20:52:24,174448.19,Debit Card,Success
703,703,2025-09-05 14:34:17,800699.67,Cash,Success
704,704,2026-03-19 19:01:30,0.0,Credit Card,Failed
705,705,2026-01-13 20:11:28,279003.5,UPI,Success
706,706,2026-06-17 14:30:01,88997.83,Debit Card,Success
707,707,2025-08-31 15:24:22,204062.4,UPI,Success
708,708,2026-02-07 11:13:14,130045.49,UPI,Success
709,709,2026-06-29 09:31:23,0.0,Credit Card,Failed
710,710,2026-06-16 18:52:35,743523.39,Debit Card,Success
711,711,2025-07-17 11:26:09,197216.59,Credit Card,Success
712,712,2025-06-30 15:23:10,465610.85,Credit Card,Success
713,713,2025-10-23 09:37:41,127857.01,UPI,Success
714,714,2025-06-16 13:42:30,0.0,UPI,Failed
715,715,2024-06-08 21:14:38,607652.54,Credit Card,Success
716,716,2026-05-23 21:18:34,215149.87,Debit Card,Success
717,717,2026-06-06 11:12:34,0.0,Cash,Failed
718,718,2026-05-26 11:54:17,701728.36,UPI,Success
719,719,2025-09-30 11:13:03,546173.2,Credit Card,Success
720,720,2026-03-26 14:40:50,281659.68,Debit Card,Success
721,721,2026-02-09 20:18:10,52543.83,Credit Card,Success
722,722,2025-10-29 11:06:18,849686.4,Debit Card,Success
723,723,2026-02-04 17:40:46,109630.18,Cash,Success
724,724,2026-06-22 17:26:50,252854.03,Credit Card,Success
725,725,2025-05-07 21:25:33,0.0,Debit Card,Failed
726,726,2025-12-15 21:09:13,109984.35,UPI,Success
727,727,2025-06-03 19:05:26,403371.38,Debit Card,Success
728,728,2026-06-11 16:22:48,0.0,UPI,Failed
729,729,2026-06-03 18:57:48,69427.68,UPI,Success
730,730,2026-05-31 12:15:01,111138.88,Debit Card,Success
731,731,2026-03-23 15:35:45,362914.57,Cash,Success
732,732,2026-05-07 15:05:15,0.0,Credit Card,Failed
733,733,2026-04-08 14:13:22,108196.37,Cash,Success
734,734,2024-06-23 18:19:22,178715.2,Debit Card,Success
735,735,2026-03-19 10:30:21,303841.02,Debit Card,Success
736,736,2024-04-21 10:11:47,389666.94,UPI,Success
737,737,2026-04-30 12:45:33,292983.76,Credit Card,Success
738,738,2026-06-24 14:44:20,274919.53,Credit Card,Success
739,739,2026-06-12 11:02:28,210363.08,Debit Card,Success
740,740,2026-05-08 19:56:35,663803.27,Debit Card,Success
741,741,2026-02-05 15:30:42,162070.37,Credit Card,Success
742,742,2025-09-18 11:52:58,50868.71,Credit Card,Success
743,743,2026-06-20 12:08:02,160697.95,Cash,Success
744,744,2026-03-30 18:14:26,87507.02,Cash,Success
745,745,2026-01-21 18:23:58,260862.86,Debit Card,Success
746,746,2026-04-15 20:34:50,532936.04,Debit Card,Success
747,747,2026-06-11 10:15:42,429911.5,Debit Card,Success
748,748,2026-06-28 16:17:36,358973.98,Debit Card,Success
749,749,2026-06-22 19:28:33,252423.06,Cash,Success
750,750,2026-05-22 17:46:17,264480.6,Cash,Success
751,751,2025-10-19 09:37:30,132892.72,Cash,Success
752,752,2026-06-27 20:28:03,0.0,UPI,Failed
753,753,2026-05-12 11:45:14,90229.66,Credit Card,Success
754,754,2026-06-28 12:07:06,260972.01,Cash,Success
755,755,2026-06-24 15:28:36,170995.16,Debit Card,Success
756,756,2026-02-11 17:00:42,69710.09,UPI,Success
757,757,2025-08-20 15:57:27,524945.54,Cash,Success
758,758,2026-04-25 10:24:15,279866.5,UPI,Success
759,759,2026-06-07 15:36:54,536228.46,Cash,Success
760,760,2026-06-12 11:48:20,136209.69,UPI,Success
761,761,2026-06-16 10:58:47,0.0,Credit Card,Failed
762,762,2026-05-31 21:58:44,244893.36,UPI,Success
763,763,2025-06-27 09:17:18,161552.81,Debit Card,Refunded
764,764,2026-06-21 20:30:42,469356.43,Debit Card,Success
765,765,2025-12-21 10:05:37,33983.6,Debit Card,Success
766,766,2025-08-01 21:16:57,74484.2,Credit Card,Success
767,767,2026-06-23 18:55:33,404029.58,Cash,Success
768,768,2026-04-15 16:43:54,51190.08,Credit Card,Success
769,769,2026-05-12 16:39:14,274860.79,UPI,Success
770,770,2026-06-05 20:32:51,540920.28,UPI,Success
771,771,2025-10-31 19:54:52,225596.38,Credit Card,Success
772,772,2026-02-17 19:30:13,52375.04,Debit Card,Success
773,773,2025-07-25 10:08:37,102380.15,Debit Card,Success
774,774,2026-06-18 11:49:04,4055.12,UPI,Success
775,775,2026-04-29 12:47:30,95099.29,Credit Card,Success
776,776,2026-06-24 12:59:30,64508.45,Debit Card,Success
777,777,2025-07-01 14:14:03,0.0,Debit Card,Failed
778,778,2026-05-30 11:59:31,188708.97,Credit Card,Success
779,779,2026-06-15 16:12:52,232633.83,Credit Card,Success
780,780,2026-06-09 15:07:48,111349.25,UPI,Success
781,781,2025-06-22 13:34:05,63043.54,Debit Card,Success
782,782,2024-12-21 12:35:38,124038.04,Cash,Success
783,783,2025-05-11 15:09:49,0.0,UPI,Failed
784,784,2026-06-29 18:25:21,0.0,Cash,Failed
785,785,2026-05-18 12:17:21,54964.34,UPI,Success
786,786,2025-11-24 17:32:56,385739.3,UPI,Success
787,787,2025-07-02 21:52:51,0.0,Credit Card,Failed
788,788,2026-02-26 17:52:29,0.0,Cash,Failed
789,789,2026-05-08 19:51:04,50292.82,UPI,Success
790,790,2026-06-09 15:03:37,40601.53,Credit Card,Success
791,791,2026-04-11 12:49:57,808286.82,Credit Card,Success
792,792,2026-06-13 12:12:14,0.0,Cash,Failed
793,793,2025-03-30 15:09:04,460906.62,UPI,Success
794,794,2025-08-11 18:00:46,87313.5,Credit Card,Success
795,795,2026-06-24 18:49:03,134515.09,Debit Card,Success
796,796,2026-05-29 11:01:15,59347.36,Credit Card,Success
797,797,2025-10-10 17:51:12,0.0,Cash,Failed
798,798,2026-06-21 16:11:06,244151.06,UPI,Success
799,799,2026-03-01 19:24:42,121533.29,Debit Card,Success
800,800,2026-05-22 20:16:23,285708.81,Credit Card,Success
801,801,2026-06-15 20:37:40,538671.27,UPI,Success
802,802,2025-06-02 12:14:49,632043.05,Credit Card,Success
803,803,2026-04-21 21:35:21,282017.18,Cash,Success
804,804,2026-06-23 17:09:30,465586.16,Credit Card,Success
805,805,2026-05-28 21:11:22,13595.48,Debit Card,Success
806,806,2026-04-05 09:59:58,273980.14,Debit Card,Success
807,807,2026-05-10 11:17:21,45090.82,Cash,Success
808,808,2025-10-14 17:00:48,114025.84,Credit Card,Success
809,809,2026-06-26 21:28:06,248580.46,Cash,Success
810,810,2026-05-19 11:16:39,553624.38,Debit Card,Success
811,811,2025-07-15 20:04:58,267216.33,Cash,Success
812,812,2026-05-30 14:42:23,195076.6,UPI,Success
813,813,2026-06-26 09:44:22,0.0,Cash,Failed
814,814,2026-03-16 14:31:47,452776.97,UPI,Success
815,815,2026-06-03 12:01:06,119719.92,Cash,Success
816,816,2026-06-12 11:39:31,313767.29,Debit Card,Success
817,817,2025-09-06 18:58:02,255075.29,Debit Card,Success
818,818,2026-06-10 17:57:27,351134.67,Credit Card,Success
819,819,2026-06-23 19:14:44,129368.07,Debit Card,Success
820,820,2026-02-26 15:14:33,24855.86,Credit Card,Success
821,821,2026-05-15 15:05:01,520647.0,Debit Card,Refunded
822,822,2026-01-04 17:47:38,954326.6,Cash,Success
823,823,2026-06-22 21:31:20,372868.53,Debit Card,Success
824,824,2025-11-24 12:08:17,574115.78,Cash,Success
825,825,2026-05-07 19:04:44,49050.76,UPI,Success
826,826,2025-11-23 15:49:59,0.0,Credit Card,Failed
827,827,2024-07-09 19:24:17,865755.32,UPI,Success
828,828,2026-06-14 11:07:30,0.0,Cash,Failed
829,829,2026-06-18 10:23:10,374741.52,Debit Card,Success
830,830,2024-09-16 14:17:11,154723.48,Debit Card,Success
831,831,2026-05-25 21:05:30,578873.52,UPI,Success
832,832,2026-03-24 19:40:15,354454.12,Debit Card,Refunded
833,833,2026-06-21 19:00:46,133293.71,Debit Card,Success
834,834,2025-11-15 09:37:13,335305.72,Cash,Success
835,835,2025-09-21 11:28:37,201558.66,Cash,Success
836,836,2026-05-08 18:59:56,69453.48,Credit Card,Success
837,837,2026-06-30 09:11:25,551631.86,Credit Card,Success
838,838,2026-04-23 18:16:52,526330.41,UPI,Success
839,839,2025-12-01 20:05:14,139798.56,Credit Card,Refunded
840,840,2025-02-25 19:30:08,0.0,Credit Card,Failed
841,841,2026-06-14 19:21:45,152688.83,UPI,Success
842,842,2025-10-09 14:17:28,2229.92,Cash,Success
843,843,2026-06-08 14:26:26,335676.49,Credit Card,Success
844,844,2026-02-19 19:19:54,204897.47,Cash,Success
845,845,2026-06-07 20:03:42,194682.17,Debit Card,Success
846,846,2026-04-13 13:08:27,149837.67,Debit Card,Success
847,847,2026-06-22 16:37:18,86499.46,UPI,Success
848,848,2026-04-07 13:24:11,202473.49,UPI,Success
849,849,2025-08-19 18:33:22,331623.81,Debit Card,Success
850,850,2025-12-05 16:31:17,375468.21,Credit Card,Success
851,851,2026-06-14 21:19:41,241734.85,Credit Card,Success
852,852,2026-06-17 13:54:23,109840.29,Cash,Success
853,853,2026-06-30 21:26:47,279849.83,UPI,Success
854,854,2026-04-05 13:23:51,96026.3,Credit Card,Success
855,855,2026-06-23 18:46:51,89694.7,Debit Card,Success
856,856,2025-09-10 09:18:01,51192.11,UPI,Success
857,857,2026-06-01 18:23:00,429444.19,Cash,Success
858,858,2026-06-27 13:47:51,324534.39,Credit Card,Success
859,859,2026-04-18 18:42:36,566284.44,UPI,Success
860,860,2025-12-14 12:23:02,503457.42,Debit Card,Success
861,861,2026-04-15 14:39:14,336262.13,Debit Card,Success
862,862,2024-11-29 10:45:57,152565.73,UPI,Success
863,863,2024-11-18 16:32:34,422099.92,Credit Card,Refunded
864,864,2026-06-28 20:11:14,253682.63,Debit Card,Success
865,865,2026-06-02 13:07:58,179945.66,UPI,Success
866,866,2026-06-21 17:04:13,313297.87,Credit Card,Success
867,867,2025-05-15 21:26:50,186965.47,UPI,Success
868,868,2025-11-09 16:53:17,187400.99,UPI,Success
869,869,2026-06-28 17:01:13,494929.13,Debit Card,Success
870,870,2026-06-03 17:43:14,48863.03,Debit Card,Success
871,871,2025-10-31 14:51:28,423421.19,UPI,Success
872,872,2025-10-12 19:43:01,558740.24,UPI,Success
873,873,2025-08-19 20:12:46,172788.17,Credit Card,Success
874,874,2026-01-21 13:39:03,597810.64,Cash,Success
875,875,2025-03-22 10:47:58,81949.32,UPI,Success
876,876,2026-05-30 19:35:09,241654.62,Debit Card,Success
877,877,2025-08-03 15:10:10,223727.5,Credit Card,Success
878,878,2026-06-16 10:54:10,17997.86,UPI,Success
879,879,2026-06-22 12:51:52,233103.48,UPI,Success
880,880,2026-01-06 12:01:38,294398.54,Cash,Success
881,881,2025-11-13 11:42:53,398559.57,Credit Card,Success
882,882,2026-06-20 13:08:46,102557.91,Credit Card,Success
883,883,2026-02-03 13:25:49,526458.99,Cash,Success
884,884,2026-06-17 21:50:08,165867.42,UPI,Success
885,885,2025-09-02 17:32:25,148207.55,Credit Card,Success
886,886,2025-08-03 17:16:34,431108.04,Cash,Success
887,887,2024-12-24 18:00:38,292314.23,Cash,Success
888,888,2025-12-04 17:44:05,287102.66,Cash,Success
889,889,2024-10-09 09:36:31,18647.33,UPI,Success
890,890,2026-03-14 19:06:33,344286.25,Credit Card,Success
891,891,2026-06-16 20:51:20,37116.42,UPI,Success
892,892,2026-04-10 09:51:00,363333.47,Credit Card,Success
893,893,2025-11-04 21:51:01,329094.25,UPI,Success
894,894,2026-05-11 10:46:12,286824.1,Cash,Success
895,895,2026-06-25 09:54:40,141526.03,Credit Card,Success
896,896,2025-07-23 14:29:24,456496.9,UPI,Success
897,897,2026-01-25 13:16:05,181334.31,Debit Card,Success
898,898,2026-06-20 16:38:58,927516.99,Credit Card,Success
899,899,2026-04-25 18:52:02,298602.66,Credit Card,Success
900,900,2026-01-05 16:06:02,446831.89,Cash,Success
901,901,2026-06-12 12:32:22,330766.5,Debit Card,Success
902,902,2026-06-17 11:26:24,195452.13,UPI,Success
903,903,2026-06-12 17:24:20,326328.79,Debit Card,Success
904,904,2026-06-27 11:51:36,151534.59,Debit Card,Success
905,905,2026-06-30 16:07:26,181883.95,Cash,Success
906,906,2026-01-15 14:59:01,67044.73,UPI,Success
907,907,2025-12-15 11:09:03,157088.27,UPI,Success
908,908,2025-11-29 13:55:33,373142.55,Debit Card,Success
909,909,2026-06-15 19:55:16,0.0,Cash,Failed
910,910,2025-11-03 17:00:59,432110.76,Cash,Success
911,911,2026-06-07 17:42:04,694756.19,Cash,Success
912,912,2026-05-31 20:29:39,418607.51,Debit Card,Success
913,913,2026-06-13 19:43:42,960363.91,Debit Card,Success
914,914,2026-04-09 12:58:26,209186.06,Credit Card,Success
915,915,2026-06-07 10:20:49,186099.7,UPI,Success
916,916,2025-12-17 13:46:24,356589.95,Cash,Success
917,917,2026-06-23 13:58:55,0.0,Credit Card,Failed
918,918,2026-06-21 19:33:21,269966.98,Debit Card,Success
919,919,2026-04-09 19:09:30,75537.64,Credit Card,Success
920,920,2026-06-30 13:40:36,0.0,UPI,Failed
921,921,2026-06-16 20:15:23,712489.0,Credit Card,Success
922,922,2025-10-08 14:50:08,102234.82,Credit Card,Success
923,923,2026-06-16 20:23:02,27970.99,Cash,Success
924,924,2026-04-02 13:06:13,317283.59,UPI,Success
925,925,2025-07-13 17:23:37,599529.01,Credit Card,Success
926,926,2026-06-21 21:19:51,419131.75,Cash,Success
927,927,2026-02-25 17:38:46,548226.04,UPI,Success
928,928,2026-01-04 12:23:37,124038.04,Debit Card,Success
929,929,2026-03-04 11:30:41,288640.58,UPI,Success
930,930,2026-05-17 09:51:04,0.0,Debit Card,Failed
931,931,2026-06-23 17:34:48,0.0,Credit Card,Failed
932,932,2026-06-30 15:53:35,176615.23,Debit Card,Success
933,933,2025-10-26 11:16:52,0.0,UPI,Failed
934,934,2025-12-09 14:55:26,144431.59,Cash,Success
935,935,2025-09-02 09:16:44,149304.95,Credit Card,Success
936,936,2026-03-05 13:50:18,118985.47,Credit Card,Success
937,937,2026-06-14 18:48:13,266188.72,Cash,Success
938,938,2026-05-14 09:09:19,388268.34,Cash,Success
939,939,2026-06-23 10:43:18,373417.38,Cash,Success
940,940,2026-03-29 09:47:08,372089.87,Credit Card,Success
941,941,2026-05-20 20:18:13,407868.71,UPI,Success
942,942,2025-10-12 16:26:21,254522.78,Debit Card,Success
943,943,2026-06-15 20:53:54,159525.07,UPI,Success
944,944,2026-05-15 09:57:23,52041.34,Cash,Success
945,945,2026-05-21 17:00:25,377589.19,Credit Card,Success
946,946,2026-06-08 20:12:07,151052.46,Cash,Success
947,947,2026-05-08 13:05:03,335702.75,Cash,Success
948,948,2026-06-13 18:14:52,240903.31,UPI,Success
949,949,2026-06-24 10:29:47,574348.76,Cash,Success
950,950,2025-10-11 14:31:03,795130.15,Debit Card,Success
951,951,2026-04-24 18:08:31,33759.92,Cash,Success
952,952,2026-06-04 18:22:33,224285.09,Cash,Success
953,953,2026-01-10 12:27:57,266484.93,Credit Card,Success
954,954,2025-12-06 14:29:15,240274.66,Credit Card,Success
955,955,2025-05-27 09:20:14,86383.54,Credit Card,Success
956,956,2026-05-06 10:52:23,160546.74,Debit Card,Success
957,957,2024-10-30 17:33:36,462848.76,Debit Card,Success
958,958,2026-05-24 18:19:59,0.0,Credit Card,Failed
959,959,2026-04-28 15:49:38,70188.81,Credit Card,Success
960,960,2026-06-11 18:37:51,200277.35,Credit Card,Success
961,961,2026-05-29 17:47:38,374034.26,Credit Card,Success
962,962,2025-08-21 17:20:09,146040.06,UPI,Success
963,963,2026-04-29 18:20:09,543675.97,UPI,Success
964,964,2026-06-10 13:38:39,332188.87,Debit Card,Success
965,965,2025-09-07 10:18:53,344395.08,UPI,Success
966,966,2025-12-14 21:31:25,7163.77,Credit Card,Success
967,967,2026-06-04 20:05:35,74939.71,UPI,Success
968,968,2026-04-28 21:30:57,0.0,Cash,Failed
969,969,2025-10-31 17:50:14,397205.69,Debit Card,Success
970,970,2026-06-21 17:18:42,383871.04,Credit Card,Success
971,971,2026-05-26 10:01:22,0.0,Debit Card,Failed
972,972,2025-12-04 20:39:39,60760.8,Debit Card,Success
973,973,2026-01-07 18:58:22,667874.36,Credit Card,Success
974,974,2026-06-20 10:58:35,101263.38,UPI,Success
975,975,2026-06-21 11:00:53,507120.53,Debit Card,Success
976,976,2025-09-05 19:55:43,42961.77,Cash,Success
977,977,2026-06-30 15:06:48,63834.94,Credit Card,Success
978,978,2025-10-19 17:18:15,128313.66,Debit Card,Success
979,979,2026-05-11 19:59:02,663938.02,UPI,Success
980,980,2026-04-27 12:04:00,321294.91,UPI,Success
981,981,2026-06-20 15:06:03,341232.12,Cash,Success
982,982,2026-06-07 10:10:42,434285.58,UPI,Success
983,983,2026-06-02 10:29:33,144755.96,UPI,Success
984,984,2026-05-14 19:42:04,629398.17,Cash,Success
985,985,2026-01-30 21:18:55,594423.17,Credit Card,Success
986,986,2025-07-04 19:28:40,253213.64,UPI,Success
987,987,2026-06-28 13:26:01,514018.32,UPI,Success
988,988,2025-12-08 15:17:03,624817.85,UPI,Success
989,989,2026-04-18 15:53:55,369502.57,Credit Card,Success
990,990,2025-02-07 09:44:51,134303.97,UPI,Success
991,991,2026-06-02 17:01:24,384893.16,Debit Card,Success
992,992,2026-06-27 21:25:01,55352.67,Credit Card,Success
993,993,2026-01-04 10:14:12,473545.92,UPI,Success
994,994,2026-06-24 14:48:59,63391.74,UPI,Success
995,995,2026-02-25 16:41:59,512984.68,Credit Card,Success
996,996,2026-06-30 10:10:38,434066.85,Debit Card,Success
997,997,2026-06-27 12:54:32,0.0,Debit Card,Failed
998,998,2025-11-19 17:37:22,318178.32,UPI,Success
999,999,2025-05-06 19:41:18,276150.85,Cash,Success
1000,1000,2026-01-10 18:25:03,212561.94,UPI,Success
1001,1001,2026-04-12 10:33:17,542208.09,UPI,Success
1002,1002,2026-03-24 19:26:53,106969.35,Debit Card,Success
1003,1003,2025-08-08 16:55:50,348622.23,Debit Card,Success
1004,1004,2024-12-27 10:00:10,36560.46,UPI,Success
1005,1005,2026-04-27 11:08:40,699238.0,Credit Card,Success
1006,1006,2025-10-13 18:39:21,136773.06,Credit Card,Success
1007,1007,2026-06-22 12:50:27,242329.21,Debit Card,Success
1008,1008,2024-10-01 10:58:32,549556.29,Credit Card,Success
1009,1009,2026-06-01 14:24:36,185453.46,Credit Card,Success
1010,1010,2026-03-30 21:46:37,481824.14,Debit Card,Success
1011,1011,2026-06-02 16:40:44,330637.65,Credit Card,Success
1012,1012,2026-02-09 17:59:51,139780.74,Credit Card,Success
1013,1013,2026-06-29 09:33:34,20408.17,Credit Card,Success
1014,1014,2024-09-15 12:43:22,56747.5,Credit Card,Success
1015,1015,2026-06-25 09:55:21,274012.78,Cash,Success
1016,1016,2026-03-09 13:29:36,358940.73,Debit Card,Success
1017,1017,2025-07-21 18:16:20,392217.51,Credit Card,Success
1018,1018,2025-08-06 17:44:34,12982.08,Credit Card,Success
1019,1019,2026-02-11 18:39:18,710698.68,Cash,Success
1020,1020,2026-04-11 09:56:21,502840.27,Credit Card,Success
1021,1021,2026-05-08 17:37:46,159508.74,UPI,Success
1022,1022,2026-05-14 19:15:19,54623.66,Debit Card,Success
1023,1023,2026-04-27 17:38:40,262528.21,Cash,Success
1024,1024,2026-06-03 19:42:32,320963.32,Credit Card,Success
1025,1025,2026-06-19 19:29:05,13058.64,Cash,Success
1026,1026,2026-02-12 15:33:12,118503.54,Debit Card,Success
1027,1027,2026-01-03 18:29:17,105431.62,Credit Card,Success
1028,1028,2026-06-17 16:46:34,120254.06,Debit Card,Success
1029,1029,2026-04-06 15:41:31,392071.52,UPI,Success
1030,1030,2025-08-22 17:37:12,80948.73,Credit Card,Success
1031,1031,2026-06-02 14:49:33,0.0,Debit Card,Failed
1032,1032,2025-09-10 09:45:17,109409.52,Cash,Success
1033,1033,2026-06-19 15:51:39,228679.42,Cash,Success
1034,1034,2024-11-17 19:15:10,178732.41,Cash,Success
1035,1035,2025-09-13 13:22:11,0.0,UPI,Failed
1036,1036,2026-02-03 12:16:22,533321.56,Credit Card,Success
1037,1037,2026-06-27 12:48:08,279197.65,Cash,Success
1038,1038,2026-05-09 15:59:55,128915.33,Credit Card,Success
1039,1039,2026-06-07 15:13:16,96200.95,UPI,Success
1040,1040,2026-01-01 17:51:21,338258.22,Credit Card,Success
1041,1041,2026-04-05 15:17:36,88352.85,Debit Card,Success
1042,1042,2026-05-09 12:27:33,414055.25,Cash,Success
1043,1043,2026-06-08 17:11:35,28794.35,Debit Card,Success
1044,1044,2026-06-21 16:35:16,0.0,Debit Card,Failed
1045,1045,2025-05-06 09:49:20,369593.79,Credit Card,Success
1046,1046,2026-05-28 13:15:00,582531.41,UPI,Success
1047,1047,2026-06-28 19:59:32,173996.07,Debit Card,Success
1048,1048,2025-08-10 18:40:10,0.0,UPI,Failed
1049,1049,2025-03-01 18:19:17,291582.34,Credit Card,Success
1050,1050,2026-06-09 15:24:05,780423.95,UPI,Success
1051,1051,2026-06-24 12:10:13,199047.01,UPI,Success
1052,1052,2026-01-07 16:56:54,0.0,Credit Card,Failed
1053,1053,2026-01-13 14:05:01,0.0,Credit Card,Failed
1054,1054,2025-12-04 13:54:50,543685.59,Credit Card,Success
1055,1055,2026-06-15 15:46:33,0.0,Debit Card,Failed
1056,1056,2026-06-18 16:40:03,93930.29,Debit Card,Success
1057,1057,2025-10-24 13:30:08,37481.14,Cash,Success
1058,1058,2026-04-17 12:00:08,0.0,UPI,Failed
1059,1059,2026-06-01 09:30:55,621799.43,UPI,Success
1060,1060,2026-06-29 16:24:19,702305.59,Cash,Success
1061,1061,2026-01-05 17:31:47,154632.78,Debit Card,Success
1062,1062,2026-05-11 18:36:23,154980.68,UPI,Success
1063,1063,2026-05-24 11:37:08,158186.41,Debit Card,Success
1064,1064,2026-05-08 21:45:27,430361.62,Cash,Refunded
1065,1065,2026-02-25 09:16:51,136864.99,Debit Card,Success
1066,1066,2026-03-12 12:13:41,183082.09,Cash,Success
1067,1067,2026-05-30 15:01:20,335521.67,UPI,Success
1068,1068,2026-06-24 09:39:13,264607.12,Cash,Success
1069,1069,2025-05-10 13:21:18,345701.61,Cash,Success
1070,1070,2026-01-30 18:49:45,288642.05,Credit Card,Success
1071,1071,2024-11-25 15:32:57,283389.86,UPI,Success
1072,1072,2026-06-01 15:10:47,0.0,Credit Card,Failed
1073,1073,2026-06-20 20:19:58,577909.86,Credit Card,Success
1074,1074,2026-06-20 21:57:11,230268.13,Credit Card,Success
1075,1075,2025-11-19 13:02:04,533993.92,Debit Card,Success
1076,1076,2026-06-25 13:44:05,322912.11,Debit Card,Success
1077,1077,2026-02-26 12:32:16,991306.22,UPI,Success
1078,1078,2026-04-11 14:09:34,419047.98,Debit Card,Success
1079,1079,2026-05-31 19:32:11,48931.94,Credit Card,Success
1080,1080,2026-06-15 14:25:47,0.0,UPI,Failed
1081,1081,2026-03-01 11:28:09,228531.32,Cash,Success
1082,1082,2025-12-04 18:15:32,295537.04,Debit Card,Success
1083,1083,2026-02-22 16:02:42,242505.04,UPI,Success
1084,1084,2026-06-18 17:56:11,218337.87,UPI,Success
1085,1085,2026-06-19 10:31:43,79125.73,UPI,Success
1086,1086,2026-06-11 19:43:11,0.0,Cash,Failed
1087,1087,2025-06-28 11:18:36,0.0,Cash,Failed
1088,1088,2026-03-10 11:14:46,552239.62,UPI,Success
1089,1089,2025-12-19 19:23:15,389768.5,Cash,Success
1090,1090,2026-06-21 19:28:44,0.0,Cash,Failed
1091,1091,2026-02-01 17:24:17,486866.34,Debit Card,Success
1092,1092,2026-06-28 12:13:51,146277.58,Credit Card,Success
1093,1093,2026-01-30 13:57:16,205087.36,Cash,Success
1094,1094,2026-06-14 20:56:07,191469.04,Cash,Success
1095,1095,2025-05-09 11:45:11,415701.94,Credit Card,Success
1096,1096,2026-05-24 20:06:38,29047.14,Cash,Success
1097,1097,2026-06-30 10:23:31,462909.04,Cash,Success
1098,1098,2026-06-19 18:08:33,310788.79,Cash,Success
1099,1099,2026-04-08 10:18:50,245532.04,Credit Card,Success
1100,1100,2026-06-26 12:16:02,621114.74,Debit Card,Success
1101,1101,2026-06-06 19:01:43,247598.39,Cash,Success
1102,1102,2026-01-12 19:17:44,203537.31,Debit Card,Success
1103,1103,2026-05-13 17:30:11,282417.52,Credit Card,Success
1104,1104,2026-05-28 12:04:17,0.0,Credit Card,Failed
1105,1105,2026-01-25 10:54:36,259437.7,Debit Card,Success
1106,1106,2026-06-15 10:25:53,56747.5,Cash,Success
1107,1107,2025-12-18 21:10:41,48253.56,Debit Card,Success
1108,1108,2026-05-31 09:13:19,810108.94,Debit Card,Success
1109,1109,2026-03-08 12:12:39,93076.7,UPI,Success
1110,1110,2026-02-07 16:11:13,235159.66,Cash,Success
1111,1111,2026-06-17 11:31:03,174145.96,UPI,Success
1112,1112,2025-06-25 11:08:55,278915.23,UPI,Success
1113,1113,2026-03-12 21:44:08,161184.81,Debit Card,Success
1114,1114,2026-05-13 10:29:25,28887.47,Debit Card,Success
1115,1115,2025-06-29 18:54:02,215748.24,Debit Card,Success
1116,1116,2026-06-30 12:14:59,203928.95,Credit Card,Success
1117,1117,2026-06-22 18:17:27,155601.96,Debit Card,Success
1118,1118,2026-03-09 16:49:56,204279.17,Credit Card,Success
1119,1119,2026-05-12 11:56:50,185088.3,Debit Card,Success
1120,1120,2026-06-14 21:44:43,60118.51,UPI,Success
1121,1121,2026-06-01 09:37:42,65396.2,Credit Card,Success
1122,1122,2026-04-24 15:09:01,90851.7,Credit Card,Success
1123,1123,2025-09-24 20:27:53,12930.55,Cash,Success
1124,1124,2025-10-24 20:43:36,216133.87,Cash,Success
1125,1125,2026-06-06 09:58:06,114065.97,Cash,Success
1126,1126,2026-06-22 12:29:59,154281.25,Cash,Success
1127,1127,2026-03-09 13:57:59,454656.14,Credit Card,Success
1128,1128,2024-11-27 20:52:09,0.0,Credit Card,Failed
1129,1129,2026-01-27 10:29:39,75526.23,UPI,Success
1130,1130,2025-01-19 09:20:38,202482.93,UPI,Success
1131,1131,2026-02-12 16:01:37,0.0,Debit Card,Failed
1132,1132,2026-05-30 17:49:57,229211.74,Credit Card,Success
1133,1133,2026-06-26 19:03:14,254548.31,Credit Card,Success
1134,1134,2026-05-08 09:10:01,441292.06,Credit Card,Success
1135,1135,2026-06-14 19:02:49,69442.15,Credit Card,Success
1136,1136,2026-05-30 14:35:37,193590.89,UPI,Success
1137,1137,2026-06-14 11:17:16,52319.22,Cash,Success
1138,1138,2025-08-25 15:06:07,0.0,Debit Card,Failed
1139,1139,2026-06-26 21:35:07,0.0,Cash,Failed
1140,1140,2026-06-10 12:16:28,124719.14,Credit Card,Success
1141,1141,2026-06-19 15:36:02,80924.4,UPI,Success
1142,1142,2026-06-28 10:19:37,0.0,UPI,Failed
1143,1143,2026-06-15 16:08:12,314143.55,Debit Card,Success
1144,1144,2025-11-20 09:32:45,58392.3,Credit Card,Success
1145,1145,2025-09-16 17:22:31,114999.17,Credit Card,Success
1146,1146,2026-06-02 20:22:01,0.0,UPI,Failed
1147,1147,2025-12-12 17:50:22,177100.18,UPI,Success
1148,1148,2026-06-11 16:10:13,138649.67,Debit Card,Success
1149,1149,2026-06-27 22:01:49,151262.61,Cash,Success
1150,1150,2024-12-03 16:04:25,426123.52,Credit Card,Success
1151,1151,2026-06-16 17:23:53,93195.11,Debit Card,Success
1152,1152,2025-08-02 09:25:25,236094.86,Credit Card,Success
1153,1153,2026-06-26 18:02:48,250305.1,Credit Card,Success
1154,1154,2026-06-04 16:46:29,463432.78,Debit Card,Success
1155,1155,2026-05-28 19:25:37,170582.83,Debit Card,Success
1156,1156,2026-06-21 21:52:54,85239.28,Cash,Success
1157,1157,2026-04-07 14:17:42,708656.14,Debit Card,Refunded
1158,1158,2026-06-02 13:46:38,401123.58,Cash,Success
1159,1159,2026-05-24 15:54:38,88123.24,Credit Card,Success
1160,1160,2026-04-12 10:22:29,282519.41,UPI,Success
1161,1161,2026-06-26 18:45:47,253115.2,Credit Card,Success
1162,1162,2024-08-02 11:15:31,539058.35,Credit Card,Success
1163,1163,2026-05-05 13:23:14,491248.34,UPI,Success
1164,1164,2026-06-06 12:49:44,0.0,Credit Card,Failed
1165,1165,2026-03-24 18:31:51,0.0,Cash,Failed
1166,1166,2025-06-07 15:59:42,338168.92,UPI,Success
1167,1167,2026-04-06 16:56:57,471606.84,UPI,Success
1168,1168,2026-06-27 10:00:10,229692.76,Debit Card,Success
1169,1169,2026-06-16 13:14:54,0.0,Debit Card,Failed
1170,1170,2026-06-02 14:47:44,152470.7,Debit Card,Success
1171,1171,2026-05-25 10:07:28,0.0,UPI,Failed
1172,1172,2026-04-24 19:43:18,299887.11,Cash,Success
1173,1173,2026-06-19 16:04:16,400669.6,Debit Card,Success
1174,1174,2025-11-26 14:35:32,33420.77,Debit Card,Success
1175,1175,2026-03-07 14:29:59,0.0,Credit Card,Failed
1176,1176,2026-06-11 17:04:26,255258.33,Cash,Success
1177,1177,2026-06-23 11:58:12,215636.08,Debit Card,Success
1178,1178,2026-05-28 10:58:41,81235.47,Credit Card,Success
1179,1179,2026-05-26 19:54:37,545033.39,Debit Card,Success
1180,1180,2026-06-06 17:11:29,229490.33,Debit Card,Success
1181,1181,2026-06-29 09:19:02,36907.83,Cash,Success
1182,1182,2025-11-16 21:12:50,94334.38,Credit Card,Success
1183,1183,2026-06-02 17:06:35,214094.57,Cash,Success
1184,1184,2026-05-13 21:46:35,47723.97,UPI,Success
1185,1185,2026-01-04 10:58:59,71717.37,Debit Card,Success
1186,1186,2026-06-17 19:30:11,115489.75,UPI,Success
1187,1187,2025-08-29 18:28:24,197249.78,UPI,Success
1188,1188,2026-06-21 09:21:28,272271.29,Credit Card,Success
1189,1189,2026-06-14 11:41:21,595948.23,Credit Card,Success
1190,1190,2025-12-09 21:21:52,243043.18,Debit Card,Success
1191,1191,2025-08-03 17:42:50,240992.03,Debit Card,Success
1192,1192,2026-06-23 12:43:02,76531.59,Cash,Success
1193,1193,2026-06-07 11:51:33,533500.93,UPI,Success
1194,1194,2026-06-14 18:59:04,618.84,Cash,Success
1195,1195,2026-04-10 21:47:15,1018246.21,UPI,Success
1196,1196,2026-06-13 12:52:26,487903.08,Debit Card,Success
1197,1197,2026-02-10 09:24:11,212068.1,UPI,Refunded
1198,1198,2025-08-30 17:42:06,307383.62,Credit Card,Success
1199,1199,2024-09-22 11:26:58,0.0,Debit Card,Failed
1200,1200,2026-04-25 13:17:39,238437.76,Cash,Success
1201,1201,2026-06-09 12:48:18,142864.85,Cash,Success
1202,1202,2026-05-02 10:38:48,367728.38,UPI,Success
1203,1203,2026-06-08 17:16:44,100051.7,UPI,Success
1204,1204,2025-11-18 17:59:46,0.0,Cash,Failed
1205,1205,2025-09-29 10:18:05,239090.35,UPI,Success
1206,1206,2026-02-08 14:41:11,170586.19,Credit Card,Success
1207,1207,2026-06-29 15:40:42,255798.64,Credit Card,Success
1208,1208,2026-03-22 18:28:44,363539.88,Credit Card,Success
1209,1209,2026-05-25 18:23:44,78464.62,Credit Card,Success
1210,1210,2026-06-19 13:24:51,146928.74,Debit Card,Success
1211,1211,2026-06-18 20:43:43,145227.06,Credit Card,Success
1212,1212,2026-01-29 12:48:59,404880.56,Cash,Success
1213,1213,2025-01-06 10:35:05,39011.21,Debit Card,Success
1214,1214,2026-05-15 17:52:49,75398.4,Cash,Success
1215,1215,2026-03-13 12:32:45,330022.51,Cash,Success
1216,1216,2025-10-01 14:39:03,222187.4,Credit Card,Success
1217,1217,2025-11-10 21:15:19,433510.39,Cash,Success
1218,1218,2026-04-13 14:03:24,258403.46,UPI,Refunded
1219,1219,2026-04-19 18:30:27,441299.66,UPI,Success
1220,1220,2026-06-09 11:07:52,424724.79,Credit Card,Success
1221,1221,2026-06-28 14:40:48,132559.45,Credit Card,Success
1222,1222,2025-12-13 16:55:19,190370.16,Debit Card,Success
1223,1223,2026-06-17 21:48:01,350905.78,Cash,Success
1224,1224,2026-06-07 21:28:56,646915.54,Credit Card,Success
1225,1225,2024-08-02 21:30:21,477060.38,Cash,Success
1226,1226,2026-06-24 18:41:22,375458.28,Debit Card,Success
1227,1227,2026-05-19 12:03:11,220025.94,Debit Card,Success
1228,1228,2026-06-03 16:00:30,588940.71,Cash,Success
1229,1229,2026-04-24 21:21:39,310095.09,Cash,Success
1230,1230,2026-06-19 13:46:06,908510.54,Cash,Success
1231,1231,2025-08-23 18:01:33,9862.96,Credit Card,Success
1232,1232,2025-04-22 10:40:37,529894.85,UPI,Success
1233,1233,2026-06-14 17:09:12,331386.89,Debit Card,Success
1234,1234,2026-06-23 21:59:00,0.0,Debit Card,Failed
1235,1235,2026-06-25 15:51:16,75238.48,Cash,Success
1236,1236,2026-05-10 11:48:07,11192.24,UPI,Success
1237,1237,2026-03-30 20:57:56,3472.03,UPI,Success
1238,1238,2026-06-19 21:41:03,116584.26,Debit Card,Success
1239,1239,2025-09-09 14:20:32,255726.02,Debit Card,Success
1240,1240,2026-06-21 17:30:56,234866.21,Debit Card,Success
1241,1241,2026-05-09 09:45:27,216588.99,Debit Card,Success
1242,1242,2026-06-21 16:25:47,445858.6,Credit Card,Success
1243,1243,2024-07-30 11:13:09,0.0,Credit Card,Failed
1244,1244,2026-06-24 21:56:46,0.0,Credit Card,Failed
1245,1245,2025-12-31 17:03:49,66674.84,Credit Card,Success
1246,1246,2026-02-22 19:48:47,296351.28,Credit Card,Success
1247,1247,2026-06-30 17:39:24,182922.43,Debit Card,Success
1248,1248,2026-06-25 20:01:41,152091.01,UPI,Success
1249,1249,2026-05-17 21:30:15,33863.98,Credit Card,Success
1250,1250,2026-06-02 15:47:50,0.0,UPI,Failed
1251,1251,2026-06-17 11:18:39,293735.55,Cash,Success
1252,1252,2025-05-11 09:07:54,322109.91,Cash,Success
1253,1253,2026-06-07 10:47:55,421657.26,Debit Card,Success
1254,1254,2026-05-13 11:01:27,596016.76,Cash,Success
1255,1255,2026-06-11 19:33:16,432082.32,Credit Card,Success
1256,1256,2026-03-25 17:59:23,27585.58,Debit Card,Success
1257,1257,2025-12-26 20:57:35,316646.16,Cash,Success
1258,1258,2026-05-10 21:51:42,354889.15,Credit Card,Success
1259,1259,2025-05-20 17:38:32,62461.85,Cash,Success
1260,1260,2026-04-03 21:43:36,520670.92,Cash,Success
1261,1261,2026-06-15 13:29:30,333836.8,UPI,Success
1262,1262,2026-03-08 13:55:28,179622.41,Credit Card,Success
1263,1263,2026-05-28 21:12:55,144814.23,Cash,Success
1264,1264,2025-12-08 11:27:08,740059.59,Credit Card,Success
1265,1265,2026-03-24 16:11:33,8289.0,UPI,Success
1266,1266,2026-05-15 10:47:42,247051.25,Debit Card,Success
1267,1267,2026-06-08 11:41:55,379424.86,Cash,Success
1268,1268,2026-05-01 12:15:09,806397.46,Credit Card,Success
1269,1269,2026-06-19 12:16:56,0.0,Debit Card,Failed
1270,1270,2026-04-24 16:32:24,112264.03,Credit Card,Success
1271,1271,2026-05-20 20:33:07,0.0,Credit Card,Failed
1272,1272,2025-09-18 14:33:50,503444.59,UPI,Success
1273,1273,2026-02-13 14:08:20,508598.46,Credit Card,Success
1274,1274,2026-06-30 21:06:50,353237.66,Debit Card,Success
1275,1275,2026-06-16 11:18:20,442713.03,UPI,Success
1276,1276,2025-03-02 09:03:12,53119.78,Cash,Success
1277,1277,2025-10-18 09:30:52,367334.09,UPI,Success
1278,1278,2026-06-15 10:29:01,61199.12,Credit Card,Success
1279,1279,2026-06-19 15:25:05,469600.33,Credit Card,Success
1280,1280,2026-06-20 14:29:55,806257.71,Cash,Success
1281,1281,2025-11-28 09:54:28,159548.33,UPI,Success
1282,1282,2026-06-12 21:43:30,0.0,Cash,Failed
1283,1283,2026-06-21 17:58:12,357387.63,UPI,Success
1284,1284,2026-05-22 11:33:34,212358.48,Cash,Success
1285,1285,2026-02-06 15:45:29,655843.65,UPI,Success
1286,1286,2026-05-26 17:36:57,61777.17,Credit Card,Success
1287,1287,2026-06-03 19:51:31,264100.48,Cash,Success
1288,1288,2026-06-12 21:41:27,79318.9,UPI,Success
1289,1289,2026-05-17 17:04:24,0.0,Debit Card,Failed
1290,1290,2026-03-15 10:09:27,59331.89,UPI,Success
1291,1291,2026-06-28 19:36:36,374489.57,Debit Card,Success
1292,1292,2025-03-25 13:06:35,326335.74,Debit Card,Success
1293,1293,2025-03-13 10:51:29,497666.71,Credit Card,Success
1294,1294,2026-06-28 16:34:18,141282.93,UPI,Success
1295,1295,2026-04-08 13:32:38,530516.91,Cash,Success
1296,1296,2026-06-18 13:06:38,13709.32,Cash,Success
1297,1297,2024-12-15 11:12:09,62105.38,Credit Card,Success
1298,1298,2026-06-15 09:59:45,48761.1,Cash,Success
1299,1299,2026-05-03 20:31:17,70454.2,Credit Card,Success
1300,1300,2025-09-17 19:27:23,237803.56,Cash,Success
1301,1301,2026-02-11 21:37:08,0.0,UPI,Failed
1302,1302,2025-07-18 16:58:00,419736.69,Cash,Success
1303,1303,2025-12-14 19:26:14,53774.03,Debit Card,Success
1304,1304,2026-06-09 09:32:10,256700.01,UPI,Success
1305,1305,2026-04-29 17:19:58,153533.15,Cash,Success
1306,1306,2025-12-01 09:12:31,151313.52,Debit Card,Success
1307,1307,2025-08-09 20:24:45,573840.18,Cash,Success
1308,1308,2024-05-31 16:03:34,438903.65,Debit Card,Success
1309,1309,2026-05-06 16:14:03,391863.89,Debit Card,Success
1310,1310,2025-11-21 10:40:23,0.0,UPI,Failed
1311,1311,2026-06-17 21:08:52,222020.59,Credit Card,Success
1312,1312,2026-04-24 20:59:02,231408.07,Cash,Success
1313,1313,2026-05-15 18:18:12,0.0,Debit Card,Failed
1314,1314,2026-06-24 19:02:00,0.0,Debit Card,Failed
1315,1315,2025-11-18 18:54:19,781889.83,Debit Card,Success
1316,1316,2026-01-27 21:46:09,30235.28,Credit Card,Success
1317,1317,2026-05-16 17:38:13,496803.15,Cash,Success
1318,1318,2026-06-20 13:18:30,280988.46,Debit Card,Success
1319,1319,2025-11-30 18:51:46,220393.11,Credit Card,Success
1320,1320,2025-12-23 21:37:05,397077.71,UPI,Success
1321,1321,2025-07-25 13:28:02,511550.57,Credit Card,Success
1322,1322,2025-07-10 19:17:04,169063.7,Credit Card,Success
1323,1323,2026-06-05 13:36:48,206338.1,Credit Card,Success
1324,1324,2026-06-14 17:08:25,461891.86,UPI,Success
1325,1325,2026-06-22 16:21:37,223474.25,Debit Card,Success
1326,1326,2026-06-15 17:13:35,224036.38,Cash,Success
1327,1327,2026-06-13 22:03:40,0.0,Credit Card,Failed
1328,1328,2026-06-29 09:30:21,490647.5,Credit Card,Success
1329,1329,2025-08-11 15:28:28,320289.94,UPI,Success
1330,1330,2026-06-26 11:20:36,228806.37,Credit Card,Success
1331,1331,2026-01-17 18:03:21,428285.91,Credit Card,Success
1332,1332,2026-06-29 19:50:19,102597.24,Credit Card,Success
1333,1333,2024-10-17 10:14:06,203496.63,Cash,Success
1334,1334,2026-05-27 11:26:51,465124.29,Debit Card,Success
1335,1335,2026-02-05 09:44:44,69832.42,Credit Card,Success
1336,1336,2026-06-26 15:08:14,709676.83,UPI,Success
1337,1337,2026-03-21 10:47:11,313010.58,Credit Card,Refunded
1338,1338,2026-06-19 17:00:20,21806.06,Credit Card,Success
1339,1339,2024-10-14 09:18:55,593590.92,Cash,Success
1340,1340,2025-12-02 14:08:21,290742.65,Credit Card,Success
1341,1341,2026-06-16 21:51:43,310213.61,Credit Card,Success
1342,1342,2026-02-26 09:30:18,0.0,UPI,Failed
1343,1343,2026-05-06 16:52:12,81773.54,Debit Card,Success
1344,1344,2025-09-13 20:56:37,217051.28,UPI,Success
1345,1345,2026-02-10 22:00:04,0.0,Debit Card,Failed
1346,1346,2026-06-25 12:23:49,262702.42,Debit Card,Success
1347,1347,2025-10-16 09:23:22,670074.0,UPI,Success
1348,1348,2026-03-02 09:35:39,100816.37,Cash,Success
1349,1349,2026-04-16 17:26:40,86208.72,Credit Card,Success
1350,1350,2026-05-19 18:59:11,0.0,UPI,Failed
1351,1351,2026-06-30 14:49:36,50256.79,Credit Card,Success
1352,1352,2026-06-03 09:04:26,0.0,Cash,Failed
1353,1353,2026-02-28 09:32:36,296127.47,UPI,Success
1354,1354,2025-06-05 17:29:45,139813.35,Cash,Success
1355,1355,2025-05-17 16:36:17,440304.33,Debit Card,Success
1356,1356,2026-01-01 18:55:18,211166.63,Cash,Success
1357,1357,2026-06-01 09:33:31,118736.5,Credit Card,Success
1358,1358,2026-01-31 14:02:13,240388.6,Debit Card,Success
1359,1359,2025-07-25 16:23:24,247055.08,Credit Card,Success
1360,1360,2024-10-10 13:14:29,585451.69,Cash,Success
1361,1361,2026-03-16 11:48:36,239327.59,Credit Card,Success
1362,1362,2025-09-02 14:58:06,215564.38,Debit Card,Success
1363,1363,2026-06-11 09:51:57,347650.15,Debit Card,Success
1364,1364,2026-01-28 12:01:40,257242.17,Debit Card,Success
1365,1365,2026-06-25 13:19:00,75133.37,Credit Card,Success
1366,1366,2026-06-26 15:31:14,440051.75,Debit Card,Success
1367,1367,2025-01-18 19:25:59,251694.14,Credit Card,Success
1368,1368,2026-06-10 21:40:28,39716.04,UPI,Success
1369,1369,2026-01-19 11:44:47,22399.33,Debit Card,Success
1370,1370,2026-05-27 09:19:53,144179.31,Credit Card,Success
1371,1371,2026-06-26 10:00:44,211100.83,UPI,Success
1372,1372,2026-06-03 13:32:29,310309.63,Debit Card,Success
1373,1373,2024-02-22 16:12:05,326059.9,Cash,Success
1374,1374,2026-02-20 21:37:00,54098.19,Credit Card,Success
1375,1375,2026-01-16 19:58:38,338862.25,UPI,Success
1376,1376,2026-06-30 21:14:33,6774.73,Cash,Success
1377,1377,2026-05-26 18:11:27,359323.1,Debit Card,Success
1378,1378,2025-06-24 17:32:21,394355.15,Debit Card,Success
1379,1379,2025-12-14 18:54:29,285636.77,Cash,Success
1380,1380,2025-12-09 17:42:02,535375.22,Cash,Success
1381,1381,2026-05-21 16:43:48,130118.34,Credit Card,Success
1382,1382,2025-06-11 17:31:38,0.0,Debit Card,Failed
1383,1383,2025-12-10 21:38:17,706279.44,UPI,Success
1384,1384,2026-06-10 10:35:08,259067.22,Cash,Success
1385,1385,2025-07-17 09:12:35,167840.07,UPI,Success
1386,1386,2026-04-17 12:10:42,0.0,Credit Card,Failed
1387,1387,2026-05-12 13:38:17,347664.04,UPI,Success
1388,1388,2025-03-17 10:33:23,544409.2,Credit Card,Success
1389,1389,2026-02-16 20:48:47,0.0,UPI,Failed
1390,1390,2026-06-13 14:05:45,132014.97,Debit Card,Success
1391,1391,2026-06-18 20:33:31,132840.58,Debit Card,Success
1392,1392,2025-04-02 14:52:12,0.0,Debit Card,Failed
1393,1393,2026-06-07 10:28:21,482697.82,Debit Card,Success
1394,1394,2026-05-02 09:48:52,422308.83,UPI,Success
1395,1395,2026-05-20 16:34:29,305215.37,Credit Card,Success
1396,1396,2026-03-31 17:18:08,97957.35,Cash,Success
1397,1397,2025-07-12 18:07:26,348937.46,Debit Card,Success
1398,1398,2025-11-16 16:25:24,395431.56,UPI,Success
1399,1399,2025-08-28 11:00:01,90844.64,Debit Card,Success
1400,1400,2025-11-25 10:41:24,289844.46,Credit Card,Success
1401,1401,2025-06-23 10:35:31,0.0,Credit Card,Failed
1402,1402,2026-06-18 14:56:26,205058.59,Debit Card,Success
1403,1403,2026-05-28 15:23:44,382020.62,UPI,Success
1404,1404,2026-06-30 21:30:23,1015710.19,UPI,Success
1405,1405,2026-06-28 21:52:16,6689.75,UPI,Success
1406,1406,2026-06-24 12:45:19,261663.54,UPI,Success
1407,1407,2026-04-23 15:32:00,178257.61,UPI,Success
1408,1408,2026-06-24 12:14:54,348912.87,UPI,Success
1409,1409,2026-05-31 13:14:16,318522.83,Debit Card,Success
1410,1410,2026-06-21 20:24:41,25130.21,UPI,Success
1411,1411,2026-04-26 10:50:32,576538.21,Debit Card,Success
1412,1412,2026-06-07 20:37:38,0.0,UPI,Failed
1413,1413,2026-06-27 11:49:15,44062.93,UPI,Success
1414,1414,2025-11-15 19:39:36,7236.92,Cash,Success
1415,1415,2026-01-09 14:55:15,663165.79,Debit Card,Success
1416,1416,2026-06-05 14:48:03,302938.8,UPI,Success
1417,1417,2025-08-09 13:02:02,152361.26,Cash,Success
1418,1418,2026-06-25 19:36:31,328830.74,Cash,Success
1419,1419,2026-01-12 16:53:46,146502.79,Debit Card,Success
1420,1420,2026-01-16 14:55:29,99878.15,Debit Card,Success
1421,1421,2025-11-28 12:29:15,121587.01,Cash,Success
1422,1422,2026-06-19 16:05:46,61324.6,Credit Card,Success
1423,1423,2026-06-22 13:02:17,305911.05,Cash,Success
1424,1424,2026-06-12 09:41:44,249327.69,Credit Card,Success
1425,1425,2026-06-17 10:58:21,342831.51,Debit Card,Success
1426,1426,2025-09-30 21:29:36,502871.87,Cash,Success
1427,1427,2025-02-10 10:57:59,517595.84,Credit Card,Success
1428,1428,2025-02-27 12:24:49,64454.07,Debit Card,Success
1429,1429,2026-05-26 11:00:52,247125.18,UPI,Success
1430,1430,2026-06-15 18:14:15,104865.1,Cash,Success
1431,1431,2026-06-14 21:21:56,380537.49,UPI,Success
1432,1432,2026-06-03 18:29:14,412958.77,Cash,Success
1433,1433,2026-06-13 09:10:34,350462.76,Debit Card,Success
1434,1434,2026-06-30 15:08:10,86743.46,Cash,Success
1435,1435,2026-06-28 11:06:59,331729.78,Cash,Success
1436,1436,2025-07-06 19:25:47,477363.73,Cash,Success
1437,1437,2025-03-03 13:56:43,342081.94,Credit Card,Success
1438,1438,2026-02-05 16:13:41,0.0,Credit Card,Failed
1439,1439,2025-11-04 20:43:26,52604.38,Cash,Success
1440,1440,2026-02-09 16:36:28,460184.7,Credit Card,Success
1441,1441,2026-06-15 15:20:12,235098.73,Cash,Success
1442,1442,2026-06-28 10:05:48,85272.82,Debit Card,Success
1443,1443,2026-04-17 17:10:01,107802.11,Cash,Success
1444,1444,2026-06-02 10:08:09,819819.66,Debit Card,Success
1445,1445,2024-12-02 13:15:20,277612.28,UPI,Success
1446,1446,2025-11-01 09:48:19,108850.91,Credit Card,Success
1447,1447,2025-10-26 21:32:33,278055.42,Cash,Success
1448,1448,2026-06-19 09:20:07,85360.73,UPI,Success
1449,1449,2026-06-23 11:35:49,162677.69,Cash,Success
1450,1450,2026-01-06 18:49:40,389594.92,Debit Card,Success
1451,1451,2025-06-02 20:27:39,455455.16,Debit Card,Success
1452,1452,2026-04-20 13:01:15,68371.94,Credit Card,Success
1453,1453,2026-05-14 16:24:44,175911.27,Credit Card,Success
1454,1454,2025-10-28 13:32:54,716220.61,Cash,Success
1455,1455,2026-04-08 14:17:08,52543.83,UPI,Success
1456,1456,2026-06-25 09:39:25,197856.58,Cash,Success
1457,1457,2025-12-21 17:21:24,412831.15,Credit Card,Success
1458,1458,2026-06-19 12:32:02,765391.45,Debit Card,Success
1459,1459,2026-06-26 10:32:41,396546.93,Credit Card,Success
1460,1460,2025-06-13 20:13:54,274456.4,Credit Card,Success
1461,1461,2026-04-08 20:56:16,126636.51,Debit Card,Success
1462,1462,2026-06-05 12:22:28,630156.59,Credit Card,Success
1463,1463,2026-01-09 20:11:09,0.0,Debit Card,Failed
1464,1464,2025-07-15 19:15:48,153609.44,Cash,Success
1465,1465,2026-04-10 19:57:47,473442.02,UPI,Success
1466,1466,2026-02-18 20:03:11,268240.13,UPI,Success
1467,1467,2026-06-02 15:15:52,353997.31,Debit Card,Success
1468,1468,2026-05-20 10:05:24,281588.43,Cash,Success
1469,1469,2026-05-02 21:24:04,300768.52,Debit Card,Success
1470,1470,2026-04-08 15:48:50,277853.97,UPI,Success
1471,1471,2024-10-04 16:50:20,743470.99,Debit Card,Success
1472,1472,2026-06-29 17:26:09,0.0,Credit Card,Failed
1473,1473,2026-06-26 11:35:42,287202.87,Credit Card,Success
1474,1474,2026-05-28 12:41:53,195227.57,UPI,Success
1475,1475,2026-06-03 14:48:17,283347.62,Credit Card,Success
1476,1476,2026-06-09 18:08:51,112483.65,Cash,Success
1477,1477,2026-03-07 10:32:46,334025.13,Cash,Success
1478,1478,2026-05-31 15:20:01,20231.1,Debit Card,Success
1479,1479,2026-06-26 18:14:37,621116.73,Cash,Success
1480,1480,2026-02-17 09:40:51,0.0,Cash,Failed
1481,1481,2025-07-04 15:18:42,0.0,Credit Card,Failed
1482,1482,2026-03-30 10:09:46,414939.26,Cash,Success
1483,1483,2026-05-02 18:20:48,513706.86,Cash,Success
1484,1484,2025-09-18 17:41:41,395078.27,UPI,Success
1485,1485,2026-06-18 10:16:27,173859.35,Debit Card,Success
1486,1486,2026-06-07 18:50:11,295438.67,Credit Card,Success
1487,1487,2026-05-27 16:29:44,97905.91,Debit Card,Success
1488,1488,2026-06-29 17:27:22,114888.54,UPI,Success
1489,1489,2026-06-07 20:51:19,304259.11,UPI,Success
1490,1490,2026-06-24 13:18:01,0.0,Debit Card,Failed
1491,1491,2026-05-29 14:19:14,25111.96,UPI,Success
1492,1492,2025-01-22 14:58:01,310661.86,Cash,Success
1493,1493,2026-05-23 13:45:40,231875.57,Cash,Success
1494,1494,2026-04-07 20:05:00,230350.9,Credit Card,Success
1495,1495,2026-03-09 13:23:34,208597.17,Cash,Success
1496,1496,2025-12-16 18:31:37,680105.38,Cash,Success
1497,1497,2025-07-06 12:28:56,638405.65,Debit Card,Success
1498,1498,2025-08-16 09:09:26,203558.33,Cash,Success
1499,1499,2026-06-13 12:11:37,253918.34,Debit Card,Success
1500,1500,2026-05-31 18:18:29,218056.99,Debit Card,Success
1501,1501,2026-04-06 18:47:24,47808.8,Cash,Success
1502,1502,2025-09-27 18:35:46,0.0,Credit Card,Failed
1503,1503,2026-06-06 17:20:29,513171.85,UPI,Success
1504,1504,2026-06-10 11:04:20,105029.35,Debit Card,Success
1505,1505,2026-05-02 15:27:59,788401.39,Cash,Success
1506,1506,2026-06-14 14:50:16,102617.11,Cash,Success
1507,1507,2026-05-07 12:27:45,308658.82,Debit Card,Success
1508,1508,2026-06-14 10:27:36,269789.97,Cash,Success
1509,1509,2026-05-29 21:03:16,34984.03,Cash,Success
1510,1510,2026-06-19 14:04:26,249324.01,Debit Card,Success
1511,1511,2026-06-26 11:19:03,305543.87,Cash,Success
1512,1512,2026-06-25 21:01:13,3012.3,Debit Card,Refunded
1513,1513,2026-05-03 10:17:10,195938.83,Cash,Success
1514,1514,2024-09-24 09:45:11,240493.64,UPI,Success
1515,1515,2026-06-05 14:28:57,545134.11,UPI,Success
1516,1516,2026-05-06 20:55:26,200100.25,Debit Card,Success
1517,1517,2026-05-14 21:12:02,208380.92,Debit Card,Success
1518,1518,2026-06-29 16:03:19,318849.45,Credit Card,Success
1519,1519,2026-04-03 18:09:52,0.0,UPI,Failed
1520,1520,2026-03-15 11:50:07,126157.67,UPI,Success
1521,1521,2026-02-03 14:40:45,206402.44,Cash,Success
1522,1522,2026-06-21 19:54:30,0.0,Cash,Failed
1523,1523,2026-06-12 10:23:45,1736.02,UPI,Success
1524,1524,2026-03-09 15:28:14,298993.04,Debit Card,Success
1525,1525,2025-03-02 12:24:56,215588.12,Credit Card,Success
1526,1526,2026-06-03 09:55:15,198496.76,UPI,Success
1527,1527,2026-05-10 15:21:41,295100.52,Credit Card,Success
1528,1528,2026-03-29 18:31:32,165738.76,UPI,Success
1529,1529,2026-06-26 17:59:01,0.0,Credit Card,Failed
1530,1530,2026-06-22 21:05:09,393025.33,Debit Card,Success
1531,1531,2026-05-29 11:59:51,251085.88,UPI,Success
1532,1532,2026-02-18 13:07:29,540772.48,UPI,Success
1533,1533,2026-05-17 09:13:14,131708.63,Credit Card,Success
1534,1534,2026-03-30 11:11:52,61554.42,Debit Card,Success
1535,1535,2026-05-27 14:15:28,245298.4,UPI,Success
1536,1536,2026-06-21 12:10:33,818151.02,UPI,Refunded
1537,1537,2026-05-06 11:10:08,275950.3,Cash,Success
1538,1538,2026-06-20 09:20:01,964505.24,Credit Card,Success
1539,1539,2026-06-23 10:54:44,430845.34,Debit Card,Success
1540,1540,2026-06-18 09:30:54,12772.67,Credit Card,Success
1541,1541,2026-05-25 14:55:52,511929.08,UPI,Success
1542,1542,2025-10-03 13:42:23,648363.91,Credit Card,Success
1543,1543,2024-11-27 20:44:35,326294.13,Cash,Success
1544,1544,2025-11-14 09:18:17,61235.39,Debit Card,Success
1545,1545,2026-05-08 11:43:18,73246.34,Cash,Success
1546,1546,2026-06-26 20:53:58,726597.54,Debit Card,Success
1547,1547,2025-10-08 11:45:51,40287.03,UPI,Success
1548,1548,2025-02-25 16:59:56,233233.24,Credit Card,Success
1549,1549,2026-06-21 17:34:46,134061.68,Cash,Success
1550,1550,2026-05-11 15:01:16,495259.83,Credit Card,Success
1551,1551,2026-06-30 12:00:16,16555.12,Credit Card,Success
1552,1552,2026-04-17 18:04:58,102344.72,Credit Card,Success
1553,1553,2026-05-31 11:27:32,355247.93,Credit Card,Success
1554,1554,2026-04-15 18:09:51,0.0,Debit Card,Failed
1555,1555,2026-01-29 15:54:34,202770.81,Credit Card,Success
1556,1556,2026-01-22 16:18:40,92168.43,UPI,Success
1557,1557,2026-06-25 11:12:08,359979.52,Credit Card,Success
1558,1558,2026-06-28 17:11:15,686375.92,Debit Card,Success
1559,1559,2026-02-21 09:51:58,416909.55,UPI,Success
1560,1560,2026-06-15 16:22:44,0.0,UPI,Failed
1561,1561,2026-03-16 11:25:06,100851.96,Debit Card,Success
1562,1562,2026-02-01 14:13:38,266839.44,Debit Card,Success
1563,1563,2026-06-02 10:19:11,480255.61,UPI,Success
1564,1564,2026-06-11 12:21:35,297266.04,UPI,Success
1565,1565,2025-07-09 11:19:07,107134.54,Debit Card,Success
1566,1566,2026-06-27 21:21:37,294562.77,Cash,Success
1567,1567,2024-11-29 20:55:00,194852.29,Credit Card,Success
1568,1568,2025-08-24 13:23:28,259506.91,UPI,Success
1569,1569,2026-02-08 17:36:32,466035.01,Debit Card,Success
1570,1570,2026-06-09 16:03:51,105857.86,Debit Card,Success
1571,1571,2026-06-25 17:44:22,222805.3,Cash,Success
1572,1572,2026-06-06 21:45:28,610686.07,UPI,Success
1573,1573,2026-03-08 15:44:42,601844.2,Credit Card,Success
1574,1574,2026-06-27 12:23:11,496625.54,UPI,Success
1575,1575,2025-10-12 12:03:22,917953.73,Cash,Success
1576,1576,2026-06-20 14:38:05,221852.35,Debit Card,Success
1577,1577,2026-04-07 14:41:46,82875.48,Cash,Success
1578,1578,2025-03-27 10:27:59,394450.14,Debit Card,Success
1579,1579,2026-05-19 09:18:37,295418.52,Debit Card,Success
1580,1580,2026-03-26 15:23:27,74347.82,Debit Card,Success
1581,1581,2026-06-07 11:57:39,39980.52,Cash,Success
1582,1582,2026-05-08 15:31:04,429490.03,Credit Card,Success
1583,1583,2026-06-15 14:07:12,178416.71,Cash,Success
1584,1584,2025-04-20 13:46:34,185848.28,Credit Card,Success
1585,1585,2025-08-08 19:10:11,253805.65,Cash,Success
1586,1586,2025-08-16 14:55:18,338314.47,Credit Card,Success
1587,1587,2025-12-25 17:17:55,685893.27,UPI,Success
1588,1588,2026-05-27 14:00:00,78577.38,UPI,Success
1589,1589,2026-06-24 13:45:34,101155.5,Cash,Success
1590,1590,2026-04-07 09:57:24,46530.54,UPI,Success
1591,1591,2026-02-22 19:41:30,148754.51,Debit Card,Success
1592,1592,2026-06-24 15:44:25,526991.36,Credit Card,Success
1593,1593,2026-06-14 21:54:07,126271.73,Debit Card,Success
1594,1594,2025-07-27 19:13:07,569578.53,Cash,Success
1595,1595,2025-11-27 11:07:12,414480.62,Credit Card,Success
1596,1596,2025-07-30 13:16:39,34635.57,Debit Card,Success
1597,1597,2026-05-24 20:33:32,78000.87,Debit Card,Success
1598,1598,2026-05-11 17:01:39,211416.28,Debit Card,Success
1599,1599,2026-06-12 18:39:39,731334.67,UPI,Success
1600,1600,2026-06-21 11:41:44,245536.26,Credit Card,Success
1601,1601,2024-12-26 13:06:27,524314.78,UPI,Success
1602,1602,2025-07-08 09:10:22,0.0,UPI,Failed
1603,1603,2025-10-28 12:35:25,110814.0,UPI,Success
1604,1604,2026-04-17 09:21:51,820409.48,Credit Card,Success
1605,1605,2026-06-01 20:07:59,434940.22,Credit Card,Success
1606,1606,2026-02-23 11:52:49,230017.97,UPI,Success
1607,1607,2025-12-17 15:35:44,141763.34,UPI,Success
1608,1608,2025-11-18 12:21:54,187267.72,UPI,Success
1609,1609,2025-11-15 13:00:30,498155.22,Credit Card,Success
1610,1610,2026-06-24 19:17:56,97787.87,Debit Card,Success
1611,1611,2025-02-23 15:38:06,191665.28,Credit Card,Success
1612,1612,2026-04-07 10:17:09,135383.11,UPI,Success
1613,1613,2026-04-21 20:42:09,326567.64,UPI,Success
1614,1614,2026-01-29 15:04:11,201080.51,UPI,Success
1615,1615,2026-04-03 16:28:45,0.0,Cash,Failed
1616,1616,2026-01-30 16:33:24,309532.44,Cash,Success
1617,1617,2026-06-18 18:13:00,397713.34,Cash,Success
1618,1618,2026-06-15 13:16:49,225842.96,Credit Card,Success
1619,1619,2026-03-01 15:12:29,179356.72,Debit Card,Success
1620,1620,2026-06-27 18:55:34,130821.8,Debit Card,Success
1621,1621,2026-01-02 19:40:11,86060.4,Credit Card,Success
1622,1622,2026-01-23 15:24:44,0.0,Credit Card,Failed
1623,1623,2025-04-27 19:00:22,80150.98,Debit Card,Success
1624,1624,2026-02-22 12:26:39,346071.05,Debit Card,Success
1625,1625,2026-03-25 14:18:38,326591.18,Cash,Success
1626,1626,2025-10-31 21:33:47,60318.72,Credit Card,Success
1627,1627,2026-01-21 13:43:30,304708.43,Debit Card,Success
1628,1628,2026-06-14 10:56:28,532888.24,Cash,Success
1629,1629,2025-10-05 18:00:38,688645.52,Credit Card,Success
1630,1630,2026-01-02 17:23:43,332237.08,Debit Card,Success
1631,1631,2026-06-02 10:35:12,117689.99,UPI,Success
1632,1632,2024-12-27 15:34:15,157469.6,Debit Card,Success
1633,1633,2025-10-13 15:50:37,600277.21,Credit Card,Success
1634,1634,2026-06-23 21:41:34,0.0,Credit Card,Failed
1635,1635,2026-06-26 18:13:42,82555.17,UPI,Success
1636,1636,2026-06-15 11:11:53,323068.64,UPI,Success
1637,1637,2025-12-18 16:04:25,94209.47,Credit Card,Success
1638,1638,2024-04-19 17:20:17,229121.49,Cash,Success
1639,1639,2026-06-25 12:09:35,160106.74,Credit Card,Success
1640,1640,2024-12-09 14:33:19,488557.67,Cash,Success
1641,1641,2026-06-06 14:01:54,482662.68,Credit Card,Success
1642,1642,2025-07-09 12:04:09,101026.12,Debit Card,Success
1643,1643,2026-05-06 09:07:13,0.0,UPI,Failed
1644,1644,2026-05-12 10:39:56,173622.33,Debit Card,Success
1645,1645,2026-06-01 14:28:18,205674.31,Cash,Success
1646,1646,2026-05-18 16:36:42,598034.31,Debit Card,Success
1647,1647,2026-05-29 17:56:30,359317.67,Debit Card,Success
1648,1648,2025-06-28 17:37:10,917587.54,Credit Card,Success
1649,1649,2026-05-07 10:50:48,206781.49,Cash,Success
1650,1650,2025-04-26 12:26:58,50116.5,Credit Card,Success
1651,1651,2026-06-22 18:06:25,181233.2,Debit Card,Success
1652,1652,2026-06-18 15:58:58,208412.13,Credit Card,Success
1653,1653,2025-02-04 21:51:08,1009203.51,Debit Card,Success
1654,1654,2026-06-28 16:13:20,0.0,Debit Card,Failed
1655,1655,2025-05-26 10:45:00,42090.58,UPI,Success
1656,1656,2026-05-10 21:06:16,527800.01,Credit Card,Success
1657,1657,2025-03-18 17:24:43,240675.18,Cash,Success
1658,1658,2026-02-03 15:24:10,109684.94,Debit Card,Success
1659,1659,2026-06-08 12:28:00,530891.94,UPI,Success
1660,1660,2025-02-22 20:29:13,61052.92,UPI,Success
1661,1661,2025-07-06 09:49:15,366591.11,Cash,Success
1662,1662,2024-05-26 20:57:30,181766.24,UPI,Success
1663,1663,2026-04-09 16:32:10,671474.5,Cash,Success
1664,1664,2026-06-25 14:45:20,299306.24,Cash,Success
1665,1665,2025-06-02 11:43:42,82174.41,Debit Card,Success
1666,1666,2025-12-08 20:55:20,158949.55,Cash,Success
1667,1667,2026-05-22 14:45:05,392400.44,UPI,Success
1668,1668,2026-06-17 19:04:23,332347.31,Credit Card,Success
1669,1669,2026-06-04 13:21:30,579677.12,Debit Card,Success
1670,1670,2026-01-28 21:16:19,308204.11,Debit Card,Success
1671,1671,2026-02-01 21:56:29,399541.34,Debit Card,Success
1672,1672,2026-06-19 16:13:16,421311.48,Cash,Success
1673,1673,2025-08-13 14:22:31,123986.88,UPI,Success
1674,1674,2025-08-16 17:18:26,759894.03,Credit Card,Success
1675,1675,2026-06-21 19:35:58,147226.79,UPI,Success
1676,1676,2026-06-27 16:38:34,400366.84,Debit Card,Success
1677,1677,2026-02-10 21:15:30,541637.04,Debit Card,Success
1678,1678,2026-04-03 15:13:20,424778.39,Credit Card,Success
1679,1679,2025-08-29 20:27:26,654797.12,UPI,Success
1680,1680,2026-06-22 12:39:51,540615.77,Credit Card,Success
1681,1681,2026-03-20 19:00:06,9783.55,Cash,Success
1682,1682,2025-12-13 14:05:24,601612.7,Credit Card,Success
1683,1683,2026-01-26 11:40:51,305647.0,UPI,Success
1684,1684,2026-06-21 12:53:25,181927.75,UPI,Success
1685,1685,2025-11-16 19:58:27,47007.49,Cash,Success
1686,1686,2026-06-20 18:45:37,668315.28,Debit Card,Success
1687,1687,2024-10-31 17:47:35,223459.74,Debit Card,Success
1688,1688,2026-06-15 13:03:59,173221.47,UPI,Success
1689,1689,2025-01-28 17:48:26,101007.5,Credit Card,Success
1690,1690,2026-01-24 19:27:24,438998.86,Credit Card,Success
1691,1691,2026-06-20 21:59:53,157470.17,Cash,Success
1692,1692,2026-01-22 16:17:35,446957.12,Cash,Success
1693,1693,2025-11-30 19:46:36,879944.44,Credit Card,Success
1694,1694,2026-06-06 11:02:37,349568.96,Credit Card,Success
1695,1695,2026-06-28 20:39:38,399207.92,Cash,Success
1696,1696,2026-06-09 11:28:33,46452.98,Cash,Success
1697,1697,2026-06-26 10:32:00,345497.73,Cash,Success
1698,1698,2026-04-01 14:56:06,412935.47,Cash,Success
1699,1699,2026-04-03 16:50:55,20654.01,Cash,Success
1700,1700,2024-12-10 11:48:13,451067.3,Debit Card,Success
1701,1701,2026-04-17 15:55:34,299900.1,UPI,Success
1702,1702,2025-11-06 17:02:34,55427.25,Cash,Success
1703,1703,2026-01-28 09:57:52,0.0,Debit Card,Failed
1704,1704,2025-06-25 16:30:36,0.0,Credit Card,Failed
1705,1705,2026-06-07 15:43:13,1517.15,UPI,Success
1706,1706,2026-06-21 19:30:47,346936.92,UPI,Success
1707,1707,2026-05-22 20:08:49,217465.92,Cash,Success
1708,1708,2026-03-08 15:03:47,42639.03,UPI,Success
1709,1709,2026-06-27 18:10:00,278823.79,UPI,Success
1710,1710,2026-06-05 16:27:08,103641.65,Cash,Success
1711,1711,2026-06-08 20:35:02,361603.41,UPI,Success
1712,1712,2026-02-21 21:10:54,418149.47,Debit Card,Success
1713,1713,2026-06-12 10:04:08,459234.72,UPI,Success
1714,1714,2026-02-07 10:58:21,0.0,Credit Card,Failed
1715,1715,2026-06-06 12:31:48,87522.79,Credit Card,Success
1716,1716,2025-11-05 20:30:32,60078.69,Debit Card,Success
1717,1717,2024-11-28 14:22:51,202029.86,Debit Card,Success
1718,1718,2026-02-17 17:27:55,0.0,Credit Card,Failed
1719,1719,2026-06-18 19:21:28,287478.21,Debit Card,Success
1720,1720,2026-06-30 15:53:24,108693.25,Cash,Success
1721,1721,2025-12-31 14:55:56,215096.11,Cash,Success
1722,1722,2026-05-27 19:46:02,711045.49,Credit Card,Success
1723,1723,2026-01-19 16:13:29,0.0,Credit Card,Failed
1724,1724,2026-04-23 15:35:00,483689.3,Credit Card,Success
1725,1725,2026-06-12 10:30:51,306000.27,Credit Card,Success
1726,1726,2026-06-12 15:05:02,515418.75,UPI,Success
1727,1727,2026-02-17 20:04:13,259419.47,Debit Card,Success
1728,1728,2025-08-18 16:03:16,0.0,Cash,Failed
1729,1729,2026-06-20 19:36:34,0.0,Cash,Failed
1730,1730,2026-06-10 11:33:26,421860.6,Credit Card,Success
1731,1731,2026-04-18 19:22:43,320224.56,Cash,Success
1732,1732,2026-06-04 14:56:13,34834.92,UPI,Success
1733,1733,2026-05-28 15:33:25,14930.65,Cash,Success
1734,1734,2026-06-04 18:42:44,848653.24,Debit Card,Success
1735,1735,2025-12-19 17:53:54,114579.82,UPI,Success
1736,1736,2026-06-20 13:59:20,937322.52,Debit Card,Success
1737,1737,2026-06-24 17:50:57,451880.53,Cash,Success
1738,1738,2026-03-06 14:02:12,0.0,Cash,Failed
1739,1739,2026-06-30 10:58:06,41883.69,Credit Card,Success
1740,1740,2024-10-29 12:21:13,281181.24,UPI,Success
1741,1741,2026-03-25 16:14:35,48988.31,UPI,Success
1742,1742,2026-03-26 12:54:14,313513.07,Cash,Success
1743,1743,2026-06-03 10:00:16,78698.02,UPI,Success
1744,1744,2024-09-24 19:01:07,0.0,Cash,Failed
1745,1745,2025-06-29 11:44:08,128218.85,UPI,Success
1746,1746,2026-04-12 13:07:41,239919.51,Cash,Success
1747,1747,2026-01-10 18:04:46,324359.49,Debit Card,Success
1748,1748,2025-07-20 13:53:17,135657.37,UPI,Success
1749,1749,2026-04-17 19:03:45,86989.54,Debit Card,Success
1750,1750,2026-03-07 14:56:15,94813.68,UPI,Success
1751,1751,2026-06-29 20:40:19,301185.55,Credit Card,Success
1752,1752,2025-10-25 21:27:34,0.0,Credit Card,Failed
1753,1753,2025-07-29 20:29:16,533658.62,UPI,Success
1754,1754,2026-06-06 11:24:05,333678.02,UPI,Refunded
1755,1755,2026-04-30 13:04:16,199135.58,Credit Card,Success
1756,1756,2025-12-22 11:31:06,224285.69,Debit Card,Success
1757,1757,2025-11-23 12:23:24,789626.13,Credit Card,Success
1758,1758,2026-05-09 09:32:00,174876.24,Cash,Success
1759,1759,2026-06-16 11:08:59,562113.74,Credit Card,Success
1760,1760,2026-04-26 14:52:50,729976.7,UPI,Success
1761,1761,2026-06-21 11:11:36,277147.18,Debit Card,Success
1762,1762,2025-04-07 14:39:30,324198.38,UPI,Success
1763,1763,2026-02-22 12:10:21,0.0,Debit Card,Failed
1764,1764,2026-06-21 12:47:29,222152.88,UPI,Success
1765,1765,2026-06-21 16:14:10,3468.56,Cash,Success
1766,1766,2026-06-02 09:55:32,100101.98,Debit Card,Success
1767,1767,2026-03-04 11:15:07,0.0,Cash,Failed
1768,1768,2026-05-12 20:36:50,400662.92,Credit Card,Success
1769,1769,2026-06-19 18:00:04,78306.36,UPI,Success
1770,1770,2025-12-20 12:33:03,141619.47,Credit Card,Refunded
1771,1771,2026-03-07 14:04:50,0.0,Cash,Failed
1772,1772,2025-12-03 10:50:25,0.0,Credit Card,Failed
1773,1773,2026-05-01 13:53:05,495198.13,UPI,Success
1774,1774,2026-05-28 13:55:52,39803.76,Credit Card,Success
1775,1775,2026-01-25 18:11:13,708397.79,Cash,Success
1776,1776,2026-06-12 14:08:14,225321.61,Credit Card,Success
1777,1777,2026-06-24 18:54:19,75035.61,UPI,Success
1778,1778,2026-01-06 14:58:44,561670.63,Credit Card,Success
1779,1779,2026-06-13 09:14:06,14274.61,UPI,Success
1780,1780,2026-06-16 12:00:27,475249.85,Debit Card,Success
1781,1781,2026-06-30 18:55:34,483062.16,Debit Card,Success
1782,1782,2026-04-25 21:59:58,336996.27,UPI,Refunded
1783,1783,2026-06-07 16:26:03,29507.67,Credit Card,Success
1784,1784,2025-02-23 16:18:01,1018098.32,Credit Card,Success
1785,1785,2026-04-28 10:45:07,396943.57,Credit Card,Success
1786,1786,2026-06-30 11:15:27,52486.74,UPI,Success
1787,1787,2026-06-28 22:02:12,243350.39,Debit Card,Success
1788,1788,2026-05-04 21:25:14,311254.45,Cash,Success
1789,1789,2025-06-26 16:03:32,25939.8,Debit Card,Success
1790,1790,2025-12-04 13:32:11,392475.93,Credit Card,Success
1791,1791,2025-07-05 11:16:47,489418.29,Credit Card,Success
1792,1792,2025-07-14 14:59:21,0.0,Credit Card,Failed
1793,1793,2026-05-06 09:07:01,231615.97,Debit Card,Success
1794,1794,2026-04-16 16:20:37,324012.0,Credit Card,Success
1795,1795,2026-06-25 18:52:49,893492.93,Debit Card,Success
1796,1796,2026-06-17 15:56:00,0.0,Credit Card,Failed
1797,1797,2026-03-21 18:58:47,101594.77,Credit Card,Success
1798,1798,2026-03-14 16:15:59,709485.25,UPI,Success
1799,1799,2026-06-07 20:47:02,9867.61,UPI,Success
1800,1800,2026-05-25 17:54:05,0.0,Debit Card,Failed
1801,1801,2026-03-28 13:25:15,0.0,Debit Card,Failed
1802,1802,2025-11-21 12:28:07,588113.75,UPI,Success
1803,1803,2026-06-28 16:12:59,99280.4,Cash,Success
1804,1804,2026-06-16 19:41:35,73423.71,Credit Card,Success
1805,1805,2026-06-10 11:52:36,0.0,Cash,Failed
1806,1806,2024-11-12 19:26:51,352583.62,Credit Card,Success
1807,1807,2026-06-20 14:54:15,177259.97,UPI,Success
1808,1808,2025-08-07 15:37:38,464.13,Cash,Success
1809,1809,2025-08-29 15:32:09,217919.84,Debit Card,Success
1810,1810,2025-09-16 13:58:41,139798.56,Debit Card,Success
1811,1811,2024-06-19 20:36:09,152108.31,Debit Card,Success
1812,1812,2026-01-28 21:22:00,209231.39,Debit Card,Success
1813,1813,2026-05-28 17:29:32,339789.6,Cash,Success
1814,1814,2026-05-18 11:39:14,300543.23,Debit Card,Success
1815,1815,2026-05-11 13:12:59,136743.88,Debit Card,Success
1816,1816,2025-08-08 10:15:39,16103.45,UPI,Success
1817,1817,2025-11-22 20:31:06,213030.95,Debit Card,Success
1818,1818,2026-06-06 21:47:20,121587.01,UPI,Success
1819,1819,2026-05-27 11:04:02,504995.58,Debit Card,Success
1820,1820,2026-06-08 13:33:26,0.0,Debit Card,Failed
1821,1821,2025-11-12 17:16:29,301287.22,Credit Card,Success
1822,1822,2025-10-17 11:44:47,402416.69,UPI,Refunded
1823,1823,2026-06-17 10:10:01,366149.86,Cash,Success
1824,1824,2025-02-25 16:49:27,327557.75,Debit Card,Success
1825,1825,2026-04-29 15:48:02,0.0,Credit Card,Failed
1826,1826,2026-06-14 11:29:26,265238.65,UPI,Refunded
1827,1827,2026-02-04 09:13:39,733222.11,Credit Card,Success
1828,1828,2026-06-06 20:52:51,272431.51,UPI,Success
1829,1829,2026-04-25 11:26:15,83374.98,Cash,Success
1830,1830,2026-06-26 15:36:10,631834.52,Credit Card,Success
1831,1831,2026-06-22 19:18:52,103270.06,Credit Card,Success
1832,1832,2026-01-20 09:39:25,361632.85,Credit Card,Success
1833,1833,2026-05-28 20:54:25,0.0,Cash,Failed
1834,1834,2025-07-11 18:58:28,277791.65,UPI,Success
1835,1835,2025-11-14 18:00:54,218193.78,Cash,Success
1836,1836,2026-06-05 10:52:10,62077.31,Cash,Success
1837,1837,2026-03-04 09:34:59,433491.81,Cash,Success
1838,1838,2026-06-30 16:24:09,505928.41,Credit Card,Success
1839,1839,2024-12-31 13:07:19,168110.54,Cash,Success
1840,1840,2026-05-03 11:16:09,326156.06,Debit Card,Success
1841,1841,2026-06-01 13:39:47,378521.11,Cash,Success
1842,1842,2026-06-19 21:21:01,0.0,UPI,Failed
1843,1843,2025-11-28 19:57:05,202716.31,Cash,Success
1844,1844,2026-04-03 16:55:12,163403.18,Debit Card,Success
1845,1845,2025-07-28 12:03:54,672531.3,Credit Card,Success
1846,1846,2026-05-20 19:38:50,336902.32,Credit Card,Success
1847,1847,2025-05-22 20:08:33,2275.72,Debit Card,Success
1848,1848,2026-06-14 15:26:16,22858.43,UPI,Success
1849,1849,2026-06-27 10:05:11,77362.5,Credit Card,Success
1850,1850,2025-06-24 12:45:47,233691.71,UPI,Success
1851,1851,2025-11-10 09:08:45,220827.23,UPI,Success
1852,1852,2025-05-24 12:33:09,26996.78,Credit Card,Success
1853,1853,2026-06-24 09:08:12,243966.83,Credit Card,Success
1854,1854,2026-03-20 16:40:52,189489.62,UPI,Success
1855,1855,2025-06-18 10:57:17,0.0,Credit Card,Failed
1856,1856,2026-04-12 10:18:06,297027.85,UPI,Success
1857,1857,2026-05-04 16:51:41,325662.81,UPI,Success
1858,1858,2026-06-15 21:30:56,78832.76,UPI,Success
1859,1859,2026-06-24 17:18:06,299176.07,UPI,Success
1860,1860,2025-10-31 17:30:55,106961.87,UPI,Success
1861,1861,2025-11-17 12:38:21,222178.62,Debit Card,Success
1862,1862,2026-06-09 17:00:10,447215.42,Cash,Success
1863,1863,2025-08-24 20:07:30,216962.19,Debit Card,Success
1864,1864,2025-09-11 16:17:26,92860.35,Credit Card,Success
1865,1865,2026-06-15 18:36:53,144766.07,Cash,Success
1866,1866,2025-12-31 16:33:49,89726.23,Debit Card,Success
1867,1867,2025-11-10 09:29:56,403233.02,UPI,Success
1868,1868,2026-06-19 21:27:35,0.0,UPI,Failed
1869,1869,2026-01-10 21:27:29,105857.86,Debit Card,Success
1870,1870,2025-03-04 19:19:42,251335.32,Cash,Success
1871,1871,2026-05-19 15:12:10,0.0,Cash,Failed
1872,1872,2026-06-03 21:33:38,264977.96,Credit Card,Success
1873,1873,2025-08-23 13:27:42,334442.9,Cash,Success
1874,1874,2026-06-18 19:27:04,47910.94,Debit Card,Success
1875,1875,2026-06-25 20:55:56,0.0,UPI,Failed
1876,1876,2026-06-24 11:01:26,398917.7,Debit Card,Success
1877,1877,2025-02-20 09:40:59,0.0,Debit Card,Failed
1878,1878,2026-06-27 19:36:49,705041.56,Credit Card,Success
1879,1879,2026-05-28 12:49:47,49876.85,Debit Card,Success
1880,1880,2025-11-22 11:28:34,126379.51,Cash,Success
1881,1881,2026-06-14 09:26:58,527546.55,Credit Card,Success
1882,1882,2025-02-12 15:04:14,0.0,UPI,Failed
1883,1883,2026-06-13 16:53:23,52479.64,UPI,Success
1884,1884,2026-05-12 13:26:45,400756.45,Cash,Success
1885,1885,2026-06-06 14:21:19,205187.52,Debit Card,Success
1886,1886,2024-09-29 10:58:48,255546.48,Cash,Success
1887,1887,2026-06-04 16:38:52,379997.38,Cash,Success
1888,1888,2026-06-15 16:16:35,136842.0,UPI,Success
1889,1889,2026-05-14 17:55:04,450988.39,Credit Card,Success
1890,1890,2025-11-22 11:24:37,49670.75,Debit Card,Success
1891,1891,2026-06-10 14:24:16,173751.77,Cash,Success
1892,1892,2026-05-12 19:55:38,195524.95,Debit Card,Success
1893,1893,2026-05-13 11:23:50,484736.72,UPI,Success
1894,1894,2026-05-23 13:34:49,44450.81,Cash,Success
1895,1895,2025-03-21 16:15:01,227206.46,Debit Card,Success
1896,1896,2025-11-13 10:27:24,335119.93,UPI,Success
1897,1897,2026-03-14 19:53:14,316642.0,Debit Card,Success
1898,1898,2025-04-17 16:26:19,0.0,Cash,Failed
1899,1899,2026-06-23 14:00:04,64095.66,Debit Card,Success
1900,1900,2026-03-10 19:21:24,0.0,UPI,Failed
1901,1901,2026-06-15 21:57:25,270992.07,Cash,Success
1902,1902,2024-09-24 17:37:53,171392.77,Credit Card,Success
1903,1903,2026-02-21 13:13:00,459795.08,Credit Card,Success
1904,1904,2026-06-08 11:34:04,236284.31,Debit Card,Success
1905,1905,2025-07-13 20:36:58,505338.23,Debit Card,Success
1906,1906,2026-05-24 18:10:13,414450.28,UPI,Success
1907,1907,2026-04-22 18:06:26,620474.92,Cash,Success
1908,1908,2026-02-23 17:30:37,212672.47,UPI,Success
1909,1909,2026-02-15 21:30:49,287214.01,Credit Card,Success
1910,1910,2026-06-22 18:00:38,300262.35,Debit Card,Success
1911,1911,2026-06-12 11:00:20,213603.21,UPI,Success
1912,1912,2026-05-26 14:18:43,270119.56,Cash,Success
1913,1913,2026-05-29 20:37:32,217323.69,UPI,Success
1914,1914,2026-01-06 14:22:10,972235.22,Credit Card,Success
1915,1915,2026-05-19 21:36:16,426134.87,UPI,Success
1916,1916,2026-04-19 21:03:08,252953.37,Cash,Success
1917,1917,2026-03-18 11:16:41,105973.05,Cash,Success
1918,1918,2026-06-28 14:47:56,354634.64,Cash,Success
1919,1919,2026-06-17 15:14:03,548641.93,Credit Card,Success
1920,1920,2025-07-21 13:23:53,523198.32,Cash,Success
1921,1921,2024-08-10 14:21:06,489952.93,UPI,Success
1922,1922,2025-06-24 18:57:51,653941.86,Cash,Success
1923,1923,2026-01-11 18:57:35,0.0,UPI,Failed
1924,1924,2026-05-27 13:41:53,82588.35,Cash,Success
1925,1925,2025-04-10 16:36:56,325954.46,UPI,Success
1926,1926,2026-06-22 10:29:59,138667.46,UPI,Success
1927,1927,2026-05-27 19:01:02,455793.55,Credit Card,Success
1928,1928,2026-02-08 16:12:16,560348.15,Cash,Success
1929,1929,2026-01-31 21:33:10,284388.02,UPI,Success
1930,1930,2026-06-30 13:01:35,0.0,Credit Card,Failed
1931,1931,2026-04-17 15:55:59,845460.06,Debit Card,Success
1932,1932,2026-04-18 20:40:52,197342.54,UPI,Refunded
1933,1933,2026-06-21 20:42:14,252300.05,UPI,Success
1934,1934,2025-07-08 18:05:05,157858.46,UPI,Success
1935,1935,2026-06-21 14:50:03,260579.28,Debit Card,Success
1936,1936,2025-03-15 12:01:27,452056.29,Credit Card,Success
1937,1937,2026-06-16 11:35:55,46849.37,Debit Card,Success
1938,1938,2026-05-03 18:34:16,92185.88,Credit Card,Success
1939,1939,2025-12-08 16:47:00,118972.21,Cash,Success
1940,1940,2026-05-26 15:53:31,102380.15,Credit Card,Refunded
1941,1941,2026-06-05 09:35:00,294472.61,Cash,Success
1942,1942,2026-06-19 18:10:10,54818.35,Debit Card,Success
1943,1943,2026-05-27 12:48:02,608564.75,Cash,Success
1944,1944,2026-04-16 12:12:57,212743.52,Credit Card,Success
1945,1945,2026-05-13 11:06:10,325605.07,Cash,Success
1946,1946,2026-06-21 15:01:41,234437.9,Cash,Success
1947,1947,2026-02-27 19:05:46,272421.24,UPI,Success
1948,1948,2026-04-11 12:56:25,558350.61,Cash,Success
1949,1949,2026-04-23 21:23:39,53572.96,UPI,Success
1950,1950,2025-09-07 14:04:15,252423.06,Cash,Success
1951,1951,2025-01-29 09:54:34,0.0,Cash,Failed
1952,1952,2026-06-27 12:11:08,104416.71,Credit Card,Success
1953,1953,2026-04-18 12:05:37,63928.51,Debit Card,Success
1954,1954,2026-06-11 18:44:39,12818.46,Cash,Success
1955,1955,2026-06-21 16:33:12,205536.41,Cash,Success
1956,1956,2026-05-24 13:15:04,82959.04,Debit Card,Success
1957,1957,2026-04-22 13:42:05,435569.12,Debit Card,Success
1958,1958,2026-06-09 21:09:37,39321.95,Credit Card,Success
1959,1959,2026-01-29 10:39:23,182934.69,Cash,Success
1960,1960,2025-02-02 16:22:09,538493.15,Credit Card,Success
1961,1961,2026-01-01 15:14:57,488512.0,Credit Card,Success
1962,1962,2026-01-11 10:35:51,409198.8,UPI,Success
1963,1963,2026-03-27 19:54:56,269449.44,Debit Card,Success
1964,1964,2026-06-09 09:20:10,426087.18,Cash,Success
1965,1965,2026-06-28 14:31:00,329436.62,Credit Card,Success
1966,1966,2025-10-03 18:50:06,314210.27,Cash,Success
1967,1967,2025-07-29 16:39:58,201584.82,Credit Card,Success
1968,1968,2026-04-14 18:17:23,356252.61,Credit Card,Success
1969,1969,2026-02-07 10:37:34,939197.26,UPI,Success
1970,1970,2026-05-18 21:09:34,325201.24,Cash,Success
1971,1971,2025-02-16 21:43:30,102848.81,Cash,Success
1972,1972,2026-03-29 18:21:13,133570.05,UPI,Success
1973,1973,2026-03-26 17:32:22,86495.22,Credit Card,Success
1974,1974,2025-06-10 14:38:45,460545.1,Cash,Success
1975,1975,2026-05-29 17:30:40,71798.55,Credit Card,Success
1976,1976,2026-06-27 20:40:10,0.0,Cash,Failed
1977,1977,2026-03-08 11:33:50,38993.43,Credit Card,Success
1978,1978,2025-05-22 16:13:42,86527.3,UPI,Success
1979,1979,2026-06-30 13:05:49,129888.72,Debit Card,Success
1980,1980,2025-08-17 21:42:25,366874.96,UPI,Success
1981,1981,2025-06-20 09:54:06,223767.8,Cash,Success
1982,1982,2025-10-05 21:58:19,316371.1,Cash,Success
1983,1983,2026-06-11 11:48:00,366612.11,Credit Card,Success
1984,1984,2025-09-21 13:12:18,380888.12,Cash,Success
1985,1985,2026-06-06 09:46:44,419497.32,Credit Card,Success
1986,1986,2024-06-16 11:35:25,0.0,Credit Card,Failed
1987,1987,2026-06-06 09:43:23,531.93,Cash,Success
1988,1988,2026-06-23 19:09:01,346900.33,Debit Card,Success
1989,1989,2026-06-16 18:20:15,314946.8,Debit Card,Success
1990,1990,2024-10-15 11:21:53,324638.8,Debit Card,Success
1991,1991,2026-06-15 09:51:02,259158.74,Debit Card,Success
1992,1992,2025-12-08 16:52:02,348825.17,Credit Card,Success
1993,1993,2026-06-21 09:32:27,82365.24,Debit Card,Success
1994,1994,2026-06-13 20:26:00,0.0,UPI,Failed
1995,1995,2026-03-25 12:27:27,108135.74,Debit Card,Success
1996,1996,2026-06-04 12:47:07,828665.42,Credit Card,Success
1997,1997,2026-05-17 10:02:41,0.0,Credit Card,Failed
1998,1998,2026-04-18 15:21:08,0.0,Debit Card,Failed
1999,1999,2026-06-25 14:01:52,355377.86,UPI,Success
2000,2000,2026-02-27 11:35:30,349689.66,Cash,Success
2001,2001,2025-11-11 16:03:58,358615.15,Debit Card,Success
2002,2002,2025-08-28 21:25:38,256443.77,Credit Card,Success
2003,2003,2026-03-16 21:08:30,276763.34,UPI,Success
2004,2004,2026-06-28 09:12:53,30634.48,Cash,Success
2005,2005,2024-08-15 13:46:11,0.0,UPI,Failed
2006,2006,2026-05-05 16:27:17,457961.32,Debit Card,Success
2007,2007,2026-05-16 12:20:22,209746.57,Debit Card,Success
2008,2008,2026-06-07 15:38:16,276051.52,Cash,Success
2009,2009,2025-10-24 13:59:34,433329.02,Cash,Success
2010,2010,2026-06-21 17:42:02,109588.77,Cash,Success
2011,2011,2026-04-11 20:52:17,653782.58,Cash,Success
2012,2012,2026-03-08 12:34:55,120020.68,Cash,Success
2013,2013,2026-06-24 13:17:05,406093.79,Credit Card,Success
2014,2014,2026-05-02 18:43:01,706308.78,UPI,Success
2015,2015,2026-03-15 17:14:16,295458.08,Cash,Success
2016,2016,2026-06-28 19:32:47,33877.14,Cash,Success
2017,2017,2026-04-10 13:19:13,868.01,Credit Card,Success
2018,2018,2025-11-15 17:58:28,424557.38,Credit Card,Success
2019,2019,2026-05-01 14:02:26,176736.46,Cash,Success
2020,2020,2026-05-10 12:30:35,327178.62,Debit Card,Success
2021,2021,2026-05-29 19:20:56,269565.24,UPI,Success
2022,2022,2026-06-02 11:33:30,560910.51,Debit Card,Success
2023,2023,2025-10-17 21:35:19,190966.36,Debit Card,Success
2024,2024,2026-04-30 15:02:18,0.0,UPI,Failed
2025,2025,2026-05-28 15:04:02,221410.67,UPI,Success
2026,2026,2026-03-18 18:36:15,940343.23,UPI,Success
2027,2027,2026-05-17 19:21:01,200336.34,Debit Card,Success
2028,2028,2026-04-13 11:15:47,58198.5,Cash,Success
2029,2029,2025-12-02 19:21:49,176317.46,Debit Card,Success
2030,2030,2026-06-03 17:50:32,358822.2,Cash,Success
2031,2031,2026-06-13 21:54:02,311263.29,Debit Card,Success
2032,2032,2026-03-17 13:50:52,154300.74,Debit Card,Success
2033,2033,2026-06-08 21:39:25,0.0,Cash,Failed
2034,2034,2026-06-28 10:04:42,164211.61,Credit Card,Success
2035,2035,2026-05-23 20:34:03,388416.92,UPI,Success
2036,2036,2026-06-28 20:53:04,120311.49,Cash,Success
2037,2037,2026-02-19 09:36:25,53828.4,Credit Card,Success
2038,2038,2025-11-09 21:19:36,0.0,Debit Card,Failed
2039,2039,2025-08-03 12:53:37,39267.86,Credit Card,Success
2040,2040,2026-05-30 19:44:52,767929.27,UPI,Success
2041,2041,2026-04-30 11:34:44,197896.67,Cash,Success
2042,2042,2026-06-24 21:15:29,236305.69,Credit Card,Success
2043,2043,2026-02-12 15:56:53,57350.24,UPI,Success
2044,2044,2026-02-24 13:12:01,379592.91,Debit Card,Success
2045,2045,2025-09-29 19:51:15,0.0,UPI,Failed
2046,2046,2026-03-31 20:10:07,53870.22,Credit Card,Success
2047,2047,2026-02-28 09:31:38,102672.7,UPI,Success
2048,2048,2026-06-07 09:30:16,1084384.51,UPI,Refunded
2049,2049,2026-06-16 18:05:32,257164.43,Credit Card,Success
2050,2050,2026-05-24 09:46:09,34838.71,Cash,Success
2051,2051,2025-11-17 16:56:34,599126.05,Cash,Success
2052,2052,2025-11-24 19:31:41,704765.69,Debit Card,Success
2053,2053,2026-01-24 19:40:37,149406.05,Cash,Success
2054,2054,2025-12-03 15:42:54,328203.43,Debit Card,Success
2055,2055,2026-05-20 19:40:05,295593.71,Debit Card,Success
2056,2056,2025-09-13 16:06:59,172032.16,UPI,Success
2057,2057,2026-06-14 09:34:56,0.0,UPI,Failed
2058,2058,2026-03-06 19:58:55,0.0,UPI,Failed
2059,2059,2026-05-20 11:34:10,33371.65,UPI,Success
2060,2060,2026-02-14 21:20:53,376195.76,Credit Card,Success
2061,2061,2026-06-30 09:36:09,415235.42,UPI,Success
2062,2062,2025-10-14 11:48:41,37517.8,Credit Card,Success
2063,2063,2026-06-27 17:01:27,0.0,UPI,Failed
2064,2064,2026-06-26 10:12:51,248576.85,UPI,Success
2065,2065,2026-04-10 09:40:08,177400.7,Cash,Success
2066,2066,2025-11-03 09:41:48,423373.27,UPI,Success
2067,2067,2026-06-11 13:27:13,272564.62,UPI,Success
2068,2068,2026-06-06 19:21:21,120778.75,Credit Card,Refunded
2069,2069,2025-10-01 10:15:00,327858.33,Credit Card,Success
2070,2070,2026-05-27 11:49:56,26578.34,Cash,Success
2071,2071,2026-01-08 11:03:09,0.0,Debit Card,Failed
2072,2072,2026-06-01 11:41:58,123746.07,Cash,Success
2073,2073,2026-05-29 12:44:24,62127.96,Debit Card,Success
2074,2074,2025-07-09 12:25:20,584499.96,Debit Card,Success
2075,2075,2025-02-08 14:23:14,532396.64,Cash,Success
2076,2076,2026-04-17 20:44:52,30396.75,Debit Card,Success
2077,2077,2026-06-18 09:18:55,304989.38,Debit Card,Success
2078,2078,2026-06-15 11:17:22,224637.99,Credit Card,Success
2079,2079,2025-11-21 17:26:17,0.0,UPI,Failed
2080,2080,2026-06-07 11:17:27,0.0,UPI,Failed
2081,2081,2026-06-13 21:43:33,295527.61,Debit Card,Success
2082,2082,2026-06-25 18:22:36,262559.37,UPI,Success
2083,2083,2026-01-01 20:11:16,784469.92,Cash,Success
2084,2084,2026-06-05 15:41:39,531461.4,Credit Card,Success
2085,2085,2026-05-30 17:05:36,323973.32,Credit Card,Success
2086,2086,2026-02-26 18:40:58,66220.47,Debit Card,Success
2087,2087,2026-03-28 20:45:50,0.0,UPI,Failed
2088,2088,2026-03-24 21:44:47,461945.87,Credit Card,Success
2089,2089,2026-06-27 16:53:31,755797.63,UPI,Success
2090,2090,2026-06-01 13:09:15,252792.99,Debit Card,Success
2091,2091,2026-06-11 19:00:15,507798.86,Cash,Success
2092,2092,2026-02-03 10:14:08,270575.76,Debit Card,Success
2093,2093,2025-11-09 13:05:41,0.0,Cash,Failed
2094,2094,2025-09-30 18:53:47,0.0,Credit Card,Failed
2095,2095,2026-06-22 19:44:14,520835.15,Debit Card,Success
2096,2096,2026-06-18 10:19:19,512607.95,Debit Card,Success
2097,2097,2026-01-28 12:06:40,84535.57,Debit Card,Success
2098,2098,2026-03-26 18:42:27,575195.45,UPI,Success
2099,2099,2026-01-13 11:54:50,584483.37,Credit Card,Success
2100,2100,2025-05-25 14:46:45,415299.04,UPI,Success
2101,2101,2025-12-21 15:01:14,0.0,Debit Card,Failed
2102,2102,2026-05-19 18:58:06,319586.89,Credit Card,Success
2103,2103,2024-08-16 18:59:49,403882.02,UPI,Success
2104,2104,2026-01-09 15:39:08,501530.31,UPI,Success
2105,2105,2026-01-19 12:46:59,0.0,Debit Card,Failed
2106,2106,2026-06-01 17:28:36,480413.46,UPI,Success
2107,2107,2024-05-18 13:20:50,0.0,Debit Card,Failed
2108,2108,2026-06-04 14:22:04,1502160.28,UPI,Success
2109,2109,2026-01-17 15:07:00,131550.44,Debit Card,Success
2110,2110,2026-04-06 10:32:22,586134.0,UPI,Success
2111,2111,2026-06-19 09:17:44,101578.41,Credit Card,Success
2112,2112,2026-05-20 20:08:37,176767.78,Cash,Success
2113,2113,2026-03-12 09:18:19,224204.47,UPI,Success
2114,2114,2026-05-12 16:20:35,282476.34,Credit Card,Success
2115,2115,2026-06-01 09:37:47,0.0,Cash,Failed
2116,2116,2026-06-21 12:22:04,357209.43,Credit Card,Success
2117,2117,2026-05-21 15:22:04,23481.46,Credit Card,Success
2118,2118,2026-06-15 20:45:54,366350.12,Debit Card,Success
2119,2119,2026-06-21 19:16:55,521198.87,Cash,Success
2120,2120,2026-06-25 15:13:16,0.0,UPI,Failed
2121,2121,2026-06-25 17:07:22,189612.23,UPI,Success
2122,2122,2026-06-24 16:18:17,511307.81,Cash,Success
2123,2123,2026-06-18 12:40:42,105953.95,Debit Card,Success
2124,2124,2026-05-06 16:10:03,690620.83,Debit Card,Success
2125,2125,2026-06-23 15:00:19,235067.38,Debit Card,Success
2126,2126,2026-06-10 21:49:34,150765.89,Debit Card,Success
2127,2127,2026-05-07 19:16:37,327952.59,Debit Card,Success
2128,2128,2025-07-24 17:27:58,114725.35,Cash,Success
2129,2129,2026-06-12 19:45:47,0.0,Debit Card,Failed
2130,2130,2024-09-17 15:23:10,465254.79,UPI,Success
2131,2131,2026-06-23 20:34:45,67814.92,Debit Card,Success
2132,2132,2025-09-20 20:36:08,62810.9,Debit Card,Success
2133,2133,2026-03-14 13:59:01,240725.29,Debit Card,Success
2134,2134,2026-06-06 21:54:27,143181.35,UPI,Success
2135,2135,2026-04-18 16:12:38,176522.08,Debit Card,Success
2136,2136,2026-06-10 20:48:05,407496.86,Credit Card,Success
2137,2137,2026-01-14 14:04:14,255597.46,Credit Card,Success
2138,2138,2026-05-24 15:26:06,176006.19,Debit Card,Success
2139,2139,2026-05-20 17:08:21,86592.9,Cash,Success
2140,2140,2026-02-28 10:11:38,369481.67,UPI,Success
2141,2141,2026-04-27 11:10:20,716209.64,Credit Card,Success
2142,2142,2025-07-20 16:40:17,15317.24,Cash,Success
2143,2143,2026-04-14 17:51:57,288950.46,Credit Card,Success
2144,2144,2025-05-19 16:54:04,179486.35,UPI,Success
2145,2145,2026-06-24 20:24:36,483077.47,Credit Card,Success
2146,2146,2026-06-26 15:30:08,157349.06,Debit Card,Success
2147,2147,2026-04-05 09:27:14,0.0,Debit Card,Failed
2148,2148,2025-08-13 20:44:19,0.0,UPI,Failed
2149,2149,2026-03-03 09:14:58,182937.17,Credit Card,Success
2150,2150,2024-11-04 15:22:02,177251.58,Credit Card,Success
2151,2151,2026-06-18 09:18:46,502811.51,Cash,Success
2152,2152,2026-06-22 09:44:34,88711.35,Credit Card,Success
2153,2153,2026-06-27 09:43:07,413636.9,Debit Card,Refunded
2154,2154,2026-06-15 09:14:23,691506.83,Cash,Success
2155,2155,2026-04-27 20:13:49,0.0,Cash,Failed
2156,2156,2026-06-23 18:29:14,368350.11,Debit Card,Success
2157,2157,2026-06-14 09:08:39,70305.54,Debit Card,Success
2158,2158,2026-04-19 15:02:52,0.0,Credit Card,Failed
2159,2159,2026-05-18 13:54:17,77268.71,Credit Card,Refunded
2160,2160,2025-03-05 13:52:35,0.0,UPI,Failed
2161,2161,2025-12-22 12:42:05,185073.14,UPI,Success
2162,2162,2025-11-28 20:43:38,614918.67,UPI,Success
2163,2163,2026-06-10 13:57:21,802612.62,Debit Card,Success
2164,2164,2026-06-29 21:51:23,480454.79,Debit Card,Success
2165,2165,2024-04-14 14:48:26,100366.34,Credit Card,Success
2166,2166,2026-05-12 21:33:53,89579.19,Cash,Success
2167,2167,2026-06-23 09:27:28,206277.88,Credit Card,Success
2168,2168,2026-05-31 09:17:12,351215.28,Credit Card,Success
2169,2169,2026-06-01 10:31:12,616602.9,Debit Card,Success
2170,2170,2026-06-29 20:50:05,573507.94,Cash,Success
2171,2171,2026-06-27 09:29:33,155820.31,UPI,Success
2172,2172,2026-06-06 13:27:04,347896.34,UPI,Success
2173,2173,2026-06-15 18:17:03,270410.02,Debit Card,Success
2174,2174,2026-05-23 12:08:43,339014.74,Credit Card,Success
2175,2175,2025-11-23 09:22:46,145625.96,Debit Card,Success
2176,2176,2026-04-18 19:43:34,25861.09,Credit Card,Success
2177,2177,2026-04-26 18:23:27,16114.81,Credit Card,Success
2178,2178,2026-06-21 13:00:20,241840.66,Cash,Success
2179,2179,2026-06-17 16:29:35,0.0,Debit Card,Failed
2180,2180,2025-11-10 21:17:15,192441.74,Cash,Refunded
2181,2181,2025-08-31 17:19:15,695533.58,Credit Card,Success
2182,2182,2026-03-22 11:17:01,245744.33,Credit Card,Success
2183,2183,2025-11-05 13:01:52,638731.52,Credit Card,Success
2184,2184,2024-10-19 21:52:08,653156.8,Debit Card,Success
2185,2185,2026-06-11 09:20:55,243042.9,Debit Card,Success
2186,2186,2026-06-25 12:02:25,0.0,UPI,Failed
2187,2187,2026-05-29 18:43:11,736412.59,Debit Card,Success
2188,2188,2026-05-31 20:16:14,90246.14,Cash,Success
2189,2189,2026-06-02 11:21:43,487623.75,Cash,Success
2190,2190,2026-06-14 10:31:39,374463.67,Cash,Success
2191,2191,2026-06-08 13:27:08,17385.12,UPI,Success
2192,2192,2025-10-29 18:43:33,663434.69,UPI,Success
2193,2193,2026-04-28 15:00:20,122364.42,Debit Card,Success
2194,2194,2026-01-02 12:03:24,758.57,UPI,Success
2195,2195,2026-02-25 18:46:38,944682.54,Debit Card,Success
2196,2196,2024-11-30 09:03:45,338861.82,Debit Card,Success
2197,2197,2026-05-04 19:17:11,476164.26,UPI,Success
2198,2198,2026-05-16 12:07:08,158001.35,Cash,Success
2199,2199,2025-10-29 10:28:56,321001.81,UPI,Success
2200,2200,2026-02-20 13:47:30,0.0,UPI,Failed
2201,2201,2025-10-31 17:27:03,428973.53,UPI,Success
2202,2202,2026-06-03 14:11:39,466133.85,Credit Card,Success
2203,2203,2025-07-08 20:58:02,197786.76,Credit Card,Success
2204,2204,2026-06-25 09:16:57,153732.62,Debit Card,Success
2205,2205,2026-03-19 16:52:48,712216.54,Cash,Success
2206,2206,2026-06-21 11:26:36,569885.99,Cash,Success
2207,2207,2026-04-21 11:04:53,0.0,Credit Card,Failed
2208,2208,2026-06-27 19:27:40,308090.9,Debit Card,Success
2209,2209,2026-06-21 20:13:18,393162.74,Cash,Success
2210,2210,2026-06-21 18:22:06,360850.42,Credit Card,Success
2211,2211,2026-05-20 17:52:17,115330.65,UPI,Success
2212,2212,2026-05-22 18:59:45,531840.94,Credit Card,Success
2213,2213,2026-06-03 14:10:55,390913.46,Debit Card,Success
2214,2214,2026-05-15 15:55:55,693.83,Debit Card,Success
2215,2215,2026-01-18 18:25:57,571434.66,Credit Card,Success
2216,2216,2026-06-16 20:04:58,422297.0,UPI,Success
2217,2217,2026-05-20 12:21:01,0.0,Cash,Failed
2218,2218,2026-01-23 20:46:58,112843.08,Cash,Success
2219,2219,2026-06-01 18:36:45,40885.58,Cash,Success
2220,2220,2026-05-23 19:11:21,499452.25,UPI,Success
2221,2221,2026-06-28 16:13:54,473940.68,UPI,Success
2222,2222,2024-08-19 12:32:33,234791.26,Cash,Success
2223,2223,2026-01-01 19:37:54,110298.81,UPI,Success
2224,2224,2025-09-24 20:12:46,93867.88,Credit Card,Success
2225,2225,2026-06-28 14:34:19,444840.46,Credit Card,Success
2226,2226,2026-06-14 09:55:43,275361.83,UPI,Success
2227,2227,2026-06-07 13:43:49,397521.77,Cash,Success
2228,2228,2024-12-26 19:01:58,116954.59,Debit Card,Success
2229,2229,2026-05-29 17:08:36,208835.34,Cash,Success
2230,2230,2026-06-26 11:10:06,421487.43,Debit Card,Success
2231,2231,2026-04-28 19:42:26,0.0,Credit Card,Failed
2232,2232,2026-04-10 15:22:20,122813.28,Cash,Success
2233,2233,2026-04-26 10:15:16,18059.05,Credit Card,Success
2234,2234,2025-08-29 15:36:28,322875.42,Credit Card,Success
2235,2235,2026-06-27 11:19:43,679343.31,Cash,Success
2236,2236,2026-06-17 13:23:06,777211.32,Debit Card,Success
2237,2237,2026-05-10 10:58:32,399098.31,UPI,Success
2238,2238,2025-05-13 11:59:54,288210.11,Credit Card,Success
2239,2239,2026-01-24 15:09:32,29364.77,Debit Card,Success
2240,2240,2026-06-28 09:50:04,369630.6,Debit Card,Success
2241,2241,2026-05-12 10:05:39,70221.0,Debit Card,Success
2242,2242,2026-05-31 17:48:26,181254.86,Credit Card,Success
2243,2243,2026-06-21 09:37:39,571848.31,Cash,Success
2244,2244,2025-10-23 20:09:13,637627.08,Credit Card,Success
2245,2245,2026-05-01 19:09:52,107199.74,Credit Card,Success
2246,2246,2026-03-23 11:54:17,264905.32,Debit Card,Success
2247,2247,2025-01-19 12:24:24,95356.06,Credit Card,Success
2248,2248,2026-06-27 09:34:13,15524.14,UPI,Success
2249,2249,2026-06-26 13:42:00,190263.15,UPI,Success
2250,2250,2026-06-30 12:42:16,418497.75,UPI,Success
2251,2251,2026-06-05 19:36:00,746890.05,Credit Card,Success
2252,2252,2026-04-25 20:00:51,414696.07,Debit Card,Success
2253,2253,2025-09-26 17:39:48,205569.04,Credit Card,Success
2254,2254,2026-04-09 16:20:54,43516.82,Credit Card,Success
2255,2255,2026-01-11 20:34:42,291572.81,UPI,Success
2256,2256,2026-01-07 14:49:23,0.0,Credit Card,Failed
2257,2257,2026-03-13 18:04:27,585138.92,Credit Card,Success
2258,2258,2026-05-01 11:18:00,75679.42,Credit Card,Success
2259,2259,2026-05-13 14:57:41,377286.27,UPI,Success
2260,2260,2026-02-22 10:44:26,12725.44,Debit Card,Success
2261,2261,2026-05-16 15:03:47,180723.1,Debit Card,Success
2262,2262,2026-06-28 18:53:17,193054.47,UPI,Success
2263,2263,2026-06-04 17:22:06,296669.59,Credit Card,Success
2264,2264,2025-10-11 15:14:53,71798.55,Cash,Success
2265,2265,2026-01-18 14:06:51,114356.94,UPI,Success
2266,2266,2026-06-04 17:35:09,431148.75,UPI,Success
2267,2267,2026-06-29 14:56:21,172665.86,Cash,Success
2268,2268,2025-06-23 11:17:08,193234.75,Credit Card,Success
2269,2269,2026-06-14 16:49:32,0.0,Credit Card,Failed
2270,2270,2026-04-14 16:47:52,82170.72,Credit Card,Success
2271,2271,2026-06-22 13:59:51,375604.53,Cash,Success
2272,2272,2026-03-15 20:01:35,561108.48,Debit Card,Success
2273,2273,2025-12-29 20:22:04,323211.44,UPI,Success
2274,2274,2026-06-15 14:15:37,65396.2,Credit Card,Success
2275,2275,2026-05-22 20:21:29,249964.78,Cash,Success
2276,2276,2025-12-22 16:39:03,428715.96,Cash,Success
2277,2277,2026-06-06 16:01:35,192780.34,Cash,Success
2278,2278,2025-08-27 12:40:01,783127.78,UPI,Success
2279,2279,2026-03-23 15:13:09,276070.9,Cash,Success
2280,2280,2025-12-14 11:04:40,50961.65,Debit Card,Success
2281,2281,2026-06-17 20:08:35,86178.34,UPI,Success
2282,2282,2026-06-30 19:32:54,146159.12,UPI,Success
2283,2283,2026-06-18 21:09:41,225444.19,Cash,Success
2284,2284,2026-02-07 20:50:54,0.0,Credit Card,Failed
2285,2285,2026-06-13 16:43:08,393849.06,Credit Card,Success
2286,2286,2026-03-22 11:28:35,44994.64,Credit Card,Success
2287,2287,2026-03-25 17:44:59,222521.69,Credit Card,Success
2288,2288,2026-06-04 09:24:45,140983.07,Debit Card,Success
2289,2289,2026-06-25 17:41:26,483199.44,UPI,Success
2290,2290,2026-06-29 12:30:22,60430.11,Cash,Success
2291,2291,2026-06-03 12:48:06,32318.85,Debit Card,Success
2292,2292,2026-05-12 14:26:21,236708.31,Credit Card,Success
2293,2293,2026-05-11 20:01:02,853247.64,UPI,Success
2294,2294,2026-06-29 18:40:43,504448.11,Credit Card,Success
2295,2295,2026-04-01 13:23:02,238866.68,Credit Card,Success
2296,2296,2025-11-05 10:25:04,888203.24,Cash,Success
2297,2297,2026-05-13 10:53:09,0.0,Debit Card,Failed
2298,2298,2026-06-29 09:19:25,207127.63,Cash,Success
2299,2299,2026-06-26 21:42:38,40406.8,Debit Card,Success
2300,2300,2026-05-25 16:46:28,313486.03,Debit Card,Success
2301,2301,2025-07-15 19:25:51,279910.11,UPI,Success
2302,2302,2026-06-17 13:22:26,0.0,Cash,Failed
2303,2303,2026-05-21 21:20:52,89199.36,UPI,Success
2304,2304,2026-05-27 09:14:27,248439.9,Debit Card,Success
2305,2305,2026-06-12 12:52:31,282051.32,Debit Card,Success
2306,2306,2026-04-23 18:34:23,243487.97,Debit Card,Success
2307,2307,2026-06-30 11:47:28,515425.58,Credit Card,Success
2308,2308,2026-06-08 20:08:08,304590.07,UPI,Success
2309,2309,2026-06-30 20:51:19,435601.05,Debit Card,Success
2310,2310,2025-06-26 13:07:24,283502.29,UPI,Success
2311,2311,2026-06-18 14:46:47,459530.05,Debit Card,Success
2312,2312,2026-02-28 09:39:58,461277.26,Debit Card,Success
2313,2313,2026-06-29 16:53:16,344691.32,Debit Card,Success
2314,2314,2026-06-25 17:19:41,298309.11,Debit Card,Success
2315,2315,2026-06-10 18:14:27,519641.72,Debit Card,Success
2316,2316,2026-06-06 11:08:32,257352.01,Debit Card,Success
2317,2317,2026-06-30 14:00:06,345443.99,Debit Card,Success
2318,2318,2026-06-07 15:49:56,318960.45,Credit Card,Success
2319,2319,2026-05-03 20:34:51,242346.95,UPI,Success
2320,2320,2026-03-19 17:29:18,453433.68,Credit Card,Success
2321,2321,2026-05-18 11:34:54,519841.08,UPI,Success
2322,2322,2026-02-07 20:55:11,99867.94,Cash,Success
2323,2323,2026-05-22 16:34:07,268695.86,UPI,Success
2324,2324,2026-06-22 10:06:08,101532.77,Cash,Refunded
2325,2325,2026-06-12 12:01:58,0.0,Cash,Failed
2326,2326,2025-11-05 19:53:14,420578.31,Cash,Success
2327,2327,2025-01-07 12:50:28,0.0,Credit Card,Failed
2328,2328,2025-12-03 14:45:47,0.0,Credit Card,Failed
2329,2329,2026-05-26 10:21:09,307334.28,UPI,Success
2330,2330,2025-10-05 13:27:01,226650.29,Cash,Success
2331,2331,2025-06-08 16:26:54,323283.28,UPI,Success
2332,2332,2026-06-03 21:26:52,44337.97,UPI,Success
2333,2333,2026-06-26 21:18:24,254343.57,Cash,Success
2334,2334,2026-04-21 19:31:57,274934.68,Credit Card,Success
2335,2335,2026-06-21 11:32:43,287562.47,Credit Card,Success
2336,2336,2025-02-04 13:47:02,0.0,Cash,Failed
2337,2337,2025-11-20 09:18:47,474208.04,Debit Card,Success
2338,2338,2026-06-22 21:22:59,212248.61,Debit Card,Success
2339,2339,2026-04-17 11:20:34,766367.74,UPI,Success
2340,2340,2025-09-28 16:57:15,0.0,Debit Card,Failed
2341,2341,2026-05-12 15:54:47,52543.83,UPI,Success
2342,2342,2026-01-11 19:01:12,871473.01,Credit Card,Success
2343,2343,2026-06-28 17:35:29,108525.64,Debit Card,Success
2344,2344,2025-06-05 20:09:18,0.0,Cash,Failed
2345,2345,2026-06-02 16:50:27,223459.74,Credit Card,Success
2346,2346,2026-06-21 21:27:32,142544.24,Debit Card,Success
2347,2347,2026-03-09 12:11:19,168362.31,UPI,Success
2348,2348,2026-06-03 13:20:27,455428.21,UPI,Success
2349,2349,2025-10-23 16:52:35,74142.21,Credit Card,Success
2350,2350,2026-06-26 19:38:20,45301.97,Cash,Success
2351,2351,2026-06-27 09:33:41,379191.51,Cash,Success
2352,2352,2026-02-13 18:46:12,373715.0,UPI,Success
2353,2353,2026-01-13 13:20:45,275990.35,UPI,Success
2354,2354,2026-05-29 11:17:03,439437.75,UPI,Success
2355,2355,2026-06-16 20:10:43,65793.24,UPI,Success
2356,2356,2025-10-19 20:09:06,76877.37,Cash,Success
2357,2357,2025-11-21 16:05:06,221285.69,Cash,Success
2358,2358,2026-06-01 11:00:25,479994.92,Cash,Success
2359,2359,2025-12-13 11:55:08,86662.42,UPI,Success
2360,2360,2026-06-28 18:10:11,98824.21,UPI,Success
2361,2361,2026-06-05 19:03:06,0.0,Debit Card,Failed
2362,2362,2024-05-08 10:55:13,220857.15,Cash,Success
2363,2363,2026-01-17 10:16:14,13749.87,UPI,Success
2364,2364,2025-10-04 10:52:13,752828.41,UPI,Success
2365,2365,2026-06-05 15:52:18,347449.96,Debit Card,Success
2366,2366,2026-06-10 15:28:49,341430.25,Debit Card,Success
2367,2367,2025-07-19 11:22:37,286310.79,Cash,Success
2368,2368,2026-04-11 20:13:46,356334.61,Credit Card,Success
2369,2369,2026-06-14 21:39:40,442525.63,Credit Card,Success
2370,2370,2026-02-11 19:45:35,139142.65,UPI,Success
2371,2371,2026-05-18 12:25:25,185822.35,Debit Card,Success
2372,2372,2026-06-13 15:24:52,349831.12,UPI,Success
2373,2373,2026-06-29 22:02:24,0.0,Cash,Failed
2374,2374,2026-06-30 19:39:03,735195.6,Cash,Success
2375,2375,2026-06-01 13:40:50,310629.21,Cash,Refunded
2376,2376,2026-06-25 11:23:56,638401.59,Debit Card,Success
2377,2377,2026-06-27 20:27:42,259602.53,UPI,Success
2378,2378,2026-02-24 21:46:56,270048.64,UPI,Success
2379,2379,2026-05-24 12:10:18,70890.82,UPI,Success
2380,2380,2026-03-16 18:14:19,310485.62,Debit Card,Success
2381,2381,2026-06-28 19:47:59,442200.14,Cash,Success
2382,2382,2025-10-29 14:19:13,0.0,Cash,Failed
2383,2383,2026-06-16 17:51:27,327173.58,UPI,Success
2384,2384,2024-12-24 15:51:34,161436.67,Credit Card,Success
2385,2385,2026-06-09 12:41:38,327490.93,UPI,Success
2386,2386,2026-02-21 10:26:55,145081.66,Cash,Success
2387,2387,2025-07-09 16:03:50,431779.25,UPI,Success
2388,2388,2025-08-21 09:25:01,424189.49,Credit Card,Success
2389,2389,2026-04-30 09:32:44,356849.84,UPI,Success
2390,2390,2026-05-12 13:41:39,86055.51,UPI,Success
2391,2391,2026-04-05 11:32:46,428367.05,Credit Card,Success
2392,2392,2026-06-17 13:31:50,444253.43,Debit Card,Success
2393,2393,2026-05-27 11:30:41,203683.0,Cash,Success
2394,2394,2026-06-16 15:55:44,200716.12,Cash,Success
2395,2395,2026-06-07 18:14:29,445984.3,Cash,Success
2396,2396,2024-08-07 12:28:52,66667.78,UPI,Success
2397,2397,2025-07-22 19:14:11,177155.48,Cash,Success
2398,2398,2026-06-10 13:41:29,168668.54,UPI,Success
2399,2399,2025-07-30 15:45:56,240197.2,Cash,Success
2400,2400,2026-06-20 10:05:06,0.0,Debit Card,Failed
2401,2401,2026-04-23 10:35:49,197070.79,Debit Card,Success
2402,2402,2026-04-19 18:06:48,85164.95,Debit Card,Success
2403,2403,2026-05-25 13:19:30,357455.94,Debit Card,Success
2404,2404,2026-06-07 21:21:43,517867.9,Cash,Success
2405,2405,2026-06-15 18:37:51,364391.61,UPI,Success
2406,2406,2025-08-12 15:40:38,521363.33,Credit Card,Success
2407,2407,2026-04-18 10:33:00,0.0,Credit Card,Failed
2408,2408,2026-06-11 19:48:05,395813.78,Debit Card,Success
2409,2409,2026-04-13 12:04:58,0.0,UPI,Failed
2410,2410,2026-06-22 10:32:58,214288.72,Credit Card,Success
2411,2411,2026-06-25 18:46:02,433866.26,Debit Card,Success
2412,2412,2026-06-22 17:58:47,0.0,UPI,Failed
2413,2413,2025-01-14 09:18:20,289189.69,UPI,Success
2414,2414,2026-06-01 18:43:06,178017.44,Credit Card,Success
2415,2415,2026-05-25 17:32:03,112060.82,UPI,Success
2416,2416,2026-06-29 21:00:05,710554.7,Cash,Success
2417,2417,2026-06-29 20:11:37,1163915.66,Cash,Success
2418,2418,2025-05-11 14:03:29,249463.22,Cash,Success
2419,2419,2026-06-25 21:48:05,135244.78,UPI,Success
2420,2420,2026-04-13 19:20:20,175718.3,Debit Card,Success
2421,2421,2025-07-05 15:33:54,197776.43,Cash,Success
2422,2422,2026-06-22 12:41:04,239414.7,Credit Card,Success
2423,2423,2026-06-29 13:47:07,367248.62,Debit Card,Success
2424,2424,2026-06-23 11:20:41,493773.87,Credit Card,Success
2425,2425,2026-04-16 20:21:05,338945.26,Debit Card,Success
2426,2426,2026-06-14 18:50:27,0.0,Cash,Failed
2427,2427,2026-06-21 17:25:52,127333.04,UPI,Success
2428,2428,2026-06-25 19:33:47,30293.41,Debit Card,Success
2429,2429,2026-06-22 14:21:31,328928.68,Cash,Success
2430,2430,2026-06-25 18:46:39,316371.1,Cash,Success
2431,2431,2026-06-28 15:43:18,83231.97,Cash,Success
2432,2432,2024-08-06 09:33:06,348072.33,Credit Card,Success
2433,2433,2026-05-02 16:28:42,537142.37,Credit Card,Success
2434,2434,2026-06-25 17:28:56,416141.12,Cash,Success
2435,2435,2025-08-30 16:18:24,182180.32,Debit Card,Success
2436,2436,2026-02-09 14:09:16,430401.16,UPI,Success
2437,2437,2026-06-21 09:12:18,146514.46,Cash,Success
2438,2438,2025-05-14 12:06:52,349248.77,UPI,Success
2439,2439,2026-06-11 09:55:44,173267.31,Debit Card,Success
2440,2440,2026-05-06 09:45:52,274997.63,Debit Card,Success
2441,2441,2025-05-31 21:49:06,602288.61,Credit Card,Success
2442,2442,2026-06-28 15:13:12,305541.24,Credit Card,Success
2443,2443,2026-06-19 11:16:09,322377.44,Credit Card,Success
2444,2444,2025-12-13 13:05:34,368176.89,UPI,Success
2445,2445,2026-04-13 12:27:38,355679.64,Credit Card,Success
2446,2446,2026-02-09 10:10:46,265436.89,Debit Card,Success
2447,2447,2025-09-14 12:26:56,463310.29,Debit Card,Success
2448,2448,2026-06-25 19:10:52,304011.48,UPI,Success
2449,2449,2026-06-11 21:34:59,740386.69,Cash,Success
2450,2450,2026-06-02 09:56:59,106809.23,Debit Card,Success
2451,2451,2026-06-01 14:37:35,54515.3,Credit Card,Refunded
2452,2452,2026-06-08 12:09:08,369349.4,Credit Card,Success
2453,2453,2024-12-15 13:14:39,993627.63,Credit Card,Success
2454,2454,2025-11-08 13:05:39,187510.31,Debit Card,Success
2455,2455,2026-05-20 11:01:41,677067.81,Cash,Success
2456,2456,2026-01-15 13:55:56,269416.57,Credit Card,Success
2457,2457,2026-04-25 19:42:43,11519.36,Debit Card,Success
2458,2458,2025-10-12 12:51:22,411287.62,Debit Card,Success
2459,2459,2026-04-08 12:31:35,600073.53,Debit Card,Success
2460,2460,2026-04-02 12:53:42,640711.87,Debit Card,Success
2461,2461,2025-11-12 13:01:46,80454.37,UPI,Success
2462,2462,2026-06-10 17:21:22,451433.78,Cash,Success
2463,2463,2026-06-23 21:02:34,406137.26,Cash,Success
2464,2464,2026-04-10 18:35:36,610192.64,UPI,Success
2465,2465,2026-04-26 17:47:51,374036.07,Cash,Success
2466,2466,2026-05-29 15:28:26,97076.29,Credit Card,Success
2467,2467,2026-02-01 17:02:02,420098.18,UPI,Success
2468,2468,2025-08-28 11:08:14,3029.41,Credit Card,Success
2469,2469,2026-06-15 11:31:14,452239.5,Credit Card,Success
2470,2470,2026-06-07 20:29:39,60318.72,UPI,Success
2471,2471,2026-04-09 13:20:29,472885.12,Credit Card,Success
2472,2472,2025-03-08 22:04:51,0.0,Credit Card,Failed
2473,2473,2025-12-29 20:13:57,76785.11,Debit Card,Success
2474,2474,2026-04-07 21:05:17,469892.86,Credit Card,Success
2475,2475,2026-02-12 20:27:21,321747.61,Cash,Success
2476,2476,2026-06-01 14:35:21,74168.36,Credit Card,Success
2477,2477,2024-07-01 15:18:53,505908.46,Cash,Success
2478,2478,2026-06-05 13:13:23,363428.32,UPI,Success
2479,2479,2026-05-20 19:18:39,250812.23,Credit Card,Success
2480,2480,2026-06-12 12:05:14,298809.23,Cash,Success
2481,2481,2026-06-21 21:10:33,259781.11,Debit Card,Success
2482,2482,2026-04-24 18:35:25,173906.68,Cash,Success
2483,2483,2026-06-06 10:32:10,186419.87,UPI,Success
2484,2484,2026-05-16 11:09:19,284638.48,Debit Card,Success
2485,2485,2025-01-16 14:47:15,244921.83,Cash,Success
2486,2486,2026-06-08 16:58:53,0.0,Cash,Failed
2487,2487,2026-04-22 09:22:07,355000.99,Cash,Success
2488,2488,2026-06-15 13:44:49,0.0,UPI,Failed
2489,2489,2026-03-05 09:30:06,230533.15,Cash,Success
2490,2490,2026-06-21 19:17:13,132269.88,Debit Card,Success
2491,2491,2026-03-23 10:42:03,0.0,Cash,Failed
2492,2492,2026-06-24 18:50:21,647371.48,Credit Card,Success
2493,2493,2026-03-31 15:48:45,132226.98,Credit Card,Success
2494,2494,2026-04-06 20:27:22,0.0,Cash,Failed
2495,2495,2025-12-16 18:49:51,24904.94,UPI,Success
2496,2496,2026-06-30 14:56:51,0.0,Debit Card,Failed
2497,2497,2025-08-18 15:49:40,373586.19,UPI,Success
2498,2498,2026-06-24 10:26:21,309190.81,Credit Card,Success
2499,2499,2025-11-09 16:01:50,268695.86,UPI,Success
2500,2500,2026-05-15 19:43:44,397245.76,UPI,Success
2501,2501,2026-06-29 15:32:45,473036.35,Cash,Success
2502,2502,2026-06-30 20:02:48,188093.42,Debit Card,Success
2503,2503,2025-12-14 17:07:52,22422.4,Debit Card,Success
2504,2504,2025-08-14 15:51:04,685518.36,Cash,Success
2505,2505,2025-12-30 12:13:43,335458.29,Cash,Success
2506,2506,2026-04-21 16:06:24,331832.21,Credit Card,Success
2507,2507,2025-12-20 14:24:08,375719.99,Cash,Success
2508,2508,2026-04-19 14:43:09,175954.81,Credit Card,Success
2509,2509,2026-06-28 20:22:41,78544.97,UPI,Success
2510,2510,2025-05-10 10:27:54,23292.78,Credit Card,Success
2511,2511,2025-06-11 09:57:15,178907.23,UPI,Success
2512,2512,2026-06-11 21:37:36,179268.97,UPI,Success
2513,2513,2026-03-13 20:10:13,461960.94,Cash,Success
2514,2514,2026-06-13 18:17:08,0.0,Credit Card,Failed
2515,2515,2025-06-10 16:43:35,472327.6,Credit Card,Success
2516,2516,2026-01-08 18:11:56,110671.02,UPI,Refunded
2517,2517,2025-04-19 10:13:49,156671.51,Credit Card,Success
2518,2518,2025-09-08 11:47:27,309820.62,Cash,Success
2519,2519,2026-06-09 14:14:51,487164.45,Debit Card,Success
2520,2520,2026-05-21 12:59:58,450277.1,Credit Card,Success
2521,2521,2026-04-27 15:22:59,441276.86,UPI,Success
2522,2522,2026-05-19 17:29:32,375680.69,Credit Card,Success
2523,2523,2024-12-28 21:37:18,426620.15,Debit Card,Success
2524,2524,2026-06-23 15:49:08,140975.31,UPI,Success
2525,2525,2026-06-03 18:33:20,264045.52,UPI,Success
2526,2526,2026-06-05 19:05:55,848067.0,Credit Card,Success
2527,2527,2026-06-01 20:35:11,562366.21,Cash,Success
2528,2528,2025-07-18 18:31:37,641928.06,Debit Card,Success
2529,2529,2026-06-07 11:12:08,325728.44,UPI,Success
2530,2530,2026-06-18 09:13:09,196922.79,Debit Card,Success
2531,2531,2026-02-19 18:03:44,0.0,Cash,Failed
2532,2532,2026-04-25 09:26:58,331745.02,UPI,Success
2533,2533,2026-03-01 11:33:07,472788.95,Cash,Success
2534,2534,2026-02-26 09:19:14,156397.58,Credit Card,Success
2535,2535,2026-06-18 16:42:43,436065.27,Credit Card,Success
2536,2536,2025-07-15 16:42:46,177953.36,Credit Card,Success
2537,2537,2025-06-15 14:11:45,256132.18,Cash,Success
2538,2538,2026-06-23 09:35:12,404471.61,UPI,Success
2539,2539,2026-06-30 15:16:00,375586.92,Credit Card,Success
2540,2540,2025-04-22 10:05:56,267345.3,Credit Card,Success
2541,2541,2026-05-11 11:34:52,263160.66,Cash,Success
2542,2542,2026-01-13 12:55:13,695852.57,Cash,Success
2543,2543,2026-02-03 09:53:32,163311.0,UPI,Success
2544,2544,2026-01-15 20:57:40,281063.03,UPI,Success
2545,2545,2026-06-16 19:47:16,157894.7,Cash,Success
2546,2546,2026-03-19 11:06:35,318626.05,UPI,Refunded
2547,2547,2026-05-29 10:58:12,95056.84,Credit Card,Success
2548,2548,2026-06-30 19:09:13,68586.99,UPI,Success
2549,2549,2026-01-28 11:05:21,224464.4,Debit Card,Success
2550,2550,2026-06-28 17:52:44,153790.32,Cash,Success
2551,2551,2025-02-05 12:37:46,237302.7,Debit Card,Success
2552,2552,2026-05-24 13:41:04,316567.1,Credit Card,Success
2553,2553,2026-04-15 14:28:24,493525.18,UPI,Success
2554,2554,2026-06-24 12:38:40,441301.88,Cash,Success
2555,2555,2026-04-04 13:33:20,220522.02,UPI,Success
2556,2556,2026-05-18 19:02:06,440913.86,Credit Card,Success
2557,2557,2026-01-23 13:33:07,268237.0,UPI,Success
2558,2558,2025-11-28 09:13:59,635320.27,Debit Card,Success
2559,2559,2026-05-03 10:34:57,77012.84,Credit Card,Success
2560,2560,2025-08-18 20:11:27,423384.27,UPI,Success
2561,2561,2026-01-10 21:42:27,127449.45,Credit Card,Success
2562,2562,2026-06-02 15:32:22,19454.85,Debit Card,Success
2563,2563,2025-07-11 11:33:04,348378.85,Cash,Success
2564,2564,2026-06-25 14:37:13,98341.2,UPI,Success
2565,2565,2026-06-19 14:35:20,429094.29,UPI,Success
2566,2566,2025-07-23 14:25:15,213777.24,UPI,Success
2567,2567,2026-05-16 13:12:24,305911.05,Debit Card,Success
2568,2568,2026-06-29 14:43:02,58629.24,Credit Card,Success
2569,2569,2025-09-11 15:40:31,334776.64,Credit Card,Success
2570,2570,2026-01-24 11:58:32,5345.18,Credit Card,Success
2571,2571,2025-08-23 16:51:24,26612.66,UPI,Success
2572,2572,2026-05-22 14:13:40,316515.2,Debit Card,Success
2573,2573,2025-09-29 14:17:55,570667.19,UPI,Success
2574,2574,2026-04-20 12:10:51,150075.18,UPI,Success
2575,2575,2025-12-28 19:01:30,565090.39,Debit Card,Success
2576,2576,2026-06-18 16:50:53,173308.87,Cash,Success
2577,2577,2026-03-11 21:35:30,765688.98,Cash,Success
2578,2578,2026-05-13 21:35:18,257810.79,Credit Card,Success
2579,2579,2026-06-06 17:59:24,160799.61,Cash,Success
2580,2580,2024-09-08 17:07:05,162061.52,Cash,Success
2581,2581,2026-05-14 13:17:12,178601.73,Credit Card,Success
2582,2582,2026-06-03 09:29:47,786609.43,Debit Card,Success
2583,2583,2026-03-27 16:34:06,487471.75,Debit Card,Success
2584,2584,2026-06-19 10:45:37,165702.44,Debit Card,Success
2585,2585,2026-06-25 20:42:27,397566.52,Credit Card,Success
2586,2586,2026-06-21 13:08:38,253179.01,Credit Card,Success
2587,2587,2026-06-10 12:19:49,261875.22,Credit Card,Success
2588,2588,2025-04-25 12:09:52,421860.45,UPI,Success
2589,2589,2026-03-23 20:25:12,443626.66,Cash,Success
2590,2590,2025-12-29 10:44:04,200929.72,Debit Card,Success
2591,2591,2026-06-20 09:25:44,343594.98,Debit Card,Success
2592,2592,2025-12-17 21:09:21,5780.94,Cash,Success
2593,2593,2026-03-13 14:07:47,572278.29,Cash,Success
2594,2594,2026-06-18 15:08:01,182377.32,Credit Card,Success
2595,2595,2026-06-30 18:49:13,348499.83,Debit Card,Success
2596,2596,2026-05-19 16:59:35,153673.1,Cash,Success
2597,2597,2026-01-11 17:39:45,245251.93,Cash,Success
2598,2598,2026-06-05 10:23:36,193014.25,Cash,Success
2599,2599,2026-06-26 13:07:45,78097.85,Debit Card,Success
2600,2600,2026-06-04 13:50:53,582536.85,Debit Card,Success
2601,2601,2025-07-17 16:45:08,84338.93,Credit Card,Success
2602,2602,2026-06-04 21:37:09,47347.67,Debit Card,Success
2603,2603,2026-06-28 18:58:10,122400.6,Debit Card,Refunded
2604,2604,2026-01-11 09:09:51,0.0,UPI,Failed
2605,2605,2025-07-17 17:27:42,0.0,Debit Card,Failed
2606,2606,2026-02-02 21:04:20,210030.42,Cash,Success
2607,2607,2025-12-09 12:59:09,171973.52,Debit Card,Success
2608,2608,2026-06-07 20:04:56,485850.14,Cash,Success
2609,2609,2026-05-28 15:55:41,832191.65,Credit Card,Success
2610,2610,2024-05-27 10:59:03,126484.93,Cash,Success
2611,2611,2025-11-26 18:43:15,194119.48,Debit Card,Success
2612,2612,2026-04-29 09:58:19,427600.14,Credit Card,Success
2613,2613,2026-06-29 19:24:21,106912.14,Cash,Success
2614,2614,2026-06-19 18:47:03,136482.53,Credit Card,Success
2615,2615,2025-07-08 19:31:26,351744.97,UPI,Success
2616,2616,2026-06-16 11:44:58,3284.42,Debit Card,Success
2617,2617,2026-05-14 11:49:40,416909.61,Cash,Success
2618,2618,2026-06-25 17:04:44,360710.31,Credit Card,Refunded
2619,2619,2026-01-10 20:19:04,104979.49,Credit Card,Refunded
2620,2620,2026-06-25 19:39:13,404800.92,Cash,Success
2621,2621,2026-05-22 15:33:59,48059.77,Credit Card,Success
2622,2622,2024-07-12 10:39:37,208043.07,Cash,Refunded
2623,2623,2026-05-31 18:18:30,644390.46,UPI,Refunded
2624,2624,2026-04-27 21:53:06,636383.84,UPI,Success
2625,2625,2026-06-01 17:41:30,516704.8,Credit Card,Success
2626,2626,2026-05-10 21:21:26,671907.89,Cash,Success
2627,2627,2024-07-06 10:47:41,96410.14,Cash,Success
2628,2628,2026-06-04 15:13:37,698521.96,Cash,Success
2629,2629,2026-06-23 18:02:44,448500.83,UPI,Success
2630,2630,2026-02-21 19:27:05,0.0,Cash,Failed
2631,2631,2026-06-06 18:00:41,153459.83,Cash,Success
2632,2632,2026-02-15 16:25:37,578751.65,Credit Card,Success
2633,2633,2026-06-05 14:26:39,198703.36,UPI,Success
2634,2634,2025-12-07 18:54:31,211420.75,Debit Card,Success
2635,2635,2026-04-30 14:53:34,0.0,Cash,Failed
2636,2636,2026-06-12 13:15:49,30421.66,Credit Card,Success
2637,2637,2026-05-27 16:40:37,153789.59,Credit Card,Success
2638,2638,2026-04-26 15:03:25,233922.33,Debit Card,Success
2639,2639,2024-07-01 19:10:53,0.0,UPI,Failed
2640,2640,2026-06-25 19:31:49,0.0,Debit Card,Failed
2641,2641,2024-12-12 13:41:45,294724.27,Cash,Success
2642,2642,2026-03-25 14:42:29,305592.39,Cash,Refunded
2643,2643,2026-06-19 11:39:12,0.0,Credit Card,Failed
2644,2644,2025-12-28 19:08:04,216182.57,Debit Card,Success
2645,2645,2024-10-23 16:24:10,32291.8,Debit Card,Success
2646,2646,2025-12-28 11:20:10,360305.5,Cash,Success
2647,2647,2026-06-08 10:48:35,0.0,UPI,Failed
2648,2648,2026-03-17 21:36:40,11779.5,Credit Card,Success
2649,2649,2026-05-17 15:48:45,382674.19,Debit Card,Success
2650,2650,2026-04-25 14:24:30,0.0,Credit Card,Failed
2651,2651,2025-11-04 20:58:20,619773.28,UPI,Success
2652,2652,2026-05-17 19:56:17,354409.15,Debit Card,Success
2653,2653,2026-01-31 15:53:49,431391.06,UPI,Success
2654,2654,2026-03-31 18:06:31,327079.42,Cash,Success
2655,2655,2026-04-18 14:15:16,154360.46,UPI,Success
2656,2656,2026-06-29 16:00:35,0.0,Debit Card,Failed
2657,2657,2026-06-18 17:14:42,228942.48,Credit Card,Success
2658,2658,2025-07-23 17:56:54,735150.09,UPI,Success
2659,2659,2026-06-18 19:17:54,195363.04,UPI,Success
2660,2660,2026-03-28 13:36:20,335063.89,Debit Card,Success
2661,2661,2026-02-04 16:27:33,88265.91,Credit Card,Success
2662,2662,2026-06-11 11:54:56,480211.56,Debit Card,Success
2663,2663,2026-06-10 12:44:53,140050.72,UPI,Success
2664,2664,2026-05-06 20:22:55,350957.5,Credit Card,Success
2665,2665,2025-12-01 14:54:03,716212.92,UPI,Success
2666,2666,2026-04-20 17:19:25,286225.34,Credit Card,Success
2667,2667,2026-04-30 16:22:17,330796.69,Credit Card,Success
2668,2668,2026-04-01 09:46:29,850071.02,Cash,Success
2669,2669,2025-09-17 18:21:17,652598.68,Credit Card,Success
2670,2670,2026-06-08 18:02:01,210503.46,Credit Card,Success
2671,2671,2026-06-04 14:10:43,365668.08,UPI,Success
2672,2672,2026-01-13 14:11:42,298133.49,Cash,Success
2673,2673,2026-06-20 14:17:56,679614.68,Cash,Success
2674,2674,2025-11-29 21:47:43,410678.34,Credit Card,Success
2675,2675,2026-05-09 16:42:54,506005.31,Credit Card,Success
2676,2676,2026-05-11 20:50:57,707096.26,UPI,Success
2677,2677,2026-01-17 09:18:55,308381.39,Credit Card,Success
2678,2678,2026-04-03 11:39:27,199890.89,Credit Card,Success
2679,2679,2026-02-28 10:53:03,492513.21,Debit Card,Success
2680,2680,2026-06-19 20:46:22,3817.0,UPI,Success
2681,2681,2026-06-27 09:54:38,73059.18,Debit Card,Success
2682,2682,2026-06-21 14:07:05,669790.48,UPI,Success
2683,2683,2026-01-18 14:27:48,102835.04,Credit Card,Success
2684,2684,2025-08-02 21:29:08,265809.08,Debit Card,Success
2685,2685,2025-08-10 16:14:15,144892.48,Cash,Success
2686,2686,2026-06-16 19:25:53,338423.1,Cash,Success
2687,2687,2026-06-05 21:28:16,133820.5,UPI,Success
2688,2688,2026-05-27 17:23:33,137652.4,Debit Card,Success
2689,2689,2026-05-31 11:10:37,444145.62,Credit Card,Success
2690,2690,2026-06-09 10:43:53,13803.56,Cash,Success
2691,2691,2026-06-14 18:28:04,96317.62,UPI,Success
2692,2692,2025-08-21 09:48:21,332120.06,UPI,Success
2693,2693,2024-08-27 19:48:46,290719.17,Cash,Success
2694,2694,2026-05-23 21:20:17,208530.15,UPI,Success
2695,2695,2026-06-10 17:07:19,53572.96,Debit Card,Success
2696,2696,2025-08-27 19:10:03,304941.41,Credit Card,Success
2697,2697,2026-04-18 13:24:02,17826.79,Credit Card,Success
2698,2698,2026-02-02 10:22:16,249593.53,Credit Card,Success
2699,2699,2026-06-03 15:37:11,221458.34,Credit Card,Success
2700,2700,2026-06-23 18:11:47,179374.42,Cash,Success
2701,2701,2026-05-30 20:15:41,4229.89,Debit Card,Success
2702,2702,2025-09-04 21:09:56,0.0,Credit Card,Failed
2703,2703,2026-02-22 18:38:30,63801.36,Debit Card,Success
2704,2704,2026-06-14 15:15:43,23816.95,Credit Card,Success
2705,2705,2026-06-28 11:32:57,232208.45,Debit Card,Success
2706,2706,2026-06-03 12:55:10,102234.82,UPI,Success
2707,2707,2026-05-31 20:06:46,436112.47,Cash,Success
2708,2708,2025-05-03 11:15:37,197491.74,Debit Card,Success
2709,2709,2026-03-24 16:23:43,362408.04,UPI,Success
2710,2710,2025-07-30 14:17:36,458653.03,Debit Card,Success
2711,2711,2026-02-28 19:25:22,33004.88,Debit Card,Success
2712,2712,2026-01-20 12:07:16,95420.61,Credit Card,Success
2713,2713,2025-01-03 11:50:41,62864.04,Cash,Success
2714,2714,2026-06-25 16:41:39,0.0,Credit Card,Failed
2715,2715,2026-05-29 14:58:03,385732.93,Credit Card,Success
2716,2716,2026-06-10 21:30:03,37459.42,Credit Card,Success
2717,2717,2025-06-30 18:58:46,318845.69,Credit Card,Success
2718,2718,2026-06-25 16:51:22,289969.32,UPI,Success
2719,2719,2025-10-28 21:34:34,100729.51,Debit Card,Success
2720,2720,2026-06-18 16:16:04,0.0,Debit Card,Failed
2721,2721,2026-06-08 12:25:24,305960.35,Credit Card,Success
2722,2722,2026-04-26 09:11:15,817999.56,Debit Card,Success
2723,2723,2026-03-02 11:07:49,407519.71,UPI,Success
2724,2724,2025-11-17 21:47:24,260102.92,Credit Card,Success
2725,2725,2026-05-20 15:57:00,582732.86,Cash,Success
2726,2726,2026-06-20 10:48:44,126184.92,UPI,Success
2727,2727,2026-06-14 09:36:47,982295.5,Credit Card,Success
2728,2728,2026-06-08 15:36:11,0.0,Credit Card,Failed
2729,2729,2026-06-03 13:48:45,191715.52,UPI,Success
2730,2730,2026-04-05 10:36:15,234765.22,UPI,Success
2731,2731,2026-05-05 19:52:34,332019.08,Cash,Success
2732,2732,2026-06-20 16:04:33,468361.05,Credit Card,Success
2733,2733,2026-06-16 18:21:51,288190.02,Debit Card,Success
2734,2734,2026-05-30 18:36:09,320741.74,Credit Card,Success
2735,2735,2026-06-27 10:39:11,327672.5,Debit Card,Success
2736,2736,2026-06-28 16:52:43,110625.0,Credit Card,Success
2737,2737,2026-06-07 15:53:09,241932.74,Credit Card,Success
2738,2738,2026-02-09 10:09:47,167898.02,Debit Card,Success
2739,2739,2026-06-29 12:04:23,155222.51,Cash,Success
2740,2740,2026-03-14 18:02:54,583660.25,Credit Card,Success
2741,2741,2026-04-28 20:17:13,128724.76,UPI,Success
2742,2742,2026-06-13 15:12:19,115486.58,Cash,Success
2743,2743,2025-03-16 16:29:13,250294.56,Credit Card,Success
2744,2744,2026-05-03 10:53:29,263854.82,Cash,Success
2745,2745,2025-12-12 19:49:06,388346.87,Credit Card,Success
2746,2746,2026-05-15 18:35:34,577123.49,Debit Card,Success
2747,2747,2026-03-31 16:06:53,363352.13,UPI,Success
2748,2748,2026-06-19 18:33:57,901485.46,Credit Card,Success
2749,2749,2026-05-10 17:52:14,0.0,UPI,Failed
2750,2750,2026-03-21 19:41:58,114579.82,Cash,Success
2751,2751,2026-06-25 10:56:22,472275.53,Cash,Success
2752,2752,2025-11-22 19:51:10,87588.45,Debit Card,Success
2753,2753,2026-06-29 13:06:02,268427.23,Credit Card,Success
2754,2754,2026-06-04 18:14:05,398103.23,UPI,Success
2755,2755,2025-11-13 13:36:07,425530.86,Cash,Success
2756,2756,2026-06-17 16:45:37,196128.01,Credit Card,Success
2757,2757,2026-05-29 16:29:43,155136.83,Credit Card,Success
2758,2758,2026-06-07 13:54:36,635974.66,Credit Card,Success
2759,2759,2026-04-11 18:12:20,88185.01,Credit Card,Success
2760,2760,2026-05-27 10:08:17,70118.43,UPI,Success
2761,2761,2026-06-01 14:34:47,75560.66,UPI,Success
2762,2762,2024-04-19 15:08:31,153135.95,UPI,Success
2763,2763,2026-01-17 15:57:15,506390.65,UPI,Success
2764,2764,2025-06-23 18:30:23,319780.76,UPI,Success
2765,2765,2026-03-22 21:27:06,376863.62,Credit Card,Success
2766,2766,2024-10-01 17:07:35,66663.42,Credit Card,Success
2767,2767,2025-11-16 20:47:37,62127.96,UPI,Success
2768,2768,2025-03-28 17:14:44,0.0,Cash,Failed
2769,2769,2025-12-09 10:36:31,477496.39,UPI,Success
2770,2770,2025-12-11 10:30:14,275562.0,UPI,Success
2771,2771,2025-05-29 21:58:15,111968.63,UPI,Success
2772,2772,2026-05-24 13:45:02,302448.86,Credit Card,Success
2773,2773,2026-06-23 09:22:30,177100.08,Debit Card,Success
2774,2774,2026-06-12 17:54:21,176300.53,UPI,Success
2775,2775,2025-11-04 19:40:58,421736.28,Cash,Success
2776,2776,2025-12-16 16:57:17,290709.99,Debit Card,Refunded
2777,2777,2025-03-06 14:52:57,17497.94,Debit Card,Success
2778,2778,2026-05-10 18:50:47,204881.3,Debit Card,Success
2779,2779,2026-06-30 20:57:57,0.0,Cash,Failed
2780,2780,2026-04-21 11:58:59,430400.15,Cash,Success
2781,2781,2026-03-07 21:12:07,597015.61,UPI,Success
2782,2782,2026-04-05 13:12:52,57375.49,Debit Card,Success
2783,2783,2025-07-25 12:09:20,105526.76,Credit Card,Success
2784,2784,2025-10-18 09:58:49,80364.41,Debit Card,Success
2785,2785,2026-06-16 21:48:02,28069.33,Credit Card,Success
2786,2786,2026-05-05 21:40:34,187294.34,Credit Card,Success
2787,2787,2026-04-11 17:55:39,208880.23,UPI,Success
2788,2788,2026-03-19 16:46:49,862122.36,Cash,Success
2789,2789,2026-02-13 15:38:04,150246.17,Debit Card,Success
2790,2790,2025-07-05 15:33:01,214339.05,Cash,Success
2791,2791,2026-06-21 20:22:00,382607.52,Credit Card,Success
2792,2792,2026-06-29 11:46:10,423624.05,Credit Card,Success
2793,2793,2026-06-24 18:01:50,242557.66,Cash,Success
2794,2794,2026-06-01 20:05:15,745032.95,UPI,Success
2795,2795,2026-06-14 09:11:57,172182.48,Cash,Success
2796,2796,2026-05-24 13:13:18,447924.21,Debit Card,Success
2797,2797,2024-09-07 19:51:01,260386.64,Debit Card,Success
2798,2798,2025-04-01 20:41:19,458753.7,Credit Card,Success
2799,2799,2025-09-05 19:48:32,397875.67,UPI,Success
2800,2800,2026-06-09 09:40:51,114183.97,UPI,Success
2801,2801,2026-05-21 12:44:34,178668.46,Credit Card,Success
2802,2802,2026-06-06 09:22:19,271130.54,UPI,Success
2803,2803,2026-04-18 19:42:39,167726.47,Cash,Success
2804,2804,2026-02-11 10:43:57,350474.95,Cash,Success
2805,2805,2025-06-19 14:25:20,99377.89,Cash,Success
2806,2806,2025-12-23 09:48:11,242363.2,UPI,Success
2807,2807,2026-02-13 18:47:59,290449.19,Credit Card,Refunded
2808,2808,2025-12-25 14:15:14,337259.0,Credit Card,Success
2809,2809,2024-07-11 10:45:52,324492.66,UPI,Success
2810,2810,2026-06-20 19:00:14,124099.41,Credit Card,Success
2811,2811,2026-01-16 20:00:09,33325.23,UPI,Success
2812,2812,2026-06-06 17:56:12,395018.59,UPI,Success
2813,2813,2026-03-09 17:40:38,334519.77,Debit Card,Success
2814,2814,2026-06-06 14:09:47,374535.32,Credit Card,Success
2815,2815,2026-05-21 09:36:27,272502.67,Debit Card,Success
2816,2816,2026-05-17 13:23:46,410268.63,Debit Card,Success
2817,2817,2025-12-30 14:23:01,68267.45,Debit Card,Success
2818,2818,2026-06-19 14:12:48,406797.93,UPI,Success
2819,2819,2026-06-20 14:00:58,258525.93,Debit Card,Success
2820,2820,2025-12-19 18:30:51,161444.45,UPI,Success
2821,2821,2026-06-15 12:26:38,30884.6,UPI,Success
2822,2822,2026-03-14 09:21:29,304191.27,Cash,Success
2823,2823,2026-04-15 09:52:37,317357.64,UPI,Success
2824,2824,2026-06-16 17:35:13,0.0,Credit Card,Failed
2825,2825,2026-06-02 15:50:24,750578.11,UPI,Success
2826,2826,2026-06-29 18:43:16,14078.95,Debit Card,Success
2827,2827,2026-02-26 21:02:54,280241.73,Credit Card,Success
2828,2828,2026-01-11 09:14:54,31050.52,Cash,Success
2829,2829,2025-04-15 09:55:13,468348.32,Debit Card,Success
2830,2830,2026-05-12 14:27:30,379125.66,UPI,Success
2831,2831,2026-06-15 09:48:21,332442.54,Credit Card,Success
2832,2832,2024-09-01 19:15:24,534992.66,Credit Card,Success
2833,2833,2026-04-30 12:25:44,60318.72,UPI,Success
2834,2834,2026-06-19 17:24:01,265315.8,Cash,Success
2835,2835,2026-04-09 19:24:50,763.4,Debit Card,Success
2836,2836,2025-11-01 16:25:19,0.0,Debit Card,Failed
2837,2837,2026-02-23 21:37:27,556023.06,UPI,Success
2838,2838,2026-05-03 12:05:21,610349.73,Credit Card,Success
2839,2839,2026-04-23 14:13:55,163196.22,Debit Card,Success
2840,2840,2026-05-12 15:57:11,309334.49,Credit Card,Success
2841,2841,2026-04-30 21:07:40,162607.71,Debit Card,Success
2842,2842,2026-03-22 12:53:47,371247.06,Debit Card,Success
2843,2843,2026-06-02 15:13:20,502879.55,Debit Card,Success
2844,2844,2026-06-07 10:07:49,685317.7,Debit Card,Success
2845,2845,2026-01-17 18:28:05,0.0,Credit Card,Failed
2846,2846,2025-10-29 21:21:41,347727.97,UPI,Success
2847,2847,2026-06-30 20:40:29,702450.64,Credit Card,Success
2848,2848,2026-05-09 12:32:20,288772.38,UPI,Success
2849,2849,2025-07-17 13:20:43,419776.98,Cash,Success
2850,2850,2026-04-28 17:52:38,48931.94,Cash,Success
2851,2851,2025-11-03 10:43:04,237113.88,Cash,Success
2852,2852,2025-10-04 16:45:26,124857.75,UPI,Success
2853,2853,2025-06-13 17:05:14,391122.74,Debit Card,Success
2854,2854,2026-02-13 14:34:29,148552.6,Cash,Success
2855,2855,2026-06-03 15:22:25,240001.77,UPI,Success
2856,2856,2026-03-24 19:05:58,390915.56,Cash,Success
2857,2857,2026-06-03 14:00:31,0.0,Cash,Failed
2858,2858,2026-06-22 13:44:15,0.0,Cash,Failed
2859,2859,2025-02-12 18:30:54,261663.54,Debit Card,Success
2860,2860,2026-01-24 21:54:15,132891.72,Credit Card,Success
2861,2861,2026-06-25 13:05:16,377188.94,Debit Card,Success
2862,2862,2026-03-04 16:25:05,241331.11,Debit Card,Success
2863,2863,2026-06-10 10:13:20,493982.87,UPI,Success
2864,2864,2026-05-28 18:42:03,399577.87,Cash,Success
2865,2865,2026-04-25 13:50:02,65791.91,Debit Card,Success
2866,2866,2026-06-27 11:18:47,287052.62,Debit Card,Success
2867,2867,2026-06-17 21:27:41,235383.52,UPI,Success
2868,2868,2025-09-07 12:59:43,148735.52,UPI,Success
2869,2869,2026-05-26 09:22:29,0.0,Credit Card,Failed
2870,2870,2026-05-20 09:57:15,550939.62,Debit Card,Success
2871,2871,2026-06-27 15:08:05,325339.32,UPI,Success
2872,2872,2025-11-13 10:09:35,276521.05,UPI,Success
2873,2873,2026-06-24 16:54:59,136544.81,Debit Card,Success
2874,2874,2026-06-23 16:31:27,473062.25,UPI,Success
2875,2875,2026-06-27 17:36:42,0.0,Debit Card,Failed
2876,2876,2026-06-20 15:50:41,157200.86,Debit Card,Success
2877,2877,2026-06-04 20:41:01,270429.0,Cash,Success
2878,2878,2026-02-06 14:43:37,144256.11,Credit Card,Success
2879,2879,2026-06-25 13:47:10,105813.53,Credit Card,Success
2880,2880,2026-04-06 11:43:45,86178.02,Credit Card,Success
2881,2881,2025-02-13 14:19:53,723871.94,Cash,Success
2882,2882,2025-06-22 11:08:16,76666.11,UPI,Success
2883,2883,2026-01-30 15:29:02,365518.26,Debit Card,Success
2884,2884,2025-11-03 17:45:53,233410.16,Credit Card,Success
2885,2885,2025-12-27 11:23:29,224655.99,Debit Card,Success
2886,2886,2024-08-10 12:25:38,129888.72,Credit Card,Success
2887,2887,2025-06-08 20:20:50,229924.75,Cash,Success
2888,2888,2026-06-04 18:05:47,320893.88,UPI,Success
2889,2889,2025-11-16 14:01:55,518022.17,Debit Card,Success
2890,2890,2026-05-03 10:20:58,103366.52,UPI,Success
2891,2891,2025-10-31 11:24:32,93507.05,Cash,Success
2892,2892,2026-03-21 17:53:05,680977.06,UPI,Success
2893,2893,2026-03-23 11:45:07,163139.68,Cash,Success
2894,2894,2026-06-26 21:44:03,407458.58,Debit Card,Success
2895,2895,2026-04-16 11:38:24,187600.65,Debit Card,Success
2896,2896,2026-03-23 16:27:48,60760.8,Cash,Success
2897,2897,2025-11-15 18:16:19,121521.59,Debit Card,Success
2898,2898,2026-05-02 20:49:02,290937.78,Debit Card,Success
2899,2899,2024-12-30 15:18:16,641596.99,UPI,Success
2900,2900,2025-08-07 11:08:44,1395130.21,UPI,Success
2901,2901,2025-10-16 22:03:03,226196.75,UPI,Success
2902,2902,2025-04-24 10:36:20,134034.9,UPI,Success
2903,2903,2025-05-14 10:25:46,112844.98,UPI,Success
2904,2904,2025-09-15 19:28:23,55001.25,Debit Card,Success
2905,2905,2026-06-21 09:20:03,101288.7,UPI,Success
2906,2906,2026-06-05 17:06:42,406550.98,Debit Card,Success
2907,2907,2026-06-12 20:34:23,313166.57,Cash,Success
2908,2908,2026-01-18 16:27:47,127436.22,Credit Card,Success
2909,2909,2025-09-11 13:15:50,400342.8,UPI,Success
2910,2910,2025-04-06 11:30:39,278798.32,UPI,Success
2911,2911,2026-04-26 09:28:19,643696.27,Debit Card,Success
2912,2912,2026-03-26 15:09:58,357021.2,Cash,Success
2913,2913,2026-04-23 18:07:01,482858.24,UPI,Success
2914,2914,2026-05-21 19:17:08,37116.51,Credit Card,Success
2915,2915,2026-06-04 15:59:32,321635.95,Cash,Success
2916,2916,2026-04-09 21:38:22,527880.41,UPI,Success
2917,2917,2026-01-21 18:56:24,0.0,Credit Card,Failed
2918,2918,2026-05-03 13:34:36,566513.3,Cash,Success
2919,2919,2026-06-14 14:46:14,382294.23,UPI,Success
2920,2920,2026-06-22 19:28:31,300068.49,Debit Card,Success
2921,2921,2025-10-16 20:18:10,43474.09,Cash,Success
2922,2922,2026-02-24 13:36:21,35384.08,Cash,Success
2923,2923,2025-05-12 17:39:07,883736.99,Debit Card,Success
2924,2924,2026-06-24 12:03:45,287746.72,UPI,Success
2925,2925,2026-06-12 21:47:01,339669.19,Credit Card,Success
2926,2926,2026-06-16 21:29:02,115953.84,Credit Card,Success
2927,2927,2025-09-24 09:34:50,291880.68,Debit Card,Success
2928,2928,2025-11-16 16:52:25,660877.53,UPI,Success
2929,2929,2026-06-23 18:03:16,473991.92,Cash,Success
2930,2930,2026-03-24 15:46:16,380841.64,Debit Card,Success
2931,2931,2025-12-23 19:57:22,22824.1,Cash,Success
2932,2932,2026-06-25 18:04:32,30442.54,Debit Card,Success
2933,2933,2026-06-22 21:02:39,427676.69,UPI,Success
2934,2934,2026-06-26 19:10:26,542358.31,Credit Card,Success
2935,2935,2025-10-04 10:10:51,185649.77,UPI,Success
2936,2936,2026-04-22 13:31:53,101346.61,Credit Card,Success
2937,2937,2026-05-11 21:37:39,0.0,UPI,Failed
2938,2938,2026-02-28 10:53:46,509905.28,Debit Card,Success
2939,2939,2026-06-10 12:38:10,0.0,UPI,Failed
2940,2940,2026-04-16 18:54:48,574356.91,Credit Card,Success
2941,2941,2026-06-21 09:27:14,176749.06,Debit Card,Success
2942,2942,2025-12-03 14:57:05,0.0,Cash,Failed
2943,2943,2026-06-09 10:01:36,195452.13,Credit Card,Success
2944,2944,2025-12-11 09:53:35,504890.02,UPI,Success
2945,2945,2026-06-27 19:38:47,828627.65,Cash,Success
2946,2946,2026-05-30 20:46:09,218527.48,Cash,Success
2947,2947,2026-06-28 11:41:57,410828.21,Cash,Success
2948,2948,2026-06-16 17:22:09,141660.26,Debit Card,Success
2949,2949,2026-06-30 17:37:21,579736.96,Debit Card,Success
2950,2950,2026-05-31 17:00:26,460630.15,Credit Card,Success
2951,2951,2026-01-07 13:22:51,357537.98,UPI,Success
2952,2952,2026-05-12 18:28:53,36197.77,UPI,Success
2953,2953,2025-03-24 14:47:12,224236.76,Credit Card,Success
2954,2954,2026-06-22 21:48:21,405370.0,UPI,Success
2955,2955,2025-04-04 17:53:29,0.0,Debit Card,Failed
2956,2956,2026-06-25 19:21:33,650582.14,Cash,Success
2957,2957,2025-06-17 16:21:48,35818.84,Credit Card,Success
2958,2958,2026-06-23 18:34:27,26747.05,UPI,Success
2959,2959,2026-05-29 14:51:20,344126.8,Credit Card,Success
2960,2960,2026-05-25 10:49:25,376350.06,UPI,Success
2961,2961,2026-05-26 21:06:36,0.0,UPI,Failed
2962,2962,2025-10-09 09:59:07,103238.86,Debit Card,Success
2963,2963,2025-03-20 21:50:20,338517.18,Debit Card,Success
2964,2964,2025-12-12 13:19:08,57978.13,Debit Card,Success
2965,2965,2026-01-24 21:45:38,240716.6,Credit Card,Success
2966,2966,2026-05-29 18:50:33,581556.69,UPI,Success
2967,2967,2025-11-10 10:53:40,657109.8,Credit Card,Success
2968,2968,2025-12-30 21:15:12,183200.56,UPI,Success
2969,2969,2025-08-19 12:34:47,505409.85,Cash,Success
2970,2970,2026-03-21 20:32:06,447140.55,UPI,Success
2971,2971,2026-05-30 09:25:15,770638.0,Debit Card,Success
2972,2972,2026-06-22 16:59:17,0.0,Credit Card,Failed
2973,2973,2026-06-03 16:12:03,352868.26,Cash,Success
2974,2974,2026-04-03 18:37:04,208397.44,Credit Card,Success
2975,2975,2025-08-15 15:34:47,101247.15,Cash,Success
2976,2976,2025-10-04 20:10:10,133300.92,Credit Card,Refunded
2977,2977,2025-11-02 20:59:54,292571.88,Credit Card,Success
2978,2978,2026-03-20 13:05:01,441127.21,UPI,Success
2979,2979,2026-06-18 11:13:58,200309.4,UPI,Success
2980,2980,2026-06-08 18:26:25,68966.35,Credit Card,Success
2981,2981,2026-05-27 09:31:35,574910.73,UPI,Success
2982,2982,2025-08-29 10:52:50,350058.04,Debit Card,Success
2983,2983,2026-06-22 17:10:29,375759.97,Debit Card,Success
2984,2984,2026-06-22 13:07:50,127007.6,Credit Card,Success
2985,2985,2025-03-29 19:11:27,196608.32,Credit Card,Success
2986,2986,2025-09-24 21:50:48,178598.56,Cash,Success
2987,2987,2026-04-16 18:40:17,102113.52,UPI,Success
2988,2988,2026-06-25 14:42:57,0.0,UPI,Failed
2989,2989,2026-06-10 20:43:16,622885.64,UPI,Success
2990,2990,2025-07-20 21:34:34,100429.0,Cash,Success
2991,2991,2026-06-27 21:42:11,0.0,Cash,Failed
2992,2992,2026-05-25 21:49:54,222484.33,Credit Card,Success
2993,2993,2026-06-10 13:56:07,245298.4,UPI,Success
2994,2994,2026-05-17 10:13:42,0.0,UPI,Failed
2995,2995,2026-06-15 16:58:14,111619.33,Cash,Success
2996,2996,2026-06-14 10:58:57,827515.75,Debit Card,Success
2997,2997,2024-08-24 11:29:23,569894.64,Cash,Success
2998,2998,2026-06-09 10:21:21,541349.38,UPI,Success
2999,2999,2025-12-12 10:29:34,228706.05,Debit Card,Success
3000,3000,2026-06-07 18:45:20,133087.37,Credit Card,Success
3001,3001,2025-09-21 14:26:35,0.0,Credit Card,Failed
3002,3002,2026-03-27 21:58:22,272180.19,Debit Card,Success
3003,3003,2026-05-23 17:10:41,155040.33,UPI,Success
3004,3004,2026-04-18 13:45:40,41773.27,Cash,Success
3005,3005,2026-06-10 12:49:47,125010.84,Debit Card,Success
3006,3006,2026-06-04 09:22:01,299301.05,Cash,Success
3007,3007,2026-06-23 19:48:06,70481.88,UPI,Success
3008,3008,2026-03-03 20:57:51,285840.51,UPI,Success
3009,3009,2026-06-17 14:49:20,168400.92,Debit Card,Success
3010,3010,2026-06-28 13:28:45,27698.06,UPI,Success
3011,3011,2026-06-14 12:43:52,235822.27,UPI,Success
3012,3012,2026-06-25 18:50:01,307813.34,UPI,Success
3013,3013,2026-06-03 20:04:24,530250.22,UPI,Success
3014,3014,2026-03-25 09:34:34,22573.81,Debit Card,Success
3015,3015,2025-09-18 14:46:06,181797.18,Debit Card,Success
3016,3016,2026-06-03 21:30:37,454409.89,UPI,Success
3017,3017,2026-06-28 15:38:25,114498.96,Cash,Success
3018,3018,2026-03-17 12:26:56,48264.09,Credit Card,Success
3019,3019,2026-05-07 15:05:31,376794.11,Cash,Success
3020,3020,2025-09-20 12:26:49,771732.76,Cash,Success
3021,3021,2026-05-22 10:51:12,105727.7,Debit Card,Success
3022,3022,2026-04-13 18:31:58,70370.55,Credit Card,Success
3023,3023,2026-01-29 18:22:27,988093.86,Cash,Success
3024,3024,2025-08-21 16:48:49,119175.98,Cash,Success
3025,3025,2026-03-02 17:08:12,707915.09,UPI,Success
3026,3026,2026-05-26 10:04:29,186182.09,Debit Card,Success
3027,3027,2026-06-30 19:33:53,1938.89,UPI,Success
3028,3028,2026-05-27 09:41:11,0.0,Debit Card,Failed
3029,3029,2025-05-07 20:39:51,727902.4,Credit Card,Success
3030,3030,2025-09-17 17:57:48,669121.73,UPI,Success
3031,3031,2026-03-31 21:12:43,193658.8,Debit Card,Success
3032,3032,2026-05-10 13:45:42,319535.73,Cash,Success
3033,3033,2025-02-14 10:47:31,704374.25,Debit Card,Success
3034,3034,2026-05-11 21:43:55,290742.65,UPI,Success
3035,3035,2026-06-03 13:48:40,1054600.41,Debit Card,Success
3036,3036,2026-06-06 14:53:52,175314.13,Credit Card,Success
3037,3037,2025-07-12 17:07:51,132925.37,Cash,Success
3038,3038,2026-06-23 10:20:24,11199.66,UPI,Success
3039,3039,2025-12-07 11:06:13,104327.75,Cash,Success
3040,3040,2025-11-23 20:46:13,256382.66,UPI,Success
3041,3041,2026-03-26 13:51:06,328483.27,Credit Card,Success
3042,3042,2026-04-17 13:27:42,230404.12,Cash,Success
3043,3043,2026-06-30 12:22:15,40299.77,Debit Card,Success
3044,3044,2025-01-03 11:30:10,230559.56,UPI,Success
3045,3045,2026-06-07 09:39:30,286771.51,Credit Card,Success
3046,3046,2026-05-31 16:12:46,268567.07,Debit Card,Success
3047,3047,2026-06-28 15:11:34,753607.38,Credit Card,Success
3048,3048,2026-06-18 09:31:26,545331.61,Debit Card,Success
3049,3049,2026-03-16 15:14:06,578755.36,UPI,Success
3050,3050,2026-06-29 17:29:35,0.0,UPI,Failed
3051,3051,2026-06-26 18:21:02,174748.21,Debit Card,Success
3052,3052,2026-03-28 13:49:21,203512.63,UPI,Success
3053,3053,2025-10-11 13:09:37,116639.38,Cash,Success
3054,3054,2025-05-06 18:49:01,593987.67,Credit Card,Success
3055,3055,2026-04-11 18:50:45,35653.58,Debit Card,Success
3056,3056,2026-06-11 11:30:52,374247.81,UPI,Success
3057,3057,2026-05-01 19:12:07,617841.32,UPI,Success
3058,3058,2026-02-25 18:08:12,325601.46,Credit Card,Success
3059,3059,2025-07-16 16:07:29,304617.47,UPI,Success
3060,3060,2026-06-03 18:20:40,313486.89,Debit Card,Success
3061,3061,2026-06-20 15:58:00,244315.17,Debit Card,Success
3062,3062,2026-05-27 17:48:32,453038.97,UPI,Success
3063,3063,2026-04-08 12:00:53,362787.28,Credit Card,Success
3064,3064,2026-01-02 12:54:32,48846.17,Debit Card,Success
3065,3065,2026-04-10 10:09:26,90682.87,Credit Card,Success
3066,3066,2026-05-24 10:38:19,291316.09,UPI,Success
3067,3067,2026-06-08 21:53:45,297053.26,UPI,Success
3068,3068,2026-03-07 13:08:58,43615.37,Debit Card,Success
3069,3069,2025-02-01 12:13:36,304516.94,Cash,Success
3070,3070,2026-04-27 16:46:37,0.0,Credit Card,Failed
3071,3071,2026-06-17 17:02:31,437370.62,Cash,Success
3072,3072,2025-10-13 09:25:26,134147.45,Debit Card,Success
3073,3073,2026-03-07 10:17:16,356869.21,Debit Card,Success
3074,3074,2026-06-16 10:33:16,531213.01,UPI,Success
3075,3075,2026-06-12 14:21:15,42157.26,Credit Card,Success
3076,3076,2026-06-17 16:50:53,296488.95,Cash,Success
3077,3077,2025-12-06 09:07:24,443362.71,Debit Card,Success
3078,3078,2026-06-22 19:52:53,401812.66,UPI,Success
3079,3079,2026-05-11 12:08:14,313397.99,Credit Card,Success
3080,3080,2026-03-10 20:47:28,383926.17,Debit Card,Success
3081,3081,2026-01-07 10:54:00,165349.65,Credit Card,Success
3082,3082,2025-12-12 13:46:55,248877.64,Cash,Refunded
3083,3083,2026-06-30 10:39:05,714224.16,UPI,Refunded
3084,3084,2026-05-18 13:17:30,385509.8,Credit Card,Success
3085,3085,2026-05-29 18:55:56,114129.99,Debit Card,Success
3086,3086,2026-06-01 10:13:30,0.0,UPI,Failed
3087,3087,2026-06-08 16:31:18,502145.51,UPI,Success
3088,3088,2026-06-24 11:33:36,248140.52,Cash,Success
3089,3089,2025-07-01 13:37:21,467020.26,UPI,Success
3090,3090,2025-10-03 18:40:16,0.0,Credit Card,Failed
3091,3091,2026-04-06 09:57:27,153954.32,Cash,Success
3092,3092,2025-10-08 19:49:55,263616.9,Debit Card,Success
3093,3093,2025-12-02 21:37:30,0.0,UPI,Failed
3094,3094,2026-06-22 16:38:38,386924.12,UPI,Success
3095,3095,2026-06-11 19:07:52,167929.28,Credit Card,Success
3096,3096,2026-05-02 18:15:56,579607.15,UPI,Success
3097,3097,2025-11-24 19:59:05,445520.43,Cash,Success
3098,3098,2026-05-28 10:17:35,658837.15,Credit Card,Success
3099,3099,2026-06-21 18:07:41,57300.12,Debit Card,Success
3100,3100,2026-01-15 12:53:49,108413.23,UPI,Success
3101,3101,2026-05-29 19:04:14,229335.64,Cash,Success
3102,3102,2025-09-19 15:46:16,110475.95,Credit Card,Success
3103,3103,2026-04-20 18:29:41,400277.79,Cash,Success
3104,3104,2026-02-02 14:56:08,398290.77,Credit Card,Success
3105,3105,2025-03-04 12:40:45,161362.4,UPI,Success
3106,3106,2026-06-30 13:25:33,114460.64,UPI,Success
3107,3107,2026-06-18 16:50:21,265514.11,UPI,Success
3108,3108,2026-04-22 11:32:22,0.0,UPI,Failed
3109,3109,2024-06-08 14:23:28,442970.25,Credit Card,Success
3110,3110,2025-07-15 21:04:30,622151.31,UPI,Success
3111,3111,2026-06-28 19:37:34,172802.92,Debit Card,Success
3112,3112,2026-03-07 20:39:08,137751.95,Debit Card,Success
3113,3113,2026-06-12 09:59:57,173800.61,Cash,Success
3114,3114,2026-04-19 15:30:59,455577.87,Debit Card,Success
3115,3115,2026-06-17 11:43:51,53156.69,Cash,Success
3116,3116,2026-05-16 17:32:12,199987.27,Cash,Success
3117,3117,2026-06-19 21:21:36,490341.96,Cash,Success
3118,3118,2026-05-25 10:38:58,146571.85,Debit Card,Success
3119,3119,2026-04-21 15:05:15,355692.82,Debit Card,Success
3120,3120,2026-06-13 09:02:20,250525.43,Cash,Success
3121,3121,2026-06-28 13:27:43,323266.23,Cash,Success
3122,3122,2026-06-24 11:55:45,627302.68,Cash,Success
3123,3123,2026-06-25 13:32:17,268387.09,UPI,Success
3124,3124,2026-06-18 11:47:55,255917.87,Cash,Success
3125,3125,2026-02-03 15:16:55,250280.1,UPI,Success
3126,3126,2025-08-26 14:11:25,696365.8,UPI,Success
3127,3127,2026-06-02 11:56:03,125243.9,Debit Card,Success
3128,3128,2026-06-25 18:08:49,262175.31,Cash,Success
3129,3129,2025-05-23 09:45:23,761664.71,Cash,Success
3130,3130,2026-02-21 17:15:25,459981.94,UPI,Success
3131,3131,2025-03-31 21:09:55,328236.07,Credit Card,Success
3132,3132,2025-09-02 11:27:31,180414.5,UPI,Success
3133,3133,2026-01-24 17:53:06,16024.82,UPI,Success
3134,3134,2026-04-17 09:52:06,781761.91,Debit Card,Success
3135,3135,2025-05-05 09:46:08,230444.5,Cash,Success
3136,3136,2026-05-23 17:19:35,159898.64,Cash,Success
3137,3137,2025-11-04 20:11:36,496740.41,Debit Card,Success
3138,3138,2026-04-13 20:02:12,195253.99,Cash,Success
3139,3139,2026-06-19 10:31:34,0.0,Credit Card,Failed
3140,3140,2026-01-26 21:16:04,553374.61,Credit Card,Success
3141,3141,2026-06-16 16:12:18,192286.99,Debit Card,Success
3142,3142,2025-12-04 16:28:44,177600.94,UPI,Success
3143,3143,2026-05-15 17:55:29,547644.36,Credit Card,Success
3144,3144,2026-06-19 11:28:38,171870.59,Credit Card,Success
3145,3145,2026-05-31 11:29:41,111774.44,Debit Card,Success
3146,3146,2026-06-21 16:20:48,369217.29,UPI,Success
3147,3147,2026-03-09 11:57:48,160279.4,Debit Card,Success
3148,3148,2025-12-18 20:01:21,93879.95,Debit Card,Success
3149,3149,2026-04-10 16:14:38,0.0,UPI,Failed
3150,3150,2026-06-04 15:02:25,373809.42,Credit Card,Success
3151,3151,2026-06-12 19:43:02,631854.74,Debit Card,Success
3152,3152,2026-06-20 21:18:17,146955.42,UPI,Success
3153,3153,2025-09-24 11:25:30,493189.58,Cash,Success
3154,3154,2025-07-21 20:09:36,328207.54,UPI,Success
3155,3155,2026-06-25 16:23:30,267495.27,Debit Card,Success
3156,3156,2026-04-14 15:45:49,0.0,Credit Card,Failed
3157,3157,2025-03-27 13:45:09,2563.69,Debit Card,Success
3158,3158,2026-06-09 09:39:48,207280.19,Credit Card,Success
3159,3159,2026-05-03 10:53:21,768653.13,UPI,Success
3160,3160,2026-06-28 11:59:11,267413.58,Cash,Success
3161,3161,2026-06-29 14:35:36,0.0,Credit Card,Failed
3162,3162,2026-05-23 10:37:17,109678.89,Credit Card,Success
3163,3163,2026-05-19 14:46:33,487850.62,Credit Card,Refunded
3164,3164,2026-06-08 11:38:34,575858.41,UPI,Success
3165,3165,2026-06-14 15:44:26,427345.86,Credit Card,Success
3166,3166,2026-06-26 10:31:15,241325.26,Debit Card,Success
3167,3167,2026-05-16 15:58:58,606087.24,Debit Card,Success
3168,3168,2025-11-14 15:28:00,0.0,Credit Card,Failed
3169,3169,2026-02-22 09:46:02,373377.54,UPI,Success
3170,3170,2026-04-08 16:32:04,106648.65,Debit Card,Success
3171,3171,2026-06-06 16:34:31,1020625.54,Debit Card,Success
3172,3172,2025-12-16 13:45:03,299294.47,UPI,Success
3173,3173,2024-11-15 15:49:31,84181.15,Credit Card,Success
3174,3174,2026-02-13 16:30:51,629371.05,Credit Card,Success
3175,3175,2026-04-02 12:23:14,490934.95,UPI,Success
3176,3176,2025-08-14 15:03:13,615129.14,UPI,Success
3177,3177,2026-06-25 20:30:11,283446.7,Credit Card,Success
3178,3178,2026-05-23 16:19:15,119018.3,UPI,Success
3179,3179,2026-03-06 12:09:59,653668.87,Cash,Success
3180,3180,2026-06-21 19:15:03,298291.69,Credit Card,Success
3181,3181,2026-06-01 11:14:18,236185.02,Credit Card,Success
3182,3182,2026-06-27 18:35:23,124372.42,Debit Card,Success
3183,3183,2025-10-31 12:19:22,0.0,UPI,Failed
3184,3184,2026-06-15 11:21:52,209586.28,Cash,Success
3185,3185,2026-02-02 20:14:23,0.0,Credit Card,Failed
3186,3186,2026-02-22 21:38:17,559757.91,Cash,Success
3187,3187,2025-08-05 12:00:41,946624.9,Cash,Success
3188,3188,2026-06-13 13:14:05,351024.68,Debit Card,Success
3189,3189,2026-06-28 10:18:20,78605.31,Debit Card,Success
3190,3190,2026-01-13 21:34:04,468047.15,UPI,Success
3191,3191,2025-04-30 14:54:47,151983.76,Credit Card,Success
3192,3192,2026-05-09 21:11:39,353361.34,Cash,Success
3193,3193,2026-06-29 21:23:22,599109.59,Credit Card,Success
3194,3194,2026-06-15 21:21:11,0.0,Cash,Failed
3195,3195,2026-01-08 15:20:01,248721.07,UPI,Success
3196,3196,2026-06-18 10:51:42,135261.68,Cash,Success
3197,3197,2026-06-08 14:14:00,589453.52,Cash,Success
3198,3198,2026-04-28 14:03:18,486042.34,UPI,Success
3199,3199,2025-10-25 21:25:42,568613.99,Credit Card,Success
3200,3200,2026-03-22 13:22:43,152325.41,Debit Card,Success
3201,3201,2026-06-27 09:55:48,548143.3,UPI,Success
3202,3202,2026-05-26 21:52:26,189506.8,Debit Card,Success
3203,3203,2025-04-21 18:19:31,91378.19,Credit Card,Success
3204,3204,2026-03-10 18:19:02,239139.99,Debit Card,Success
3205,3205,2025-04-23 15:19:35,520966.72,Debit Card,Success
3206,3206,2026-03-12 17:48:22,360670.56,Cash,Success
3207,3207,2026-06-24 16:06:38,0.0,UPI,Failed
3208,3208,2026-04-16 18:32:21,499743.74,Cash,Refunded
3209,3209,2026-02-12 16:18:33,0.0,Cash,Failed
3210,3210,2024-10-19 09:56:40,124404.19,Credit Card,Refunded
3211,3211,2026-06-27 13:35:09,430541.22,UPI,Success
3212,3212,2026-01-31 13:11:29,667097.22,Debit Card,Success
3213,3213,2026-04-06 12:06:49,526391.25,UPI,Success
3214,3214,2024-07-29 19:26:22,0.0,Debit Card,Failed
3215,3215,2026-04-19 17:04:05,251785.8,Credit Card,Success
3216,3216,2026-04-11 15:29:33,737678.63,Cash,Success
3217,3217,2026-05-06 17:29:48,197810.63,Cash,Success
3218,3218,2026-06-23 14:32:02,573010.23,UPI,Success
3219,3219,2026-06-27 15:19:19,463690.77,Debit Card,Success
3220,3220,2026-06-15 19:48:28,326004.13,Credit Card,Success
3221,3221,2025-10-28 11:26:33,156869.55,Debit Card,Success
3222,3222,2026-06-08 12:54:30,97057.31,UPI,Success
3223,3223,2026-05-07 19:22:06,346723.88,UPI,Success
3224,3224,2024-09-21 18:52:10,139506.03,Credit Card,Success
3225,3225,2026-06-18 16:52:09,0.0,UPI,Failed
3226,3226,2025-02-16 11:26:52,267580.85,UPI,Success
3227,3227,2025-02-06 14:23:37,301879.6,Credit Card,Refunded
3228,3228,2026-05-12 18:47:58,55877.15,Debit Card,Success
3229,3229,2026-05-05 19:32:15,146262.18,UPI,Success
3230,3230,2026-02-28 10:33:13,0.0,Debit Card,Failed
3231,3231,2026-05-21 17:23:49,333627.35,UPI,Success
3232,3232,2025-06-22 13:16:20,44062.93,Debit Card,Success
3233,3233,2024-12-11 16:50:45,376600.53,Cash,Success
3234,3234,2025-11-09 13:29:48,67757.71,UPI,Success
3235,3235,2025-04-29 14:12:33,82987.13,Cash,Success
3236,3236,2026-01-14 11:34:49,36630.74,Credit Card,Success
3237,3237,2025-02-28 11:18:02,140251.31,Cash,Success
3238,3238,2026-05-24 15:49:29,569762.72,Credit Card,Success
3239,3239,2026-06-25 10:49:23,390004.34,UPI,Success
3240,3240,2025-07-06 18:02:40,61182.21,Debit Card,Success
3241,3241,2026-03-16 10:27:25,505757.89,UPI,Success
3242,3242,2026-03-02 12:47:08,53774.03,Cash,Success
3243,3243,2026-06-08 19:47:02,254880.72,UPI,Success
3244,3244,2026-06-01 10:29:08,18455.15,Credit Card,Success
3245,3245,2026-06-10 13:13:00,437309.72,UPI,Success
3246,3246,2026-06-17 11:23:34,239905.27,Cash,Success
3247,3247,2025-08-01 16:19:29,119629.73,Credit Card,Success
3248,3248,2025-07-14 11:07:34,0.0,Credit Card,Failed
3249,3249,2026-06-19 19:46:51,345175.56,Cash,Success
3250,3250,2026-06-13 21:24:42,544066.67,UPI,Success
3251,3251,2026-05-27 13:37:59,742397.46,Credit Card,Success
3252,3252,2025-11-09 20:11:53,384883.0,Debit Card,Success
3253,3253,2026-05-14 20:23:54,0.0,UPI,Failed
3254,3254,2026-03-31 12:02:19,8746.01,UPI,Success
3255,3255,2025-08-28 10:06:14,335190.92,Cash,Success
3256,3256,2026-06-16 17:16:07,0.0,Credit Card,Failed
3257,3257,2025-11-26 09:30:58,109820.53,Cash,Success
3258,3258,2026-02-12 19:09:28,70233.61,UPI,Success
3259,3259,2026-05-13 16:03:32,414196.59,Credit Card,Success
3260,3260,2026-04-25 22:01:24,101772.14,Cash,Success
3261,3261,2026-06-06 17:21:04,0.0,UPI,Failed
3262,3262,2026-05-26 13:25:30,387581.75,Credit Card,Success
3263,3263,2025-11-27 19:32:38,65396.2,Credit Card,Success
3264,3264,2026-04-09 09:19:13,358676.88,Debit Card,Success
3265,3265,2026-06-03 18:46:37,329014.96,UPI,Success
3266,3266,2025-01-13 18:21:15,508374.53,Credit Card,Success
3267,3267,2026-04-15 18:27:05,150349.09,Credit Card,Success
3268,3268,2026-05-30 09:56:24,0.0,Cash,Failed
3269,3269,2026-06-17 12:06:44,603788.15,UPI,Success
3270,3270,2026-06-30 15:21:05,1060737.2,Cash,Success
3271,3271,2026-06-26 19:27:18,187777.05,Debit Card,Success
3272,3272,2025-10-31 15:12:24,0.0,UPI,Failed
3273,3273,2025-12-07 13:35:25,43730.03,UPI,Success
3274,3274,2026-05-26 19:46:52,37154.29,UPI,Success
3275,3275,2026-06-19 10:39:00,377703.25,UPI,Success
3276,3276,2026-05-27 10:05:57,485799.57,Cash,Success
3277,3277,2026-04-22 16:49:55,102448.73,UPI,Success
3278,3278,2026-06-20 12:53:12,155981.77,Credit Card,Success
3279,3279,2026-05-30 10:16:59,831164.78,UPI,Success
3280,3280,2026-06-27 09:07:17,479963.9,Cash,Success
3281,3281,2026-01-09 13:20:05,0.0,Debit Card,Failed
3282,3282,2026-06-28 18:31:28,85996.12,Debit Card,Success
3283,3283,2026-03-03 18:47:26,212824.41,UPI,Refunded
3284,3284,2026-06-06 12:38:06,178715.2,Debit Card,Success
3285,3285,2026-01-25 14:20:58,0.0,UPI,Failed
3286,3286,2026-06-06 18:48:51,312093.9,Credit Card,Success
3287,3287,2026-06-20 14:19:46,35094.4,Cash,Success
3288,3288,2026-03-08 20:03:29,100233.0,UPI,Success
3289,3289,2026-04-23 15:45:58,523398.09,Cash,Success
3290,3290,2026-05-27 12:00:58,174455.19,Debit Card,Success
3291,3291,2026-06-27 15:00:33,209023.19,Credit Card,Success
3292,3292,2026-05-30 18:10:55,232014.37,Cash,Success
3293,3293,2026-06-24 19:08:16,424976.86,Cash,Success
3294,3294,2026-06-08 21:15:57,524408.12,UPI,Success
3295,3295,2025-11-07 09:36:00,197356.71,Cash,Success
3296,3296,2026-05-09 13:02:20,109894.31,Cash,Success
3297,3297,2026-06-26 11:30:01,85025.11,Credit Card,Success
3298,3298,2026-06-24 14:49:16,291005.43,UPI,Success
3299,3299,2025-04-05 10:26:42,0.0,Cash,Failed
3300,3300,2026-06-17 10:01:55,106723.46,Credit Card,Success
3301,3301,2026-03-02 11:37:44,879320.6,UPI,Success
3302,3302,2026-06-01 15:57:37,0.0,Debit Card,Failed
3303,3303,2026-06-20 19:13:21,0.0,Credit Card,Failed
3304,3304,2026-05-30 09:11:42,302067.22,Debit Card,Success
3305,3305,2026-06-17 21:53:03,272534.06,Credit Card,Success
3306,3306,2026-06-21 11:02:37,176469.93,Debit Card,Success
3307,3307,2026-06-25 19:39:05,278560.0,Cash,Success
3308,3308,2026-06-03 09:52:47,381192.86,Credit Card,Success
3309,3309,2026-03-13 13:49:24,454952.39,UPI,Success
3310,3310,2026-05-21 20:59:35,470088.95,Credit Card,Success
3311,3311,2025-12-08 10:12:16,37077.56,UPI,Success
3312,3312,2026-06-28 19:20:40,251345.9,UPI,Refunded
3313,3313,2025-11-11 20:34:04,322532.9,Debit Card,Success
3314,3314,2026-06-18 11:10:26,498530.74,Credit Card,Success
3315,3315,2025-01-29 10:31:24,45226.53,Credit Card,Success
3316,3316,2025-12-25 09:13:12,205058.61,Debit Card,Success
3317,3317,2026-06-21 15:33:12,2304.56,UPI,Success
3318,3318,2026-03-18 16:31:17,0.0,Cash,Failed
3319,3319,2026-06-27 19:11:45,381062.52,Cash,Success
3320,3320,2026-06-02 11:51:57,298225.12,UPI,Success
3321,3321,2026-05-13 10:14:24,34591.44,Debit Card,Success
3322,3322,2025-11-27 19:00:39,353262.95,UPI,Success
3323,3323,2025-07-24 14:15:58,336981.91,Debit Card,Success
3324,3324,2026-05-15 19:41:17,73464.37,UPI,Success
3325,3325,2026-06-24 20:47:34,175150.57,Cash,Success
3326,3326,2025-02-04 13:59:14,169707.47,Cash,Success
3327,3327,2026-06-23 20:37:01,483563.14,UPI,Success
3328,3328,2026-01-03 14:52:22,364194.03,Credit Card,Success
3329,3329,2026-06-24 20:05:24,368795.1,Cash,Success
3330,3330,2026-06-08 17:02:39,740558.3,Credit Card,Success
3331,3331,2026-06-23 11:03:45,146144.89,UPI,Success
3332,3332,2026-06-24 11:09:26,210546.27,UPI,Success
3333,3333,2026-05-27 12:19:12,235039.04,Debit Card,Success
3334,3334,2026-06-14 11:45:20,17725.85,Cash,Success
3335,3335,2025-06-14 21:20:46,555579.62,UPI,Success
3336,3336,2026-05-18 18:57:22,0.0,UPI,Failed
3337,3337,2026-03-04 14:06:36,0.0,Credit Card,Failed
3338,3338,2025-11-15 13:44:05,628554.29,Cash,Success
3339,3339,2026-02-06 16:04:13,245503.02,UPI,Success
3340,3340,2026-03-06 19:38:55,216416.12,UPI,Success
3341,3341,2025-10-14 21:01:10,418464.46,Credit Card,Success
3342,3342,2026-06-09 09:28:25,0.0,UPI,Failed
3343,3343,2026-05-11 11:38:10,61234.55,UPI,Success
3344,3344,2026-05-07 16:20:58,49987.15,UPI,Success
3345,3345,2026-05-08 16:46:45,349568.59,Cash,Success
3346,3346,2026-06-28 12:48:27,326563.6,Debit Card,Refunded
3347,3347,2025-12-21 11:19:00,388321.74,Cash,Success
3348,3348,2026-06-28 09:38:18,109426.39,Cash,Success
3349,3349,2026-04-15 15:45:45,34847.58,Debit Card,Success
3350,3350,2025-10-22 19:34:20,364015.67,Debit Card,Success
3351,3351,2026-02-25 14:09:43,269043.93,Cash,Success
3352,3352,2026-06-02 17:09:39,245474.34,Credit Card,Success
3353,3353,2026-06-20 11:16:27,826745.36,Credit Card,Success
3354,3354,2026-01-26 12:32:00,245787.37,Debit Card,Refunded
3355,3355,2026-05-03 09:18:47,291552.75,Credit Card,Success
3356,3356,2025-03-25 19:22:43,292429.72,Credit Card,Success
3357,3357,2025-12-18 16:26:51,153453.42,Credit Card,Success
3358,3358,2026-06-04 17:04:55,78435.98,UPI,Success
3359,3359,2026-06-20 12:16:27,193021.92,Debit Card,Success
3360,3360,2026-06-19 17:38:46,444619.57,Cash,Success
3361,3361,2026-06-11 09:19:23,32541.01,Credit Card,Success
3362,3362,2026-06-26 10:34:25,398473.66,Credit Card,Success
3363,3363,2026-03-29 13:22:50,229470.39,UPI,Success
3364,3364,2025-08-15 20:48:06,315279.22,UPI,Success
3365,3365,2026-02-01 20:14:33,0.0,Debit Card,Failed
3366,3366,2026-04-22 14:01:20,651032.49,Credit Card,Success
3367,3367,2026-01-28 18:50:26,399047.63,Debit Card,Success
3368,3368,2026-06-01 14:59:10,273714.92,Credit Card,Success
3369,3369,2026-03-24 11:14:42,293640.5,Cash,Success
3370,3370,2025-03-17 18:02:35,284252.28,Cash,Success
3371,3371,2026-04-09 13:16:22,253839.43,UPI,Success
3372,3372,2025-07-22 16:32:11,0.0,Credit Card,Failed
3373,3373,2025-06-09 18:29:02,109928.68,Cash,Success
3374,3374,2026-06-19 14:23:32,38781.12,Credit Card,Success
3375,3375,2026-02-14 20:35:35,443563.76,Debit Card,Success
3376,3376,2024-12-05 16:22:34,191412.86,UPI,Success
3377,3377,2025-08-06 14:55:57,78177.82,Cash,Success
3378,3378,2026-03-30 16:10:53,496844.13,Credit Card,Success
3379,3379,2026-06-27 11:21:38,368745.99,UPI,Refunded
3380,3380,2026-06-23 19:49:23,222142.84,Cash,Success
3381,3381,2026-03-24 18:28:28,64652.73,Cash,Success
3382,3382,2025-11-02 19:17:50,238498.27,Credit Card,Success
3383,3383,2026-05-20 09:47:19,105283.21,Cash,Success
3384,3384,2026-06-23 13:30:49,545094.3,Debit Card,Success
3385,3385,2026-06-14 17:45:57,301881.29,UPI,Success
3386,3386,2025-12-07 21:49:06,510642.03,Cash,Success
3387,3387,2024-10-07 10:58:13,210662.99,Debit Card,Success
3388,3388,2026-01-30 10:00:32,441696.15,UPI,Success
3389,3389,2026-05-30 11:49:32,64450.8,UPI,Success
3390,3390,2024-04-17 20:01:31,420895.16,UPI,Success
3391,3391,2026-06-21 20:55:36,26725.88,Credit Card,Success
3392,3392,2026-06-24 18:11:29,78952.99,UPI,Success
3393,3393,2026-04-22 10:01:50,494694.03,Debit Card,Success
3394,3394,2026-06-30 19:31:56,121156.39,Debit Card,Success
3395,3395,2026-06-17 19:14:34,75481.83,Credit Card,Success
3396,3396,2026-06-11 16:29:44,225363.31,Cash,Success
3397,3397,2024-12-24 16:20:31,704894.7,Debit Card,Success
3398,3398,2026-05-01 13:29:29,149716.21,Credit Card,Success
3399,3399,2026-06-08 21:26:17,55987.38,UPI,Success
3400,3400,2026-04-25 19:00:53,535089.02,Credit Card,Success
3401,3401,2026-01-02 22:05:21,122485.76,UPI,Success
3402,3402,2026-05-22 18:16:44,123779.79,UPI,Success
3403,3403,2026-06-02 14:41:41,489402.11,Debit Card,Success
3404,3404,2026-02-11 19:53:55,383555.34,UPI,Success
3405,3405,2026-06-26 15:27:32,115652.97,Cash,Success
3406,3406,2026-06-15 19:36:21,112373.35,Credit Card,Success
3407,3407,2025-08-22 16:35:19,965201.52,Debit Card,Refunded
3408,3408,2026-04-11 16:55:44,38791.64,Debit Card,Success
3409,3409,2025-11-23 21:51:53,517986.98,UPI,Success
3410,3410,2026-06-07 14:52:01,222137.12,Debit Card,Success
3411,3411,2026-04-16 12:27:37,260001.49,UPI,Success
3412,3412,2025-08-20 09:16:57,179533.61,Debit Card,Success
3413,3413,2025-06-30 17:28:43,562842.85,UPI,Success
3414,3414,2024-11-09 21:14:59,571717.84,Credit Card,Success
3415,3415,2026-06-07 11:36:15,159686.71,UPI,Success
3416,3416,2026-06-30 10:20:39,84082.72,UPI,Success
3417,3417,2025-01-11 11:13:15,262043.33,Debit Card,Success
3418,3418,2026-06-27 21:47:21,356464.48,Cash,Success
3419,3419,2025-09-05 14:24:44,120410.06,Debit Card,Success
3420,3420,2026-06-25 09:36:07,478469.0,Debit Card,Success
3421,3421,2025-11-19 14:03:59,417085.6,Debit Card,Success
3422,3422,2026-06-19 10:50:10,210600.19,Debit Card,Success
3423,3423,2026-06-27 11:31:43,417262.34,UPI,Success
3424,3424,2026-06-24 09:32:47,215149.87,Cash,Success
3425,3425,2024-11-02 17:50:15,202519.94,UPI,Success
3426,3426,2026-02-27 13:28:26,189521.84,Debit Card,Success
3427,3427,2025-11-19 14:29:20,349084.42,Cash,Success
3428,3428,2024-12-24 11:32:13,179816.21,Debit Card,Success
3429,3429,2026-05-22 16:55:34,516419.51,Credit Card,Success
3430,3430,2026-05-06 19:12:31,227842.4,Debit Card,Success
3431,3431,2025-09-18 19:58:26,0.0,Cash,Failed
3432,3432,2026-04-24 18:27:46,226229.41,Debit Card,Success
3433,3433,2026-05-08 18:07:11,0.0,UPI,Failed
3434,3434,2026-01-10 16:29:21,134204.24,Debit Card,Success
3435,3435,2026-06-15 15:44:58,74936.63,Debit Card,Success
3436,3436,2025-12-28 19:08:11,0.0,UPI,Failed
3437,3437,2026-03-28 13:40:02,617389.43,Cash,Success
3438,3438,2025-09-28 15:13:46,202629.94,Debit Card,Success
3439,3439,2026-04-19 19:57:14,162320.17,UPI,Success
3440,3440,2026-06-23 11:46:58,521194.28,Credit Card,Success
3441,3441,2025-05-03 09:57:21,199382.89,Credit Card,Success
3442,3442,2026-06-19 15:07:55,449599.56,Cash,Success
3443,3443,2026-05-13 12:48:29,3284.42,Credit Card,Success
3444,3444,2026-06-28 09:30:18,501924.5,Cash,Success
3445,3445,2026-04-20 17:59:28,574202.74,Debit Card,Success
3446,3446,2026-03-02 15:17:09,419481.24,Credit Card,Success
3447,3447,2025-07-24 11:32:36,625926.75,Debit Card,Success
3448,3448,2026-05-30 20:32:23,13056.4,Debit Card,Success
3449,3449,2026-01-19 15:08:54,416673.6,Credit Card,Success
3450,3450,2026-05-09 13:35:09,214627.56,Credit Card,Success
3451,3451,2024-12-18 14:34:13,256231.95,Debit Card,Success
3452,3452,2026-03-04 16:41:57,133343.2,UPI,Success
3453,3453,2026-05-23 13:27:20,477620.63,Credit Card,Success
3454,3454,2026-06-02 10:13:57,817596.81,UPI,Success
3455,3455,2024-07-26 17:29:09,301975.36,Cash,Success
3456,3456,2026-05-14 17:53:09,154041.59,Cash,Success
3457,3457,2026-06-01 21:32:16,194032.72,Credit Card,Success
3458,3458,2026-04-06 16:13:41,443993.05,Cash,Success
3459,3459,2026-02-28 20:52:25,42053.96,UPI,Success
3460,3460,2026-06-11 21:03:41,141496.3,Credit Card,Success
3461,3461,2026-01-21 19:13:09,838775.71,Debit Card,Success
3462,3462,2026-06-06 11:58:48,294080.07,UPI,Refunded
3463,3463,2026-04-11 14:48:43,282920.89,UPI,Success
3464,3464,2026-05-31 18:45:05,0.0,Credit Card,Failed
3465,3465,2026-05-31 17:29:00,0.0,Debit Card,Failed
3466,3466,2026-06-04 17:53:46,466153.38,Debit Card,Success
3467,3467,2025-12-09 11:04:30,157906.14,UPI,Success
3468,3468,2026-03-05 13:06:18,417591.2,Credit Card,Success
3469,3469,2026-04-26 18:25:28,23001.2,UPI,Success
3470,3470,2025-11-23 10:46:03,481582.95,UPI,Success
3471,3471,2026-06-14 09:45:30,287274.26,UPI,Success
3472,3472,2026-01-18 09:50:11,0.0,Credit Card,Failed
3473,3473,2026-04-18 13:43:30,71300.38,Credit Card,Success
3474,3474,2025-06-26 09:09:00,45768.03,Cash,Refunded
3475,3475,2026-06-18 18:59:38,473290.44,Debit Card,Success
3476,3476,2026-06-16 20:05:59,31613.57,Cash,Success
3477,3477,2026-01-31 14:45:55,185904.96,Cash,Success
3478,3478,2025-11-14 21:19:22,533384.53,Cash,Success
3479,3479,2026-06-26 21:55:16,470411.58,Credit Card,Success
3480,3480,2025-10-05 15:23:07,276677.55,UPI,Success
3481,3481,2026-06-12 09:56:50,185563.28,Credit Card,Success
3482,3482,2026-06-21 17:09:49,392530.62,UPI,Refunded
3483,3483,2026-06-21 21:51:25,231340.45,Credit Card,Success
3484,3484,2026-06-03 15:36:07,455088.51,UPI,Success
3485,3485,2026-06-28 14:26:31,227542.54,Credit Card,Success
3486,3486,2026-05-25 18:49:02,742389.4,UPI,Success
3487,3487,2026-05-27 17:38:05,145493.13,Cash,Success
3488,3488,2026-04-05 09:23:52,264086.68,UPI,Success
3489,3489,2026-06-13 20:07:43,81388.29,Credit Card,Success
3490,3490,2026-04-10 18:46:36,132869.84,Debit Card,Success
3491,3491,2025-10-05 21:20:20,45654.15,Debit Card,Success
3492,3492,2025-08-31 11:04:07,291943.34,Debit Card,Success
3493,3493,2026-06-14 14:56:44,568694.01,Credit Card,Success
3494,3494,2026-05-31 19:29:57,73483.31,UPI,Success
3495,3495,2026-01-19 18:15:52,430832.05,Cash,Success
3496,3496,2026-06-04 17:50:13,219486.88,UPI,Success
3497,3497,2025-10-26 19:27:44,0.0,UPI,Failed
3498,3498,2026-06-17 11:48:54,477182.98,Credit Card,Success
3499,3499,2026-06-22 11:01:21,300558.8,Credit Card,Success
3500,3500,2026-06-29 18:36:55,254734.97,Cash,Success
3501,3501,2026-05-17 18:11:04,446568.89,Debit Card,Success
3502,3502,2026-06-23 13:40:46,615921.39,Cash,Success
3503,3503,2026-04-07 13:13:37,671714.08,UPI,Success
3504,3504,2026-06-22 19:35:50,227950.75,UPI,Success
3505,3505,2026-04-17 16:16:31,157206.54,Debit Card,Success
3506,3506,2026-05-28 21:16:39,162754.14,Debit Card,Success
3507,3507,2026-06-22 19:05:32,275205.15,Credit Card,Success
3508,3508,2026-04-22 17:38:30,131102.39,Credit Card,Success
3509,3509,2026-06-29 16:51:18,0.0,Debit Card,Failed
3510,3510,2026-04-21 19:00:08,124096.33,UPI,Success
3511,3511,2026-02-04 09:49:21,0.0,Debit Card,Failed
3512,3512,2025-09-01 19:14:44,516228.78,Cash,Success
3513,3513,2026-06-28 18:11:07,424572.68,UPI,Success
3514,3514,2025-08-28 21:24:30,2389.55,Cash,Success
3515,3515,2026-01-31 11:02:56,642016.29,Debit Card,Success
3516,3516,2026-06-20 11:54:08,13050.34,UPI,Success
3517,3517,2026-05-04 16:07:42,343428.99,Debit Card,Success
3518,3518,2026-05-04 14:16:06,615766.6,Cash,Success
3519,3519,2026-05-09 20:03:19,211525.83,UPI,Success
3520,3520,2026-03-17 22:05:58,415326.55,Credit Card,Success
3521,3521,2026-02-10 17:34:40,87588.45,Debit Card,Success
3522,3522,2026-05-22 15:13:55,31596.34,UPI,Success
3523,3523,2026-06-16 12:41:44,0.0,Credit Card,Failed
3524,3524,2026-01-02 16:36:48,149320.88,Debit Card,Success
3525,3525,2026-05-30 14:48:56,146298.16,UPI,Success
3526,3526,2026-01-04 17:26:24,532260.06,Debit Card,Success
3527,3527,2026-06-03 18:00:01,357962.09,Cash,Success
3528,3528,2025-12-10 11:12:10,323685.28,Debit Card,Success
3529,3529,2026-01-18 15:46:02,11873.86,UPI,Success
3530,3530,2026-05-18 15:45:59,230949.85,UPI,Success
3531,3531,2026-06-26 17:36:56,237740.52,Credit Card,Success
3532,3532,2025-07-15 16:57:02,719360.27,Credit Card,Success
3533,3533,2026-03-06 13:03:43,121587.01,Credit Card,Success
3534,3534,2024-07-12 21:54:48,278283.92,Debit Card,Success
3535,3535,2025-07-15 13:04:27,0.0,UPI,Failed
3536,3536,2026-06-03 21:32:59,461000.35,UPI,Success
3537,3537,2025-09-02 15:36:44,538020.59,Credit Card,Success
3538,3538,2025-03-09 17:31:47,371855.32,Cash,Success
3539,3539,2025-09-21 09:33:58,314708.32,Debit Card,Success
3540,3540,2025-11-08 10:52:00,35037.95,Debit Card,Success
3541,3541,2025-01-03 13:48:40,264609.6,UPI,Success
3542,3542,2026-06-05 12:30:57,399469.09,UPI,Success
3543,3543,2026-06-05 21:58:53,338399.79,Debit Card,Success
3544,3544,2025-08-04 13:23:13,116343.92,UPI,Success
3545,3545,2026-03-04 12:06:08,399691.85,UPI,Success
3546,3546,2026-06-19 17:29:52,230892.68,UPI,Success
3547,3547,2025-02-18 20:17:50,62988.58,UPI,Success
3548,3548,2025-12-23 14:30:18,166687.09,Debit Card,Success
3549,3549,2026-05-17 21:32:57,298969.77,Cash,Success
3550,3550,2026-01-12 10:08:26,408070.51,UPI,Success
3551,3551,2026-05-27 21:44:26,371322.85,Cash,Success
3552,3552,2026-06-28 16:15:33,445871.15,Cash,Success
3553,3553,2026-06-25 18:07:19,0.0,Cash,Failed
3554,3554,2026-01-23 16:55:14,312659.54,UPI,Success
3555,3555,2025-03-02 20:13:18,25362.67,Debit Card,Success
3556,3556,2026-06-30 20:37:01,0.0,UPI,Failed
3557,3557,2026-06-10 19:42:16,0.0,Cash,Failed
3558,3558,2026-01-23 13:12:26,72743.53,Cash,Success
3559,3559,2026-06-30 18:28:13,434972.37,Credit Card,Success
3560,3560,2025-10-30 12:39:32,0.0,Cash,Failed
3561,3561,2026-03-19 21:33:09,178605.71,Debit Card,Success
3562,3562,2026-06-18 18:11:20,406861.36,UPI,Success
3563,3563,2026-05-08 17:44:01,0.0,Debit Card,Failed
3564,3564,2025-09-20 16:20:53,239901.25,Debit Card,Success
3565,3565,2026-05-27 11:42:41,332526.99,Cash,Success
3566,3566,2025-09-29 15:08:24,263736.71,Cash,Success
3567,3567,2026-03-26 16:48:58,36197.77,UPI,Success
3568,3568,2026-06-09 14:45:21,266450.18,Debit Card,Success
3569,3569,2026-06-29 14:26:57,322782.14,Credit Card,Success
3570,3570,2025-12-02 18:51:40,47726.61,Cash,Success
3571,3571,2026-05-23 14:05:04,439904.35,Cash,Success
3572,3572,2026-06-23 14:16:47,45476.43,Cash,Success
3573,3573,2026-06-26 09:39:57,323105.62,UPI,Success
3574,3574,2026-06-14 21:54:04,76275.77,Debit Card,Success
3575,3575,2026-06-19 10:21:53,367525.56,UPI,Success
3576,3576,2026-06-12 14:16:03,80463.9,Cash,Success
3577,3577,2026-06-05 19:34:48,483865.63,UPI,Success
3578,3578,2025-07-30 17:48:49,872767.72,Debit Card,Success
3579,3579,2026-01-06 19:58:15,64208.59,Debit Card,Success
3580,3580,2026-06-23 13:01:47,1147719.46,Debit Card,Success
3581,3581,2025-07-26 13:44:53,380175.79,Debit Card,Success
3582,3582,2025-09-16 11:54:45,197322.49,Cash,Success
3583,3583,2025-04-24 21:03:42,40667.71,Cash,Success
3584,3584,2026-06-13 18:13:45,0.0,Cash,Failed
3585,3585,2026-06-12 10:18:51,113168.09,Cash,Success
3586,3586,2026-04-23 13:33:00,263064.79,Cash,Success
3587,3587,2024-12-09 13:01:19,458176.15,UPI,Success
3588,3588,2026-06-30 17:46:23,424337.72,Cash,Success
3589,3589,2026-03-18 12:06:29,252327.9,Credit Card,Success
3590,3590,2026-06-29 12:27:52,119593.55,UPI,Success
3591,3591,2026-06-14 21:17:39,184817.28,UPI,Success
3592,3592,2026-04-30 10:19:02,335605.0,UPI,Success
3593,3593,2025-11-02 11:43:33,0.0,Cash,Failed
3594,3594,2026-05-07 15:53:26,360849.4,Cash,Success
3595,3595,2026-04-02 18:11:43,192317.43,UPI,Success
3596,3596,2025-02-16 10:47:13,61468.09,Cash,Success
3597,3597,2024-12-22 16:10:14,74863.16,Credit Card,Success
3598,3598,2026-05-24 16:12:19,0.0,Credit Card,Failed
3599,3599,2026-04-29 10:05:54,811927.59,UPI,Success
3600,3600,2026-05-18 10:57:32,489923.95,Credit Card,Success
3601,3601,2026-05-18 09:09:15,21480.89,UPI,Success
3602,3602,2026-05-06 12:19:51,227616.11,Debit Card,Success
3603,3603,2026-06-26 10:22:57,158847.35,Cash,Success
3604,3604,2026-05-29 20:39:29,688320.67,UPI,Success
3605,3605,2026-05-24 19:31:09,430835.23,Credit Card,Success
3606,3606,2026-06-08 10:26:01,144437.37,Cash,Success
3607,3607,2026-06-23 20:13:05,67231.16,Debit Card,Success
3608,3608,2026-05-13 09:30:49,258341.68,UPI,Success
3609,3609,2025-10-21 22:03:36,560571.15,Credit Card,Success
3610,3610,2026-05-09 15:30:55,690532.38,Debit Card,Success
3611,3611,2026-06-13 19:02:53,0.0,UPI,Failed
3612,3612,2026-03-04 20:18:49,200774.55,Debit Card,Success
3613,3613,2025-07-31 16:10:47,277553.81,Credit Card,Success
3614,3614,2026-06-03 09:38:31,176429.76,UPI,Success
3615,3615,2026-04-13 17:30:12,465498.24,UPI,Success
3616,3616,2026-04-10 21:51:25,542162.72,Credit Card,Success
3617,3617,2026-05-24 14:00:44,183981.19,Credit Card,Success
3618,3618,2026-06-29 19:16:15,509761.26,Debit Card,Success
3619,3619,2026-04-28 16:12:09,415952.95,Credit Card,Success
3620,3620,2026-06-22 14:41:21,288737.5,Cash,Success
3621,3621,2026-06-07 18:51:07,330239.11,Credit Card,Success
3622,3622,2026-06-08 13:37:55,85943.55,Debit Card,Success
3623,3623,2026-05-30 17:40:58,203474.86,Cash,Success
3624,3624,2026-04-26 18:56:40,109293.76,Cash,Success
3625,3625,2025-06-19 13:53:15,626358.77,UPI,Success
3626,3626,2026-06-14 16:00:51,513495.31,UPI,Success
3627,3627,2026-06-22 13:16:25,110233.1,Cash,Success
3628,3628,2026-06-15 15:20:06,241979.84,Cash,Success
3629,3629,2026-06-25 16:34:25,0.0,Debit Card,Failed
3630,3630,2026-06-01 17:08:07,43806.99,Debit Card,Success
3631,3631,2026-05-24 16:16:34,329764.57,Cash,Success
3632,3632,2026-01-17 10:05:26,113438.89,Cash,Success
3633,3633,2026-06-26 10:02:12,132506.02,UPI,Success
3634,3634,2026-06-19 15:55:47,0.0,Cash,Failed
3635,3635,2026-06-23 19:24:24,0.0,Debit Card,Failed
3636,3636,2026-05-27 17:23:24,175836.43,UPI,Success
3637,3637,2026-05-31 16:08:17,150753.66,Debit Card,Success
3638,3638,2026-05-11 19:47:20,5689.0,Debit Card,Success
3639,3639,2025-10-10 19:33:50,58359.84,Credit Card,Success
3640,3640,2026-06-07 10:10:38,0.0,Debit Card,Failed
3641,3641,2025-11-15 21:14:14,0.0,Cash,Failed
3642,3642,2026-06-05 13:49:08,34833.18,UPI,Success
3643,3643,2026-05-05 21:01:51,337817.83,Cash,Success
3644,3644,2026-01-29 14:52:50,305382.89,UPI,Success
3645,3645,2026-05-31 19:41:28,0.0,Debit Card,Failed
3646,3646,2026-01-01 09:58:45,466914.47,Credit Card,Success
3647,3647,2026-06-18 09:37:07,107315.22,Cash,Success
3648,3648,2026-06-29 21:59:01,250449.95,Cash,Success
3649,3649,2026-03-08 13:16:55,99886.46,Cash,Success
3650,3650,2026-03-13 09:45:26,182679.52,Cash,Success
3651,3651,2026-06-05 18:25:56,8418.69,UPI,Success
3652,3652,2026-06-13 14:18:18,416609.34,Cash,Success
3653,3653,2026-06-16 13:18:53,446112.61,Credit Card,Success
3654,3654,2026-06-28 20:46:22,195940.72,UPI,Success
3655,3655,2025-10-11 17:10:00,683357.53,Debit Card,Success
3656,3656,2026-05-12 16:23:17,341005.45,Credit Card,Success
3657,3657,2026-04-02 18:19:14,76143.11,Credit Card,Success
3658,3658,2026-06-07 12:39:14,447130.6,Credit Card,Success
3659,3659,2026-06-11 18:40:45,560445.6,Debit Card,Success
3660,3660,2025-11-11 10:38:00,341805.89,Cash,Success
3661,3661,2026-06-23 19:50:21,1017715.31,Credit Card,Success
3662,3662,2026-06-15 14:00:49,0.0,Debit Card,Failed
3663,3663,2026-05-13 10:46:58,3835.25,UPI,Success
3664,3664,2026-06-10 14:52:22,617608.74,UPI,Success
3665,3665,2026-06-01 12:31:10,401400.64,Cash,Success
3666,3666,2026-01-16 15:48:31,809581.63,UPI,Success
3667,3667,2026-06-15 11:32:56,211996.7,UPI,Success
3668,3668,2026-06-29 20:34:06,436443.96,Credit Card,Success
3669,3669,2025-01-07 17:58:29,0.0,Credit Card,Failed
3670,3670,2026-06-03 21:06:00,447946.74,Credit Card,Success
3671,3671,2026-06-27 10:14:19,0.0,Credit Card,Failed
3672,3672,2026-06-29 10:13:37,59908.26,Debit Card,Success
3673,3673,2026-04-08 15:00:19,837277.71,Credit Card,Success
3674,3674,2026-06-07 20:57:49,233259.45,Cash,Success
3675,3675,2025-02-19 12:32:46,416921.43,Debit Card,Success
3676,3676,2026-06-09 16:03:03,256382.66,UPI,Success
3677,3677,2026-05-28 11:26:15,379719.49,Credit Card,Success
3678,3678,2026-06-16 21:47:46,759119.78,Credit Card,Success
3679,3679,2025-12-25 21:17:25,126628.94,Cash,Success
3680,3680,2026-06-03 15:52:25,54740.48,UPI,Success
3681,3681,2026-03-18 15:02:46,55335.51,Debit Card,Success
3682,3682,2026-06-12 10:28:19,614148.96,Debit Card,Success
3683,3683,2026-02-12 10:58:45,0.0,Cash,Failed
3684,3684,2025-04-02 21:57:37,104817.16,Debit Card,Success
3685,3685,2025-11-19 16:34:49,209418.39,Debit Card,Success
3686,3686,2026-03-24 22:00:37,246644.1,Cash,Success
3687,3687,2026-06-13 18:58:56,126548.44,Credit Card,Success
3688,3688,2026-06-22 11:53:44,284194.47,UPI,Success
3689,3689,2026-06-28 17:03:26,0.0,UPI,Failed
3690,3690,2026-02-18 10:02:30,31974.9,Cash,Success
3691,3691,2026-05-03 14:32:20,639061.0,UPI,Success
3692,3692,2026-01-17 19:23:05,53774.03,Debit Card,Success
3693,3693,2026-06-22 16:43:17,557494.26,UPI,Success
3694,3694,2026-06-28 21:09:12,450987.06,UPI,Success
3695,3695,2025-02-27 11:36:11,364641.29,Cash,Success
3696,3696,2025-05-09 20:25:42,0.0,UPI,Failed
3697,3697,2026-06-30 14:30:14,30679.32,Credit Card,Success
3698,3698,2025-09-14 21:56:52,143095.58,Debit Card,Success
3699,3699,2025-11-16 12:23:05,717412.95,Credit Card,Success
3700,3700,2025-06-12 16:28:47,240697.13,UPI,Success
3701,3701,2026-06-24 17:14:30,361120.96,Cash,Success
3702,3702,2026-05-23 20:55:22,894376.36,Debit Card,Success
3703,3703,2026-04-03 21:34:38,0.0,Cash,Failed
3704,3704,2026-06-15 12:23:16,190327.89,UPI,Success
3705,3705,2026-06-18 21:53:33,113452.37,Cash,Success
3706,3706,2026-05-08 19:16:11,181265.75,Cash,Success
3707,3707,2026-01-20 12:54:14,119738.1,Debit Card,Success
3708,3708,2026-05-06 17:54:37,412285.31,Debit Card,Success
3709,3709,2025-07-26 12:54:28,0.0,Debit Card,Failed
3710,3710,2025-10-20 19:10:40,374936.34,UPI,Success
3711,3711,2026-05-19 17:20:23,657142.35,Credit Card,Success
3712,3712,2026-06-25 19:40:57,694086.5,Debit Card,Success
3713,3713,2025-12-31 12:32:06,268748.59,Debit Card,Success
3714,3714,2026-06-23 19:12:30,0.0,UPI,Failed
3715,3715,2026-06-19 10:02:41,347281.52,Credit Card,Success
3716,3716,2026-06-10 13:47:53,194642.94,UPI,Success
3717,3717,2026-06-22 20:44:50,647237.56,Debit Card,Success
3718,3718,2026-02-17 13:04:20,301548.39,Cash,Success
3719,3719,2025-12-18 19:46:27,425199.87,Credit Card,Success
3720,3720,2026-04-21 20:15:33,774025.64,Credit Card,Refunded
3721,3721,2025-11-07 12:41:29,58002.04,Debit Card,Success
3722,3722,2026-06-26 17:57:13,96836.33,Debit Card,Success
3723,3723,2025-07-18 12:14:06,178974.02,UPI,Success
3724,3724,2026-06-27 19:27:22,194910.09,Debit Card,Success
3725,3725,2026-06-18 14:04:25,268882.75,UPI,Success
3726,3726,2026-05-27 19:58:02,156001.73,UPI,Success
3727,3727,2026-03-10 15:35:05,361033.3,Debit Card,Success
3728,3728,2026-01-16 11:39:37,286771.09,UPI,Success
3729,3729,2026-06-21 17:22:11,119358.89,UPI,Success
3730,3730,2025-10-11 11:09:20,271766.31,Debit Card,Success
3731,3731,2026-06-23 13:23:36,412848.38,UPI,Success
3732,3732,2026-02-06 15:03:38,55675.9,Cash,Success
3733,3733,2025-04-24 21:53:18,151524.0,Debit Card,Success
3734,3734,2026-05-18 10:38:03,188093.42,Cash,Success
3735,3735,2025-03-11 21:04:05,0.0,UPI,Failed
3736,3736,2026-01-16 15:50:24,252710.45,UPI,Success
3737,3737,2025-11-10 19:54:29,306461.22,Debit Card,Success
3738,3738,2026-01-06 20:23:18,290346.96,Debit Card,Success
3739,3739,2026-05-04 18:06:27,371789.64,Debit Card,Success
3740,3740,2026-06-26 10:09:38,0.0,UPI,Failed
3741,3741,2026-04-12 20:54:01,571322.76,Credit Card,Success
3742,3742,2026-03-03 15:28:19,281190.96,Debit Card,Success
3743,3743,2026-06-11 19:52:12,33572.33,UPI,Success
3744,3744,2026-06-21 13:08:30,580948.82,Cash,Refunded
3745,3745,2026-04-11 09:40:12,441376.75,Credit Card,Success
3746,3746,2026-06-18 19:43:06,0.0,Credit Card,Failed
3747,3747,2026-06-27 12:50:17,575393.96,UPI,Success
3748,3748,2026-05-11 17:00:13,721796.91,Cash,Success
3749,3749,2026-06-12 18:05:03,398316.92,Credit Card,Success
3750,3750,2026-06-21 17:40:01,211387.47,Credit Card,Success
3751,3751,2026-05-31 17:16:28,365665.09,UPI,Success
3752,3752,2026-06-03 16:12:37,200078.59,Debit Card,Success
3753,3753,2026-06-08 13:21:52,229952.82,Cash,Success
3754,3754,2025-12-04 14:46:13,420279.2,UPI,Success
3755,3755,2025-11-02 11:19:02,44599.68,Debit Card,Success
3756,3756,2026-06-28 15:23:25,485908.4,Credit Card,Success
3757,3757,2026-01-04 12:22:49,287193.62,UPI,Success
3758,3758,2026-05-28 18:24:11,301913.94,Credit Card,Refunded
3759,3759,2026-03-09 15:10:52,207907.44,Cash,Success
3760,3760,2026-06-30 17:04:13,320813.22,Cash,Success
3761,3761,2026-06-13 15:35:00,446386.48,UPI,Success
3762,3762,2026-06-20 16:26:16,412969.39,UPI,Success
3763,3763,2026-06-02 19:50:56,265508.79,UPI,Success
3764,3764,2024-07-14 21:30:02,445658.64,Debit Card,Refunded
3765,3765,2026-05-13 20:26:22,1051452.62,UPI,Success
3766,3766,2025-08-11 19:44:57,140848.27,Credit Card,Success
3767,3767,2026-06-25 14:43:38,273550.64,Debit Card,Success
3768,3768,2026-06-28 17:35:45,379021.4,Credit Card,Success
3769,3769,2025-04-28 17:24:20,401329.15,UPI,Success
3770,3770,2026-06-04 18:23:50,991683.36,Cash,Success
3771,3771,2026-05-06 11:05:56,0.0,Credit Card,Failed
3772,3772,2025-06-09 16:12:34,71958.91,Debit Card,Success
3773,3773,2026-02-14 20:59:41,323165.71,Debit Card,Success
3774,3774,2026-06-18 21:40:07,494743.02,Debit Card,Success
3775,3775,2026-02-01 10:03:22,154244.62,Debit Card,Success
3776,3776,2026-06-21 18:27:34,417841.75,Cash,Success
3777,3777,2026-06-26 10:31:00,293776.95,Debit Card,Success
3778,3778,2026-04-25 19:01:13,282574.86,Debit Card,Success
3779,3779,2026-04-27 09:35:58,234928.56,Credit Card,Success
3780,3780,2025-05-29 11:47:14,140093.1,UPI,Success
3781,3781,2026-06-22 18:23:10,0.0,Debit Card,Failed
3782,3782,2026-06-25 19:04:52,96979.08,UPI,Success
3783,3783,2026-06-25 16:37:23,20654.01,Cash,Success
3784,3784,2026-06-23 13:37:00,380813.48,Cash,Success
3785,3785,2026-06-27 21:53:08,272886.88,UPI,Success
3786,3786,2025-10-13 19:00:23,0.0,Credit Card,Failed
3787,3787,2026-06-22 10:17:07,487957.0,Credit Card,Success
3788,3788,2026-01-07 17:08:57,310095.09,Credit Card,Success
3789,3789,2026-06-28 18:57:38,303541.47,Debit Card,Success
3790,3790,2025-08-10 14:38:55,265012.05,Debit Card,Success
3791,3791,2025-09-24 09:31:50,66378.53,Cash,Success
3792,3792,2026-06-27 19:27:38,126750.58,Credit Card,Success
3793,3793,2026-06-24 18:56:52,631591.77,Credit Card,Success
3794,3794,2026-06-02 10:40:48,182816.86,Debit Card,Success
3795,3795,2026-04-02 09:31:10,773343.48,Debit Card,Success
3796,3796,2026-06-28 12:59:27,0.0,Debit Card,Failed
3797,3797,2026-06-26 10:47:56,89008.4,UPI,Success
3798,3798,2026-05-29 10:06:34,301600.39,Debit Card,Success
3799,3799,2026-05-29 10:18:02,480703.73,Debit Card,Success
3800,3800,2025-01-23 15:41:20,408917.74,Debit Card,Success
3801,3801,2026-01-04 15:07:37,255427.98,Credit Card,Success
3802,3802,2026-03-20 09:27:52,189197.09,Debit Card,Success
3803,3803,2026-01-07 15:30:38,373748.9,Debit Card,Success
3804,3804,2026-02-07 19:08:31,416657.41,Cash,Success
3805,3805,2026-05-16 11:52:39,188577.52,Cash,Success
3806,3806,2026-04-07 19:31:58,512315.48,Cash,Success
3807,3807,2026-06-21 13:33:25,364190.37,UPI,Success
3808,3808,2026-06-25 12:06:06,34916.21,Credit Card,Success
3809,3809,2026-04-24 17:42:25,442804.18,UPI,Success
3810,3810,2026-02-02 17:29:37,36388.73,UPI,Success
3811,3811,2026-05-14 19:00:28,0.0,Credit Card,Failed
3812,3812,2026-06-26 11:59:46,109228.2,Credit Card,Success
3813,3813,2025-08-19 18:42:08,301474.26,UPI,Success
3814,3814,2026-06-21 16:49:02,332252.66,Debit Card,Success
3815,3815,2026-06-26 20:35:52,116723.68,Debit Card,Success
3816,3816,2026-06-21 15:00:59,249509.87,Credit Card,Success
3817,3817,2025-12-05 14:19:17,67173.97,UPI,Success
3818,3818,2026-06-11 20:28:53,0.0,Credit Card,Failed
3819,3819,2026-06-20 15:58:04,169229.11,Cash,Success
3820,3820,2026-06-11 21:15:00,326627.76,UPI,Success
3821,3821,2026-03-21 12:55:05,268695.86,Debit Card,Success
3822,3822,2026-04-24 15:08:21,156124.02,Cash,Success
3823,3823,2026-01-26 19:13:15,114857.64,Credit Card,Success
3824,3824,2026-05-08 18:13:56,293149.31,Cash,Success
3825,3825,2025-12-06 20:16:46,258999.33,UPI,Success
3826,3826,2026-06-28 21:12:17,822066.28,Credit Card,Success
3827,3827,2026-06-01 12:24:44,62630.79,Cash,Success
3828,3828,2026-06-20 16:46:48,128651.56,Cash,Success
3829,3829,2024-07-19 21:16:06,180062.86,Debit Card,Success
3830,3830,2024-11-24 10:23:31,240795.11,Cash,Success
3831,3831,2026-05-09 10:36:06,189003.3,Credit Card,Success
3832,3832,2026-05-07 15:14:55,92888.48,Cash,Success
3833,3833,2026-06-24 17:50:39,260921.03,Debit Card,Success
3834,3834,2026-06-18 14:31:32,36197.77,UPI,Success
3835,3835,2026-04-23 15:19:49,165209.06,UPI,Success
3836,3836,2025-06-13 20:51:31,250288.31,UPI,Success
3837,3837,2026-06-10 20:13:08,106455.02,Credit Card,Success
3838,3838,2026-06-03 16:39:43,456021.16,UPI,Success
3839,3839,2026-02-24 09:21:16,299452.56,Credit Card,Success
3840,3840,2026-05-02 16:17:00,226894.77,Credit Card,Refunded
3841,3841,2026-06-22 16:04:24,144095.4,UPI,Success
3842,3842,2026-06-30 16:27:20,134839.13,UPI,Success
3843,3843,2026-01-08 20:45:08,12930.55,Debit Card,Success
3844,3844,2026-06-03 19:59:52,79111.33,Debit Card,Success
3845,3845,2026-06-18 18:15:06,141026.52,Cash,Success
3846,3846,2026-05-05 11:14:42,665864.61,Debit Card,Success
3847,3847,2026-06-24 10:23:50,0.0,Credit Card,Failed
3848,3848,2026-06-17 09:56:24,70970.86,Debit Card,Success
3849,3849,2026-04-25 18:54:55,31824.99,Credit Card,Success
3850,3850,2026-06-05 13:20:59,367470.77,Credit Card,Success
3851,3851,2025-08-16 21:16:43,40510.85,Credit Card,Success
3852,3852,2026-05-29 21:45:59,56837.99,Credit Card,Success
3853,3853,2026-06-24 09:07:01,187536.77,Credit Card,Success
3854,3854,2025-07-22 13:20:38,254400.5,Credit Card,Success
3855,3855,2026-06-30 15:00:35,72315.43,Credit Card,Success
3856,3856,2026-06-30 17:08:53,0.0,Credit Card,Failed
3857,3857,2026-06-03 10:24:36,1196963.44,Debit Card,Success
3858,3858,2024-11-20 16:32:58,486170.77,Debit Card,Success
3859,3859,2026-05-11 09:59:13,105679.44,UPI,Success
3860,3860,2026-05-23 18:21:16,213362.94,Debit Card,Success
3861,3861,2025-07-18 13:34:13,136842.0,Credit Card,Success
3862,3862,2025-10-26 21:30:35,335735.11,Debit Card,Success
3863,3863,2026-05-21 13:05:29,0.0,Cash,Failed
3864,3864,2026-06-17 15:03:00,503698.62,Credit Card,Success
3865,3865,2026-06-03 12:02:35,402796.99,Credit Card,Success
3866,3866,2025-05-08 10:46:53,129038.85,UPI,Success
3867,3867,2025-12-25 17:18:30,394208.68,Credit Card,Success
3868,3868,2026-05-14 15:24:45,37204.85,Credit Card,Success
3869,3869,2025-08-06 13:51:49,197526.93,Credit Card,Success
3870,3870,2026-06-19 19:52:02,69009.44,Debit Card,Success
3871,3871,2025-11-06 13:42:22,275940.11,Cash,Refunded
3872,3872,2025-11-14 20:01:16,181122.35,UPI,Success
3873,3873,2026-06-17 17:10:07,0.0,Debit Card,Failed
3874,3874,2026-05-21 10:14:16,756498.22,Credit Card,Success
3875,3875,2026-05-31 12:37:35,136540.69,Cash,Success
3876,3876,2026-05-25 17:48:46,0.0,Credit Card,Failed
3877,3877,2026-06-28 10:11:44,134839.72,Debit Card,Success
3878,3878,2025-10-18 21:02:35,290846.53,Debit Card,Success
3879,3879,2026-06-06 10:48:15,387970.48,Debit Card,Success
3880,3880,2025-08-03 22:03:26,576873.09,Credit Card,Success
3881,3881,2026-06-26 11:39:25,782570.63,Debit Card,Success
3882,3882,2026-05-05 14:46:13,669333.68,Cash,Success
3883,3883,2026-06-08 21:25:05,298104.26,Debit Card,Success
3884,3884,2026-06-25 12:59:52,259598.77,Cash,Refunded
3885,3885,2025-10-18 15:57:31,306572.21,Debit Card,Success
3886,3886,2026-03-11 21:33:54,249763.65,Credit Card,Success
3887,3887,2025-04-10 10:05:05,101632.73,UPI,Success
3888,3888,2026-06-17 09:28:18,192855.85,Cash,Success
3889,3889,2026-06-26 18:12:48,342599.69,UPI,Success
3890,3890,2024-06-03 10:02:46,604421.61,Credit Card,Success
3891,3891,2026-06-22 16:49:38,0.0,Debit Card,Failed
3892,3892,2026-04-01 18:15:21,195050.08,UPI,Refunded
3893,3893,2026-01-06 16:46:36,31050.52,Credit Card,Success
3894,3894,2025-11-15 11:04:37,127436.22,Credit Card,Success
3895,3895,2026-06-13 12:34:11,111650.3,Debit Card,Success
3896,3896,2025-11-12 14:39:51,45953.5,Debit Card,Success
3897,3897,2026-03-06 14:49:30,210008.87,Debit Card,Success
3898,3898,2026-05-29 19:35:39,243724.79,Cash,Success
3899,3899,2026-03-15 09:13:07,254042.9,Cash,Success
3900,3900,2025-11-22 16:50:31,71688.73,UPI,Success
3901,3901,2025-09-14 18:30:32,392061.27,UPI,Success
3902,3902,2025-10-15 10:07:48,47157.81,Cash,Success
3903,3903,2025-06-24 14:35:24,186399.1,Debit Card,Refunded
3904,3904,2025-03-08 12:50:58,398975.63,UPI,Success
3905,3905,2026-06-12 16:07:10,572058.87,UPI,Success
3906,3906,2026-03-26 19:37:56,331836.4,Cash,Success
3907,3907,2026-06-26 21:18:47,36886.69,Credit Card,Success
3908,3908,2026-02-05 15:47:16,129437.95,Credit Card,Success
3909,3909,2026-04-17 14:27:53,51926.74,Debit Card,Success
3910,3910,2025-12-27 14:03:20,24402.9,Debit Card,Success
3911,3911,2026-01-01 09:59:23,123135.35,Debit Card,Success
3912,3912,2025-09-11 17:48:17,153344.81,Debit Card,Success
3913,3913,2025-10-06 12:46:39,530418.99,Credit Card,Success
3914,3914,2026-03-09 21:59:22,380413.08,Debit Card,Success
3915,3915,2026-05-13 09:28:14,115744.05,Debit Card,Success
3916,3916,2026-01-18 15:41:12,132019.53,Cash,Success
3917,3917,2026-06-27 18:25:19,0.0,Debit Card,Failed
3918,3918,2026-06-16 13:59:49,0.0,Debit Card,Failed
3919,3919,2025-08-14 22:01:17,84820.08,Debit Card,Success
3920,3920,2026-05-16 11:53:45,524993.02,Debit Card,Success
3921,3921,2026-06-02 21:56:56,398700.81,Cash,Success
3922,3922,2026-05-26 16:45:37,28080.21,Debit Card,Success
3923,3923,2025-09-03 16:27:41,234741.88,UPI,Success
3924,3924,2026-06-30 15:53:02,63928.51,UPI,Success
3925,3925,2026-03-14 12:55:50,52375.04,Credit Card,Success
3926,3926,2026-05-19 18:12:50,575801.31,Debit Card,Success
3927,3927,2026-05-24 10:05:56,291204.32,Debit Card,Success
3928,3928,2026-02-17 09:39:51,366557.05,Cash,Success
3929,3929,2025-08-27 10:32:19,0.0,UPI,Failed
3930,3930,2025-11-02 18:42:30,363355.82,Cash,Success
3931,3931,2025-11-02 10:22:16,148498.82,Debit Card,Success
3932,3932,2026-01-23 13:46:30,584694.22,UPI,Success
3933,3933,2025-04-08 22:03:22,12565.35,UPI,Success
3934,3934,2025-12-14 15:11:11,377693.41,Cash,Success
3935,3935,2026-04-03 16:28:27,212554.31,UPI,Success
3936,3936,2026-06-07 20:40:43,0.0,Cash,Failed
3937,3937,2025-12-14 13:01:46,369327.43,UPI,Success
3938,3938,2026-04-25 10:09:12,236677.54,Debit Card,Success
3939,3939,2026-06-22 10:53:47,0.0,Cash,Failed
3940,3940,2026-06-07 16:09:32,186163.67,UPI,Success
3941,3941,2025-12-14 18:13:48,0.0,UPI,Failed
3942,3942,2026-06-29 19:26:07,371659.76,Cash,Success
3943,3943,2026-05-28 16:10:29,260245.18,Credit Card,Success
3944,3944,2026-01-16 17:49:17,334451.74,Debit Card,Success
3945,3945,2026-05-20 13:43:53,431440.25,UPI,Success
3946,3946,2025-11-16 19:28:44,165121.45,Credit Card,Success
3947,3947,2026-06-25 11:35:11,304789.11,Credit Card,Success
3948,3948,2026-05-10 16:43:55,218056.99,Debit Card,Success
3949,3949,2026-06-26 13:25:47,0.0,Cash,Failed
3950,3950,2026-05-25 14:56:39,360548.33,Debit Card,Success
3951,3951,2026-04-12 17:43:42,409672.48,Debit Card,Success
3952,3952,2026-05-11 09:15:11,0.0,Credit Card,Failed
3953,3953,2026-01-23 15:09:54,250140.42,UPI,Success
3954,3954,2026-06-03 18:55:03,28947.67,Debit Card,Success
3955,3955,2026-02-22 11:40:38,34209.46,Debit Card,Success
3956,3956,2026-06-09 09:45:52,8746.01,Credit Card,Success
3957,3957,2026-06-07 15:27:16,0.0,Credit Card,Failed
3958,3958,2026-06-13 19:45:07,559616.57,Credit Card,Success
3959,3959,2026-06-26 11:53:29,390117.38,Debit Card,Success
3960,3960,2025-02-12 19:41:22,433817.8,UPI,Success
3961,3961,2026-04-11 09:23:08,334872.96,Credit Card,Success
3962,3962,2026-05-07 09:49:44,3817.0,UPI,Success
3963,3963,2025-11-09 13:40:55,281529.0,UPI,Success
3964,3964,2025-06-20 10:03:22,76156.7,Credit Card,Success
3965,3965,2026-01-08 17:29:28,517114.18,Credit Card,Success
3966,3966,2025-06-26 18:59:33,0.0,Debit Card,Failed
3967,3967,2026-05-19 19:53:20,686149.43,Cash,Success
3968,3968,2026-06-16 17:13:31,66253.01,Debit Card,Success
3969,3969,2026-04-29 14:01:08,182946.23,Debit Card,Success
3970,3970,2026-06-24 12:04:23,347334.95,Debit Card,Success
3971,3971,2026-05-15 17:58:33,428939.83,Cash,Success
3972,3972,2026-06-19 09:16:03,0.0,Debit Card,Failed
3973,3973,2026-03-07 20:55:53,706351.34,Debit Card,Success
3974,3974,2026-06-10 16:32:06,246344.35,Debit Card,Success
3975,3975,2025-08-10 17:45:18,190582.85,Cash,Success
3976,3976,2026-06-07 09:38:36,228130.71,Credit Card,Success
3977,3977,2026-05-14 09:25:58,981.97,Credit Card,Success
3978,3978,2025-12-15 14:32:50,191765.95,UPI,Success
3979,3979,2026-05-29 14:41:32,15954.19,UPI,Success
3980,3980,2026-06-06 11:38:28,240080.96,Debit Card,Success
3981,3981,2026-06-03 17:00:31,379672.3,Debit Card,Success
3982,3982,2026-06-12 14:01:45,350873.19,Debit Card,Success
3983,3983,2025-03-09 13:54:37,103663.5,Debit Card,Success
3984,3984,2026-06-06 18:05:01,251894.81,UPI,Success
3985,3985,2026-05-23 18:27:35,208615.57,Credit Card,Success
3986,3986,2026-02-28 14:05:46,550150.6,UPI,Success
3987,3987,2026-06-03 12:49:36,75393.29,Credit Card,Success
3988,3988,2026-05-13 11:22:23,11646.39,Cash,Success
3989,3989,2025-02-26 21:35:27,769383.13,Credit Card,Success
3990,3990,2026-03-03 13:08:50,328295.21,Debit Card,Success
3991,3991,2025-08-30 19:35:25,145502.56,Credit Card,Success
3992,3992,2026-06-25 10:51:40,176964.79,UPI,Success
3993,3993,2025-08-11 09:24:18,0.0,Debit Card,Failed
3994,3994,2025-11-14 14:27:39,0.0,Credit Card,Failed
3995,3995,2025-04-11 21:13:07,46768.43,UPI,Success
3996,3996,2026-05-07 14:58:59,745210.07,Credit Card,Success
3997,3997,2026-03-05 17:12:35,335080.92,Debit Card,Success
3998,3998,2026-06-10 21:57:37,94126.9,Cash,Success
3999,3999,2026-05-29 13:15:05,153673.1,Cash,Success
4000,4000,2026-05-29 16:40:20,730958.56,Credit Card,Success
4001,4001,2026-03-26 16:44:14,282815.98,Debit Card,Success
4002,4002,2026-06-14 10:51:43,132639.19,Debit Card,Success
4003,4003,2026-04-07 19:02:05,0.0,Cash,Failed
4004,4004,2026-05-18 18:06:05,233961.36,UPI,Success
4005,4005,2025-11-15 11:29:18,0.0,Debit Card,Failed
4006,4006,2026-06-23 19:49:15,420869.18,Credit Card,Success
4007,4007,2026-05-26 16:41:02,242354.89,Debit Card,Success
4008,4008,2026-06-13 12:40:35,69665.82,UPI,Success
4009,4009,2026-04-30 17:44:13,127857.01,Debit Card,Success
4010,4010,2025-09-05 21:49:26,401763.47,Debit Card,Success
4011,4011,2026-06-12 21:16:47,0.0,UPI,Failed
4012,4012,2026-04-18 11:19:11,68668.48,Cash,Success
4013,4013,2026-06-28 13:12:46,295222.03,UPI,Success
4014,4014,2026-05-09 16:50:35,520803.96,UPI,Success
4015,4015,2026-06-23 16:41:52,130131.34,UPI,Success
4016,4016,2026-06-15 14:35:05,454253.58,UPI,Success
4017,4017,2026-05-23 13:40:36,540979.47,Debit Card,Success
4018,4018,2026-02-14 10:21:59,0.0,Credit Card,Failed
4019,4019,2025-07-11 21:42:39,517310.81,Cash,Success
4020,4020,2026-06-24 21:28:25,99299.05,Debit Card,Success
4021,4021,2026-06-11 11:50:24,408003.82,Cash,Success
4022,4022,2026-06-29 17:37:51,561888.94,Credit Card,Success
4023,4023,2026-06-18 15:45:51,44599.68,Debit Card,Success
4024,4024,2026-06-11 17:12:53,940164.16,Credit Card,Success
4025,4025,2026-05-21 19:50:41,264650.98,UPI,Success
4026,4026,2026-05-16 15:37:31,304665.17,Debit Card,Success
4027,4027,2026-01-03 12:20:31,214956.34,Credit Card,Success
4028,4028,2026-05-26 19:52:04,192929.4,UPI,Success
4029,4029,2026-04-01 16:40:15,149624.21,Credit Card,Success
4030,4030,2026-05-26 18:33:43,463047.54,Credit Card,Success
4031,4031,2026-06-22 15:49:52,170528.44,UPI,Success
4032,4032,2026-06-17 15:38:43,0.0,Cash,Failed
4033,4033,2026-06-03 20:10:58,258645.77,Credit Card,Success
4034,4034,2026-05-05 13:46:16,0.0,Credit Card,Failed
4035,4035,2025-07-21 11:37:02,306789.21,Cash,Success
4036,4036,2026-05-22 13:03:16,599057.97,UPI,Success
4037,4037,2026-02-04 11:10:43,267780.28,UPI,Success
4038,4038,2026-04-19 14:11:03,321917.59,Cash,Success
4039,4039,2025-11-21 18:35:22,548322.29,Credit Card,Success
4040,4040,2026-04-10 14:41:06,185683.54,UPI,Success
4041,4041,2024-08-19 17:06:40,409489.3,UPI,Success
4042,4042,2025-07-04 20:45:32,237752.57,Debit Card,Success
4043,4043,2025-11-15 20:23:11,416476.2,Debit Card,Success
4044,4044,2026-06-22 13:11:13,325966.96,Debit Card,Success
4045,4045,2025-06-18 20:56:32,120648.18,UPI,Success
4046,4046,2026-04-24 09:24:09,636789.83,Credit Card,Success
4047,4047,2025-04-02 17:03:53,400465.63,UPI,Success
4048,4048,2025-11-20 21:35:23,713340.95,Credit Card,Success
4049,4049,2026-06-16 09:50:11,603056.09,Debit Card,Success
4050,4050,2026-06-02 21:26:13,792941.12,Cash,Success
4051,4051,2025-01-09 14:00:00,166926.95,Debit Card,Success
4052,4052,2025-09-08 12:10:27,185528.67,Cash,Success
4053,4053,2026-05-14 10:35:35,216944.65,Credit Card,Success
4054,4054,2026-06-27 16:14:18,259890.59,UPI,Refunded
4055,4055,2025-04-06 13:17:05,612562.92,Cash,Success
4056,4056,2026-04-18 11:28:27,498055.92,Cash,Success
4057,4057,2026-02-14 12:17:25,38111.33,Cash,Success
4058,4058,2026-06-17 09:33:48,141791.92,Cash,Success
4059,4059,2026-06-11 11:30:29,0.0,Credit Card,Failed
4060,4060,2025-12-28 15:47:57,163706.62,Cash,Success
4061,4061,2026-06-30 10:04:00,152470.7,UPI,Success
4062,4062,2026-06-06 09:36:37,0.0,Credit Card,Failed
4063,4063,2026-06-19 10:54:33,254182.92,Cash,Success
4064,4064,2026-05-19 13:00:11,0.0,Cash,Failed
4065,4065,2026-06-11 21:21:48,607521.56,Credit Card,Success
4066,4066,2025-09-26 13:38:18,1005860.46,Debit Card,Success
4067,4067,2026-06-28 15:30:30,87177.96,Debit Card,Success
4068,4068,2025-12-15 12:18:55,104030.42,Debit Card,Success
4069,4069,2026-02-10 13:13:25,156464.34,Cash,Success
4070,4070,2026-04-05 20:06:43,73805.51,Credit Card,Success
4071,4071,2026-04-07 20:09:19,346417.4,Credit Card,Success
4072,4072,2026-01-19 20:25:34,215772.32,Cash,Success
4073,4073,2026-06-02 18:20:12,41883.69,Debit Card,Success
4074,4074,2026-06-08 15:21:48,46618.32,Debit Card,Success
4075,4075,2026-05-31 20:25:12,177081.08,Credit Card,Success
4076,4076,2026-04-26 18:02:18,111664.08,UPI,Success
4077,4077,2026-06-03 16:08:40,127613.18,Debit Card,Success
4078,4078,2026-05-06 20:19:28,210572.84,Cash,Success
4079,4079,2025-12-28 18:06:43,667624.82,Credit Card,Success
4080,4080,2026-05-08 10:32:41,371330.83,UPI,Success
4081,4081,2026-06-17 10:34:24,606740.24,Credit Card,Success
4082,4082,2025-04-22 16:49:15,0.0,Debit Card,Failed
4083,4083,2024-12-26 21:52:04,125195.86,Credit Card,Refunded
4084,4084,2026-06-29 18:09:49,250585.6,UPI,Success
4085,4085,2025-08-02 20:45:04,226830.53,Credit Card,Success
4086,4086,2025-10-01 19:39:01,111619.33,UPI,Success
4087,4087,2026-05-25 13:08:24,435681.2,Debit Card,Success
4088,4088,2026-06-30 14:57:09,0.0,Debit Card,Failed
4089,4089,2025-08-12 16:02:42,511671.18,Credit Card,Success
4090,4090,2026-05-26 18:24:25,266567.6,Debit Card,Success
4091,4091,2026-05-26 14:29:09,288336.16,Credit Card,Success
4092,4092,2026-04-12 18:47:52,142076.98,Credit Card,Success
4093,4093,2026-06-28 19:45:24,314101.45,UPI,Success
4094,4094,2026-06-27 18:01:55,0.0,Credit Card,Failed
4095,4095,2026-06-29 21:15:27,82990.67,Cash,Success
4096,4096,2026-06-22 18:10:52,15525.26,UPI,Success
4097,4097,2025-08-11 12:13:31,223426.25,Credit Card,Success
4098,4098,2024-04-11 15:06:54,172053.39,Cash,Success
4099,4099,2026-02-28 16:54:31,392179.11,Credit Card,Success
4100,4100,2025-06-23 19:44:29,51190.08,Cash,Success
4101,4101,2024-07-21 10:43:21,134750.88,Credit Card,Success
4102,4102,2026-05-31 13:32:01,0.0,Debit Card,Failed
4103,4103,2026-01-27 14:27:44,337364.44,Debit Card,Success
4104,4104,2026-06-19 11:05:22,105409.4,Debit Card,Success
4105,4105,2025-11-07 14:34:15,32593.5,UPI,Success
4106,4106,2026-06-29 19:33:51,378756.71,UPI,Success
4107,4107,2026-06-14 14:05:03,97726.07,UPI,Success
4108,4108,2026-06-12 21:48:33,413674.41,Credit Card,Success
4109,4109,2026-05-17 10:38:08,75740.18,Cash,Success
4110,4110,2026-04-30 17:38:18,568308.45,Cash,Success
4111,4111,2026-06-14 19:08:39,613190.29,Debit Card,Success
4112,4112,2026-06-07 17:21:23,128191.33,Cash,Success
4113,4113,2026-02-11 11:28:09,676124.19,Credit Card,Success
4114,4114,2026-06-20 09:46:24,104694.1,UPI,Success
4115,4115,2025-11-29 11:32:51,355822.21,Cash,Success
4116,4116,2026-06-27 18:45:12,731446.36,UPI,Success
4117,4117,2025-12-22 19:05:15,574623.97,Credit Card,Success
4118,4118,2025-09-08 14:50:25,786096.15,UPI,Success
4119,4119,2026-05-29 12:16:21,941583.6,Debit Card,Success
4120,4120,2026-06-05 09:18:38,447868.5,Credit Card,Success
4121,4121,2025-10-23 16:42:07,189186.25,UPI,Success
4122,4122,2026-06-25 19:41:12,500321.47,UPI,Success
4123,4123,2026-06-21 18:17:51,429584.26,Debit Card,Success
4124,4124,2026-05-03 19:31:32,194260.79,Cash,Success
4125,4125,2025-02-07 18:49:17,131920.72,UPI,Success
4126,4126,2026-02-15 21:44:41,364224.83,UPI,Success
4127,4127,2026-06-15 20:35:49,328030.5,Credit Card,Success
4128,4128,2025-10-29 11:08:08,281235.75,UPI,Success
4129,4129,2026-05-17 12:30:15,282618.97,Credit Card,Success
4130,4130,2026-06-24 16:27:02,60963.31,UPI,Success
4131,4131,2025-05-07 09:41:17,501307.01,UPI,Success
4132,4132,2026-05-30 18:52:54,383347.63,Cash,Success
4133,4133,2026-06-06 18:19:12,6568.85,Debit Card,Success
4134,4134,2026-06-19 21:30:00,461800.88,Credit Card,Success
4135,4135,2026-06-13 15:38:48,212428.19,UPI,Success
4136,4136,2025-08-24 21:16:03,38791.64,Debit Card,Success
4137,4137,2025-07-16 16:59:47,174532.57,Credit Card,Success
4138,4138,2025-03-04 13:54:37,301228.09,Cash,Success
4139,4139,2026-03-03 21:05:32,205263.01,Debit Card,Success
4140,4140,2026-05-20 18:45:07,317493.61,Credit Card,Success
4141,4141,2026-05-21 14:38:20,186779.58,UPI,Success
4142,4142,2026-06-15 10:10:05,159548.39,Debit Card,Success
4143,4143,2025-07-15 16:27:25,7965.12,Debit Card,Success
4144,4144,2025-01-25 19:12:24,253096.88,UPI,Success
4145,4145,2026-06-10 15:19:00,80776.4,Cash,Success
4146,4146,2026-06-24 20:19:50,151450.96,Cash,Success
4147,4147,2026-02-20 19:20:36,220051.52,Credit Card,Success
4148,4148,2026-06-15 12:52:18,533220.43,Credit Card,Success
4149,4149,2026-06-16 13:34:43,0.0,UPI,Failed
4150,4150,2025-07-09 21:58:15,334115.28,Debit Card,Success
4151,4151,2026-06-25 16:43:49,305133.96,UPI,Success
4152,4152,2025-06-05 10:20:40,516716.49,Cash,Success
4153,4153,2025-07-11 11:14:18,905389.05,UPI,Success
4154,4154,2026-06-03 15:34:02,488333.61,Debit Card,Success
4155,4155,2026-05-31 17:56:58,3284.42,Cash,Success
4156,4156,2026-06-23 12:37:25,33715.88,Debit Card,Success
4157,4157,2026-06-18 14:44:51,923153.41,Debit Card,Success
4158,4158,2025-12-10 17:17:28,387293.95,UPI,Success
4159,4159,2026-06-11 17:18:36,177796.08,UPI,Success
4160,4160,2025-07-18 11:14:52,1325135.33,Debit Card,Success
4161,4161,2026-04-03 19:24:10,403746.11,Cash,Success
4162,4162,2026-05-08 10:25:07,359373.66,Credit Card,Success
4163,4163,2026-06-30 14:49:45,305573.28,UPI,Success
4164,4164,2026-02-22 10:25:54,221822.58,Credit Card,Success
4165,4165,2025-04-11 11:58:45,0.0,Credit Card,Failed
4166,4166,2026-04-26 09:41:57,48988.31,Cash,Success
4167,4167,2026-02-15 18:37:32,0.0,UPI,Failed
4168,4168,2026-06-14 17:07:44,665188.63,Credit Card,Success
4169,4169,2025-01-21 12:50:24,243084.93,Credit Card,Success
4170,4170,2026-06-30 15:29:17,531731.71,Credit Card,Success
4171,4171,2026-06-20 21:10:46,417006.99,Debit Card,Success
4172,4172,2025-08-28 12:09:33,547604.82,Cash,Success
4173,4173,2025-10-09 15:58:56,930218.84,UPI,Success
4174,4174,2026-01-20 11:37:16,0.0,Cash,Failed
4175,4175,2025-05-04 11:57:46,246238.99,Credit Card,Success
4176,4176,2026-04-29 15:38:53,97210.44,Cash,Success
4177,4177,2026-05-22 11:30:15,0.0,UPI,Failed
4178,4178,2026-05-16 12:40:27,588271.44,Debit Card,Success
4179,4179,2026-05-17 15:04:19,374669.26,Debit Card,Success
4180,4180,2026-05-20 20:03:42,401071.2,UPI,Success
4181,4181,2026-05-13 20:33:58,291066.42,UPI,Success
4182,4182,2026-05-10 11:07:02,400775.79,Cash,Success
4183,4183,2024-12-05 09:23:53,325585.64,Cash,Success
4184,4184,2026-06-14 09:47:43,317366.81,UPI,Success
4185,4185,2025-07-02 13:59:29,241762.0,Cash,Success
4186,4186,2026-06-06 15:25:18,56495.92,Cash,Success
4187,4187,2026-05-06 19:22:37,79232.04,Credit Card,Success
4188,4188,2026-06-09 18:42:20,844764.77,Debit Card,Success
4189,4189,2026-06-19 22:00:32,213401.81,UPI,Success
4190,4190,2026-06-07 19:44:10,563921.21,UPI,Success
4191,4191,2026-05-26 09:33:56,984104.66,Credit Card,Refunded
4192,4192,2025-03-15 20:02:14,283027.55,Debit Card,Success
4193,4193,2025-11-12 10:42:39,160718.87,Credit Card,Success
4194,4194,2026-01-31 20:34:43,402247.06,Cash,Success
4195,4195,2026-04-13 12:23:15,255562.29,Debit Card,Success
4196,4196,2025-12-31 09:56:30,359275.74,Cash,Refunded
4197,4197,2026-03-11 14:08:46,220393.11,UPI,Success
4198,4198,2026-06-11 13:51:36,500085.4,Credit Card,Success
4199,4199,2026-04-18 21:25:29,402038.72,Credit Card,Success
4200,4200,2026-05-10 21:14:15,465681.12,Debit Card,Success
4201,4201,2026-06-27 14:08:39,262162.98,UPI,Success
4202,4202,2025-06-22 13:50:10,280144.48,UPI,Success
4203,4203,2025-12-04 10:18:52,205521.49,Debit Card,Success
4204,4204,2025-12-21 18:14:22,233239.86,Debit Card,Success
4205,4205,2026-06-17 11:01:47,211248.54,Credit Card,Success
4206,4206,2026-06-27 16:23:21,156746.55,Credit Card,Success
4207,4207,2025-07-17 15:50:22,601125.84,Debit Card,Success
4208,4208,2026-06-09 13:14:31,264116.19,UPI,Success
4209,4209,2025-06-27 12:17:08,539213.87,Debit Card,Success
4210,4210,2026-03-12 09:47:12,259183.86,Debit Card,Success
4211,4211,2026-03-05 19:53:34,760386.45,Cash,Success
4212,4212,2026-06-16 22:05:33,80415.28,Cash,Success
4213,4213,2025-11-01 14:58:19,216850.96,Credit Card,Success
4214,4214,2026-01-18 12:01:07,266001.33,UPI,Success
4215,4215,2026-05-29 18:28:15,100834.46,UPI,Success
4216,4216,2025-03-03 10:28:38,4316.84,Cash,Success
4217,4217,2025-04-06 17:33:25,3817.0,Debit Card,Success
4218,4218,2025-12-03 21:38:56,39541.2,UPI,Success
4219,4219,2025-09-22 17:07:32,209696.45,Credit Card,Success
4220,4220,2026-06-10 17:32:45,259482.91,UPI,Success
4221,4221,2025-05-07 10:34:09,780887.38,Credit Card,Success
4222,4222,2026-06-15 10:31:02,178568.24,UPI,Success
4223,4223,2026-06-22 19:39:30,218368.81,Cash,Success
4224,4224,2026-05-17 21:05:18,322705.16,Cash,Success
4225,4225,2025-11-01 19:09:01,278904.84,Credit Card,Success
4226,4226,2026-06-09 13:17:46,61909.51,Cash,Success
4227,4227,2024-05-01 15:28:04,403169.49,Cash,Success
4228,4228,2026-06-04 15:02:04,0.0,Credit Card,Failed
4229,4229,2026-06-17 12:28:23,396262.82,UPI,Success
4230,4230,2025-12-19 11:11:46,415596.71,Credit Card,Success
4231,4231,2026-02-11 12:47:22,241365.99,UPI,Success
4232,4232,2025-09-11 19:13:31,491703.26,Credit Card,Success
4233,4233,2026-06-29 20:40:57,599842.13,Debit Card,Success
4234,4234,2026-03-17 20:35:58,13593.74,Cash,Success
4235,4235,2026-05-04 19:14:08,78275.59,UPI,Success
4236,4236,2026-03-21 18:24:39,785480.76,UPI,Success
4237,4237,2026-05-08 13:33:30,347011.31,Credit Card,Success
4238,4238,2026-06-19 13:24:21,141070.06,UPI,Success
4239,4239,2026-02-26 21:00:29,377631.15,Credit Card,Success
4240,4240,2026-06-14 18:05:43,0.0,UPI,Failed
4241,4241,2026-05-18 20:48:02,320510.3,Debit Card,Success
4242,4242,2026-05-28 16:58:20,413587.96,UPI,Success
4243,4243,2026-04-25 17:41:20,724367.38,Cash,Success
4244,4244,2025-07-23 15:07:17,262144.92,UPI,Success
4245,4245,2026-01-21 11:38:05,830233.3,Debit Card,Success
4246,4246,2026-06-05 12:43:20,430563.29,Credit Card,Success
4247,4247,2025-09-26 09:51:29,0.0,Debit Card,Failed
4248,4248,2026-05-18 16:45:42,171355.01,Credit Card,Success
4249,4249,2026-01-28 19:42:22,194453.89,Credit Card,Success
4250,4250,2025-09-02 14:07:48,132506.02,Credit Card,Success
4251,4251,2026-06-20 18:44:26,412528.98,Debit Card,Success
4252,4252,2026-04-14 21:07:46,175472.02,Cash,Success
4253,4253,2026-06-23 09:56:02,533831.08,UPI,Success
4254,4254,2025-10-31 13:07:49,402491.44,Debit Card,Success
4255,4255,2025-09-18 21:12:18,564444.33,UPI,Success
4256,4256,2026-06-24 16:39:44,0.0,Debit Card,Failed
4257,4257,2026-04-09 20:23:35,455216.02,UPI,Success
4258,4258,2026-06-27 13:19:09,0.0,UPI,Failed
4259,4259,2026-05-25 16:05:44,308391.94,Cash,Success
4260,4260,2026-05-31 10:59:01,0.0,UPI,Failed
4261,4261,2025-07-24 12:21:10,289077.59,UPI,Success
4262,4262,2025-11-09 19:21:14,165861.5,UPI,Success
4263,4263,2025-09-23 13:54:24,232033.52,Cash,Success
4264,4264,2026-01-15 13:44:51,590591.18,Credit Card,Success
4265,4265,2026-06-15 21:09:16,552518.27,Credit Card,Success
4266,4266,2026-06-10 16:45:38,367987.74,Debit Card,Success
4267,4267,2024-12-28 15:56:36,32131.62,Credit Card,Success
4268,4268,2025-05-26 11:06:59,345328.04,Debit Card,Success
4269,4269,2026-06-27 21:22:15,317707.84,Cash,Success
4270,4270,2025-12-13 20:30:52,1382920.51,Debit Card,Success
4271,4271,2026-06-23 16:32:38,184262.18,Debit Card,Success
4272,4272,2025-07-28 12:27:15,494708.43,UPI,Success
4273,4273,2026-04-26 14:59:24,152470.7,Credit Card,Success
4274,4274,2026-05-19 12:31:08,103623.15,Debit Card,Success
4275,4275,2026-01-23 12:10:04,56036.81,Debit Card,Success
4276,4276,2026-06-17 19:03:58,179136.78,UPI,Success
4277,4277,2026-04-20 09:36:06,312338.14,Debit Card,Success
4278,4278,2025-12-20 10:00:02,331278.0,Cash,Success
4279,4279,2026-02-07 13:18:10,64733.4,Debit Card,Success
4280,4280,2026-06-16 12:54:48,403548.38,Debit Card,Success
4281,4281,2026-04-16 11:29:49,168587.38,Debit Card,Success
4282,4282,2025-04-24 19:25:42,321322.8,Cash,Success
4283,4283,2026-06-04 13:51:09,284983.22,Credit Card,Success
4284,4284,2026-06-22 14:21:13,48273.2,UPI,Success
4285,4285,2026-05-27 11:32:33,383977.9,UPI,Success
4286,4286,2025-02-17 17:09:17,225152.52,Cash,Success
4287,4287,2025-10-01 09:21:51,280778.56,Credit Card,Success
4288,4288,2026-06-19 12:57:22,71617.14,Credit Card,Success
4289,4289,2026-06-20 19:17:32,265300.05,Credit Card,Success
4290,4290,2025-11-27 10:04:31,281541.52,UPI,Success
4291,4291,2026-06-28 21:15:23,31468.04,Debit Card,Success
4292,4292,2025-10-28 14:12:17,520279.65,Cash,Success
4293,4293,2026-05-09 13:20:49,247364.45,Cash,Success
4294,4294,2026-06-10 09:28:27,301226.36,Credit Card,Success
4295,4295,2026-02-02 15:40:34,528743.11,Credit Card,Success
4296,4296,2026-06-15 17:29:08,0.0,Cash,Failed
4297,4297,2026-06-29 14:53:13,415220.71,UPI,Success
4298,4298,2026-03-13 19:56:24,0.0,Cash,Failed
4299,4299,2025-04-28 13:09:29,517586.95,Debit Card,Success
4300,4300,2026-05-02 18:31:02,179389.41,UPI,Success
4301,4301,2026-05-15 18:56:52,334816.26,Debit Card,Success
4302,4302,2026-01-01 16:09:28,24758.81,UPI,Success
4303,4303,2026-06-21 21:12:45,839261.65,Debit Card,Success
4304,4304,2026-06-15 12:16:23,458179.89,UPI,Success
4305,4305,2026-03-13 19:42:38,171810.84,Debit Card,Success
4306,4306,2026-06-13 16:39:36,316132.08,UPI,Success
4307,4307,2025-09-23 10:53:54,105803.14,Cash,Success
4308,4308,2026-05-30 20:23:21,139280.0,Cash,Success
4309,4309,2026-02-18 18:32:53,59599.48,UPI,Success
4310,4310,2026-01-06 16:55:12,214551.97,Credit Card,Success
4311,4311,2026-06-20 21:00:42,349713.4,Debit Card,Success
4312,4312,2026-04-03 12:09:54,396154.7,Debit Card,Success
4313,4313,2026-04-27 12:41:13,544919.95,Credit Card,Success
4314,4314,2025-09-20 15:09:29,278058.14,Debit Card,Success
4315,4315,2026-04-10 21:45:17,0.0,UPI,Failed
4316,4316,2025-12-26 19:24:06,135949.04,Debit Card,Success
4317,4317,2026-06-27 10:12:01,4514.76,UPI,Success
4318,4318,2026-06-15 20:39:10,0.0,Debit Card,Failed
4319,4319,2026-04-20 19:24:37,204172.97,Cash,Success
4320,4320,2026-04-12 22:09:57,3231.49,Cash,Success
4321,4321,2026-05-17 12:47:13,72122.63,Cash,Success
4322,4322,2026-05-22 20:01:29,468614.32,Credit Card,Success
4323,4323,2026-05-17 12:45:26,143584.39,Credit Card,Success
4324,4324,2026-04-09 10:06:00,182557.45,Credit Card,Success
4325,4325,2026-05-10 10:18:12,241768.63,Credit Card,Success
4326,4326,2026-06-12 15:59:36,163405.86,Debit Card,Success
4327,4327,2026-05-19 16:11:23,657819.53,Credit Card,Success
4328,4328,2025-04-11 14:13:00,82829.83,Credit Card,Success
4329,4329,2026-05-19 16:22:01,117695.54,Debit Card,Success
4330,4330,2026-06-16 18:15:53,504916.45,Debit Card,Success
4331,4331,2025-04-22 11:40:30,284859.1,Debit Card,Refunded
4332,4332,2026-05-16 17:27:03,373834.68,UPI,Success
4333,4333,2026-06-17 18:47:53,772149.17,Credit Card,Success
4334,4334,2026-05-31 17:55:01,0.0,Cash,Failed
4335,4335,2025-10-13 09:43:41,584359.13,Credit Card,Success
4336,4336,2025-09-11 17:47:54,35062.83,UPI,Success
4337,4337,2026-06-08 18:48:44,288693.45,UPI,Success
4338,4338,2026-05-14 12:20:04,206317.06,Credit Card,Success
4339,4339,2026-02-09 10:34:23,787003.42,Cash,Success
4340,4340,2025-03-02 12:02:52,0.0,Cash,Failed
4341,4341,2026-06-28 10:01:38,631290.32,Cash,Success
4342,4342,2025-07-23 11:55:46,370585.36,Cash,Success
4343,4343,2025-06-12 16:41:40,195363.04,Credit Card,Success
4344,4344,2026-03-10 20:51:31,76586.19,Cash,Success
4345,4345,2024-10-01 18:31:36,357504.97,Debit Card,Success
4346,4346,2026-06-10 18:56:58,116990.32,UPI,Success
4347,4347,2026-02-22 18:26:43,223291.9,Debit Card,Success
4348,4348,2025-12-13 14:14:34,310130.55,UPI,Success
4349,4349,2026-05-08 13:55:58,346820.28,Cash,Success
4350,4350,2026-05-18 09:48:44,438308.46,Credit Card,Success
4351,4351,2025-09-08 15:24:42,292995.26,UPI,Success
4352,4352,2026-06-13 13:12:27,312093.9,Credit Card,Success
4353,4353,2026-02-21 13:03:28,398129.66,Credit Card,Success
4354,4354,2026-06-01 17:55:53,168973.46,Cash,Success
4355,4355,2026-05-15 14:32:17,73981.34,UPI,Success
4356,4356,2026-05-09 15:49:51,0.0,Debit Card,Failed
4357,4357,2026-02-15 13:14:32,417403.0,UPI,Success
4358,4358,2026-02-21 17:46:57,369867.33,Cash,Success
4359,4359,2025-08-23 11:22:36,546293.17,Credit Card,Success
4360,4360,2026-06-22 14:45:42,26117.27,Credit Card,Success
4361,4361,2026-06-19 16:36:00,146589.1,Credit Card,Success
4362,4362,2026-06-07 19:45:12,166626.15,Credit Card,Success
4363,4363,2026-06-28 16:29:25,739236.87,Cash,Success
4364,4364,2026-06-03 21:11:53,0.0,Credit Card,Failed
4365,4365,2026-02-21 12:26:49,312267.53,Cash,Success
4366,4366,2026-06-29 16:17:04,198267.14,Credit Card,Success
4367,4367,2026-04-01 16:44:32,215916.52,Cash,Success
4368,4368,2026-05-13 14:23:09,423359.99,Debit Card,Success
4369,4369,2026-06-13 09:02:37,245053.3,Cash,Success
4370,4370,2026-05-20 15:03:31,97654.07,Cash,Success
4371,4371,2026-05-28 20:19:01,220244.17,Cash,Success
4372,4372,2026-05-08 19:26:21,69770.84,UPI,Success
4373,4373,2026-05-04 21:05:34,115663.51,Cash,Success
4374,4374,2026-06-05 17:01:46,319589.87,Debit Card,Success
4375,4375,2026-02-04 21:04:27,0.0,Debit Card,Failed
4376,4376,2026-04-19 13:58:15,719115.06,Cash,Success
4377,4377,2025-06-23 20:39:05,403560.26,Debit Card,Success
4378,4378,2025-12-09 12:27:35,39232.31,Credit Card,Success
4379,4379,2025-11-06 18:02:44,136962.46,Debit Card,Success
4380,4380,2026-03-10 16:48:31,420286.88,Credit Card,Success
4381,4381,2025-08-10 13:24:53,472462.42,Cash,Success
4382,4382,2026-06-18 13:57:34,268377.68,Cash,Success
4383,4383,2026-06-19 16:35:23,92768.24,Credit Card,Success
4384,4384,2026-06-17 20:50:38,310005.02,Debit Card,Success
4385,4385,2025-09-11 20:20:43,33240.82,Debit Card,Success
4386,4386,2025-12-02 12:48:14,309751.47,Credit Card,Success
4387,4387,2026-06-20 11:09:20,368225.37,Credit Card,Success
4388,4388,2025-09-19 12:58:08,37505.71,Cash,Success
4389,4389,2026-05-11 17:25:59,2604.02,Cash,Success
4390,4390,2025-08-22 15:03:52,284599.76,Cash,Success
4391,4391,2026-06-11 20:28:24,0.0,Credit Card,Failed
4392,4392,2026-06-09 18:11:57,447033.81,Cash,Success
4393,4393,2025-07-25 14:29:41,201617.42,Credit Card,Success
4394,4394,2026-06-23 16:09:23,207685.3,Debit Card,Success
4395,4395,2026-06-20 13:38:25,0.0,Debit Card,Failed
4396,4396,2026-03-24 19:56:59,531934.74,Debit Card,Success
4397,4397,2026-03-09 13:31:56,120245.61,Credit Card,Success
4398,4398,2026-06-25 09:23:36,148911.28,Debit Card,Success
4399,4399,2025-09-24 18:39:32,359786.58,Credit Card,Success
4400,4400,2026-06-20 20:26:09,70707.11,UPI,Success
4401,4401,2026-06-25 20:04:26,182767.47,Debit Card,Success
4402,4402,2025-12-21 19:34:27,165234.64,Debit Card,Success
4403,4403,2026-02-15 21:36:08,224819.41,UPI,Success
4404,4404,2026-05-28 12:18:51,442905.4,Cash,Success
4405,4405,2025-07-06 10:44:44,95278.42,UPI,Success
4406,4406,2025-08-11 09:59:05,452934.94,Cash,Success
4407,4407,2026-05-22 19:03:25,186810.05,Debit Card,Success
4408,4408,2025-03-27 17:36:20,110435.55,Debit Card,Success
4409,4409,2026-04-26 18:35:06,267016.43,Debit Card,Success
4410,4410,2026-06-12 17:00:16,257848.35,Debit Card,Success
4411,4411,2025-08-21 11:03:28,0.0,Cash,Failed
4412,4412,2026-05-06 16:48:59,923000.02,Credit Card,Success
4413,4413,2026-06-13 16:05:39,60106.7,UPI,Success
4414,4414,2026-05-02 20:59:36,314659.81,Cash,Success
4415,4415,2026-05-04 19:25:04,373453.96,Credit Card,Success
4416,4416,2025-03-05 19:31:57,0.0,Credit Card,Failed
4417,4417,2026-06-26 20:35:08,115174.96,Debit Card,Success
4418,4418,2026-05-24 15:46:10,143723.04,Cash,Success
4419,4419,2026-05-24 11:36:33,260218.64,Debit Card,Success
4420,4420,2026-06-28 12:37:30,175150.2,Cash,Success
4421,4421,2024-12-25 09:13:41,177028.56,Cash,Refunded
4422,4422,2026-05-06 10:44:48,464831.82,Credit Card,Success
4423,4423,2026-06-30 20:45:55,100607.67,Debit Card,Success
4424,4424,2025-06-18 11:06:08,442029.18,Credit Card,Success
4425,4425,2026-06-15 10:41:02,30421.66,Debit Card,Success
4426,4426,2026-06-06 13:59:46,561524.38,Cash,Success
4427,4427,2024-07-09 10:31:21,53901.05,Debit Card,Success
4428,4428,2026-04-01 12:50:22,0.0,Debit Card,Failed
4429,4429,2026-04-23 15:12:20,221806.36,Cash,Success
4430,4430,2026-06-14 12:13:41,424966.4,Credit Card,Success
4431,4431,2025-11-21 13:05:43,207719.32,Cash,Success
4432,4432,2025-06-28 17:20:12,358590.42,UPI,Success
4433,4433,2025-10-22 14:05:48,0.0,Cash,Failed
4434,4434,2025-07-01 17:10:54,182271.52,Cash,Success
4435,4435,2026-04-28 11:17:17,0.0,Debit Card,Failed
4436,4436,2026-05-11 10:01:39,0.0,Credit Card,Failed
4437,4437,2026-06-19 12:50:21,43954.06,UPI,Success
4438,4438,2026-05-10 16:43:41,326956.5,Debit Card,Success
4439,4439,2026-06-09 16:33:04,12930.55,UPI,Success
4440,4440,2026-06-08 14:24:19,329333.59,UPI,Success
4441,4441,2026-04-19 12:04:24,537159.18,Credit Card,Success
4442,4442,2026-06-19 12:52:49,459465.67,Cash,Success
4443,4443,2025-05-19 11:34:45,273130.78,UPI,Success
4444,4444,2026-06-15 19:16:13,151358.84,UPI,Success
4445,4445,2026-04-15 12:46:03,615307.31,UPI,Success
4446,4446,2026-01-24 12:05:18,306339.59,UPI,Success
4447,4447,2026-06-07 18:11:53,202777.36,Cash,Success
4448,4448,2025-10-15 17:08:07,129082.11,Credit Card,Success
4449,4449,2026-05-03 18:21:36,493373.79,Debit Card,Success
4450,4450,2026-06-22 10:27:51,204354.19,UPI,Success
4451,4451,2026-03-25 19:12:11,0.0,Credit Card,Failed
4452,4452,2026-06-06 20:45:20,442793.41,UPI,Success
4453,4453,2025-08-22 13:17:25,273404.73,UPI,Success
4454,4454,2026-06-13 13:23:52,170108.56,UPI,Success
4455,4455,2026-04-23 10:22:09,161063.0,Debit Card,Success
4456,4456,2024-12-18 16:49:09,177028.56,UPI,Success
4457,4457,2026-04-16 12:27:10,421931.25,Cash,Success
4458,4458,2026-01-27 17:02:34,544978.29,Credit Card,Success
4459,4459,2026-06-20 12:38:48,333551.64,Cash,Success
4460,4460,2025-03-02 09:43:27,207131.94,Debit Card,Success
4461,4461,2025-08-26 21:05:27,358718.32,Credit Card,Success
4462,4462,2025-08-25 13:31:23,456950.1,Cash,Success
4463,4463,2026-04-26 19:23:29,690606.68,Credit Card,Success
4464,4464,2026-05-30 19:21:14,118604.49,Cash,Success
4465,4465,2025-11-14 19:51:48,261584.81,Credit Card,Success
4466,4466,2025-10-25 21:11:21,346381.05,UPI,Success
4467,4467,2025-12-24 10:39:20,93632.52,Credit Card,Success
4468,4468,2026-06-27 17:26:06,524862.84,Cash,Success
4469,4469,2026-05-04 19:30:22,785608.51,Credit Card,Success
4470,4470,2026-06-11 21:32:00,0.0,Cash,Failed
4471,4471,2026-04-27 12:35:47,220411.2,Cash,Success
4472,4472,2026-03-03 17:22:40,327130.81,Credit Card,Success
4473,4473,2024-11-19 11:27:05,229858.7,Debit Card,Success
4474,4474,2026-06-30 18:44:23,160437.87,Cash,Success
4475,4475,2025-09-21 12:41:25,776775.64,Cash,Success
4476,4476,2026-06-18 15:29:13,156616.15,Cash,Success
4477,4477,2025-12-16 17:10:14,196093.54,Credit Card,Success
4478,4478,2026-03-14 11:13:01,162540.48,Debit Card,Success
4479,4479,2026-06-10 19:15:38,228567.76,UPI,Success
4480,4480,2025-11-06 10:53:43,127584.17,UPI,Success
4481,4481,2026-05-27 11:45:16,0.0,UPI,Failed
4482,4482,2026-06-16 12:45:03,254653.16,Debit Card,Success
4483,4483,2025-11-19 21:41:25,296999.14,Debit Card,Success
4484,4484,2026-03-19 17:19:19,407097.81,Credit Card,Success
4485,4485,2026-06-14 20:42:14,193763.73,Credit Card,Success
4486,4486,2026-04-04 18:45:19,138031.57,Debit Card,Success
4487,4487,2026-06-25 19:53:22,181269.0,UPI,Success
4488,4488,2025-10-30 18:17:21,262305.93,Credit Card,Success
4489,4489,2025-07-19 21:19:24,187723.86,Debit Card,Success
4490,4490,2026-03-18 22:03:49,388706.5,UPI,Success
4491,4491,2026-03-13 12:45:19,504720.01,Debit Card,Success
4492,4492,2026-06-05 16:05:46,26996.78,UPI,Success
4493,4493,2025-09-25 13:45:16,45398.0,UPI,Success
4494,4494,2026-06-01 09:23:06,0.0,UPI,Failed
4495,4495,2025-11-06 17:04:24,476790.35,Cash,Success
4496,4496,2026-04-19 21:50:47,601386.27,Cash,Success
4497,4497,2025-10-11 13:26:38,58983.56,UPI,Success
4498,4498,2026-01-21 20:05:50,294036.95,Debit Card,Success
4499,4499,2024-06-29 17:35:39,188240.9,UPI,Success
4500,4500,2026-05-20 19:23:17,0.0,Cash,Failed
4501,4501,2026-06-07 19:19:55,346368.61,Credit Card,Success
4502,4502,2025-10-14 15:44:47,469498.9,Cash,Success
4503,4503,2026-05-30 21:15:41,71842.72,Debit Card,Success
4504,4504,2025-12-06 19:00:15,80107.19,UPI,Success
4505,4505,2025-05-06 21:52:56,351167.06,Credit Card,Success
4506,4506,2026-05-10 15:21:06,132188.8,UPI,Success
4507,4507,2025-06-10 19:13:15,210129.44,Debit Card,Success
4508,4508,2025-05-01 12:23:52,293834.22,Credit Card,Success
4509,4509,2026-06-18 10:20:49,0.0,Credit Card,Failed
4510,4510,2024-09-19 16:08:11,223218.57,Debit Card,Success
4511,4511,2026-06-15 11:12:53,601285.8,Cash,Success
4512,4512,2026-06-29 12:07:42,287385.32,Cash,Success
4513,4513,2026-02-08 18:50:44,0.0,UPI,Failed
4514,4514,2025-07-12 19:42:40,769812.41,Cash,Refunded
4515,4515,2026-06-26 15:00:56,196359.43,Cash,Success
4516,4516,2026-06-01 13:38:15,1938.89,UPI,Success
4517,4517,2026-06-24 16:08:23,733943.16,Credit Card,Success
4518,4518,2026-06-09 13:36:39,177873.79,Cash,Success
4519,4519,2026-06-15 20:52:35,656020.36,Debit Card,Success
4520,4520,2026-06-26 11:59:02,454901.84,Cash,Success
4521,4521,2026-04-01 19:47:46,606476.33,Cash,Success
4522,4522,2026-03-25 12:22:40,338777.82,UPI,Success
4523,4523,2026-06-20 11:17:24,192128.14,Debit Card,Success
4524,4524,2026-05-14 20:14:11,469809.6,Debit Card,Success
4525,4525,2024-08-30 19:55:48,399362.02,Credit Card,Success
4526,4526,2025-10-07 14:15:41,310830.92,Debit Card,Success
4527,4527,2025-08-06 10:13:27,23778.9,Cash,Success
4528,4528,2025-09-29 17:59:47,13204.39,Credit Card,Success
4529,4529,2026-05-27 10:56:48,121824.52,Credit Card,Success
4530,4530,2025-07-04 21:32:59,173906.68,UPI,Success
4531,4531,2026-02-27 20:17:38,0.0,Credit Card,Failed
4532,4532,2026-06-20 17:34:55,677389.56,Cash,Success
4533,4533,2026-06-09 21:04:10,12969.9,Cash,Success
4534,4534,2026-05-08 16:48:51,0.0,UPI,Failed
4535,4535,2025-08-20 19:07:23,391113.41,Debit Card,Success
4536,4536,2026-04-28 09:50:21,0.0,UPI,Failed
4537,4537,2026-05-06 17:25:32,435252.04,Cash,Success
4538,4538,2026-06-08 16:04:14,357413.95,Debit Card,Success
4539,4539,2026-06-03 18:36:03,76785.11,UPI,Success
4540,4540,2026-04-07 09:48:28,369924.43,UPI,Success
4541,4541,2026-05-20 17:22:20,276031.75,Credit Card,Success
4542,4542,2026-02-03 11:29:10,445836.96,Credit Card,Success
4543,4543,2026-06-13 11:43:11,66220.47,Debit Card,Success
4544,4544,2026-05-17 12:17:00,132755.52,Cash,Success
4545,4545,2026-05-10 12:26:01,128809.64,Debit Card,Success
4546,4546,2025-10-05 09:08:56,517360.08,Credit Card,Success
4547,4547,2026-06-06 13:03:25,269266.51,Debit Card,Success
4548,4548,2026-04-17 16:52:04,54098.19,UPI,Success
4549,4549,2026-04-24 13:35:22,0.0,Debit Card,Failed
4550,4550,2026-02-25 17:39:25,0.0,Cash,Failed
4551,4551,2025-12-09 21:56:16,675816.14,Cash,Success
4552,4552,2025-07-19 13:41:19,187952.23,Cash,Success
4553,4553,2026-01-18 10:04:07,8886.39,Debit Card,Success
4554,4554,2026-06-01 20:32:31,445873.68,Debit Card,Success
4555,4555,2026-02-15 10:40:55,552817.96,Credit Card,Success
4556,4556,2024-10-22 10:34:02,804588.57,Credit Card,Success
4557,4557,2026-06-27 13:28:04,0.0,UPI,Failed
4558,4558,2026-05-28 21:09:08,288204.75,Debit Card,Success
4559,4559,2025-08-04 20:26:14,170614.04,Debit Card,Success
4560,4560,2026-01-23 16:50:08,202396.56,Credit Card,Success
4561,4561,2025-08-06 19:08:22,500171.8,Cash,Success
4562,4562,2026-04-05 13:43:36,232412.82,Credit Card,Success
4563,4563,2026-03-26 17:34:11,0.0,UPI,Failed
4564,4564,2026-06-07 12:19:40,625232.62,Credit Card,Success
4565,4565,2026-06-03 09:20:44,107842.52,Debit Card,Success
4566,4566,2026-04-04 17:35:42,113586.27,Cash,Success
4567,4567,2026-06-16 15:20:34,38193.27,Cash,Success
4568,4568,2025-12-31 18:36:14,586989.77,Debit Card,Success
4569,4569,2026-06-17 11:50:15,529601.71,UPI,Success
4570,4570,2026-02-05 19:38:25,212619.67,Credit Card,Success
4571,4571,2026-03-01 15:02:14,336203.75,Debit Card,Success
4572,4572,2026-05-26 19:20:03,675007.09,UPI,Success
4573,4573,2026-06-10 13:59:03,7691.07,Debit Card,Success
4574,4574,2024-11-25 14:27:44,199996.49,Credit Card,Success
4575,4575,2026-05-10 15:19:25,266123.48,Debit Card,Success
4576,4576,2026-04-18 12:20:23,13010.99,Credit Card,Success
4577,4577,2026-05-23 14:56:45,284163.14,Cash,Success
4578,4578,2026-01-15 13:59:18,0.0,Credit Card,Failed
4579,4579,2026-06-28 14:17:56,376124.48,Credit Card,Success
4580,4580,2026-01-31 19:23:10,734408.29,Debit Card,Success
4581,4581,2026-03-14 20:28:11,271028.02,Debit Card,Success
4582,4582,2026-05-07 17:08:57,94645.83,Debit Card,Success
4583,4583,2026-05-16 15:21:48,95388.95,UPI,Success
4584,4584,2026-02-22 15:27:11,148514.48,Debit Card,Success
4585,4585,2025-10-23 13:32:46,251056.35,Cash,Success
4586,4586,2026-04-05 18:03:31,376964.97,Cash,Success
4587,4587,2026-06-13 12:59:00,75463.7,Cash,Success
4588,4588,2026-05-22 14:42:04,94086.62,Debit Card,Success
4589,4589,2026-06-29 18:16:58,138365.76,Cash,Success
4590,4590,2026-01-01 17:12:16,93507.05,Cash,Success
4591,4591,2026-06-30 10:10:16,571039.02,Credit Card,Success
4592,4592,2026-03-06 17:41:43,419074.58,Cash,Success
4593,4593,2025-07-05 20:13:52,567460.58,Debit Card,Success
4594,4594,2026-05-30 09:35:26,504786.65,UPI,Success
4595,4595,2026-05-27 15:59:55,43648.87,UPI,Success
4596,4596,2026-03-23 18:10:56,851789.32,UPI,Success
4597,4597,2026-04-18 16:47:44,118369.16,UPI,Success
4598,4598,2026-06-14 10:57:49,211961.75,Cash,Success
4599,4599,2026-06-04 11:06:10,110372.8,Debit Card,Success
4600,4600,2025-10-07 15:05:00,334537.62,Cash,Success
4601,4601,2026-02-26 11:38:59,248258.39,Debit Card,Success
4602,4602,2026-06-09 19:13:07,352519.17,UPI,Success
4603,4603,2025-05-25 13:54:44,25595.04,Debit Card,Success
4604,4604,2026-05-10 16:43:25,268837.94,Debit Card,Success
4605,4605,2026-04-13 13:12:02,0.0,Cash,Failed
4606,4606,2026-06-16 13:55:17,102380.15,Cash,Success
4607,4607,2026-01-17 12:55:31,441132.83,UPI,Success
4608,4608,2025-05-23 10:54:22,217386.17,Credit Card,Success
4609,4609,2026-06-18 18:48:55,401426.71,UPI,Success
4610,4610,2026-06-23 15:17:57,241686.82,UPI,Success
4611,4611,2026-06-30 11:45:14,0.0,Credit Card,Failed
4612,4612,2026-05-07 16:46:52,269691.88,Cash,Success
4613,4613,2025-04-26 16:29:01,271113.87,Credit Card,Success
4614,4614,2026-05-27 14:40:13,520056.6,UPI,Success
4615,4615,2026-06-19 14:01:49,208261.0,UPI,Success
4616,4616,2025-07-28 14:53:27,665670.74,Debit Card,Success
4617,4617,2025-11-19 21:45:40,108994.15,Debit Card,Success
4618,4618,2026-05-26 18:27:13,609814.35,Cash,Success
4619,4619,2025-07-25 16:25:54,336280.42,Debit Card,Success
4620,4620,2026-06-16 17:19:08,807453.81,Credit Card,Success
4621,4621,2026-06-16 19:22:58,225060.07,Debit Card,Success
4622,4622,2025-12-21 14:44:18,385584.06,Cash,Success
4623,4623,2026-06-15 12:21:25,126666.62,Debit Card,Success
4624,4624,2026-05-13 12:38:49,28887.47,Cash,Success
4625,4625,2026-06-18 16:50:57,302698.07,Cash,Success
4626,4626,2025-08-22 17:02:14,68967.32,UPI,Success
4627,4627,2026-05-22 21:03:47,126271.73,UPI,Success
4628,4628,2025-03-02 20:38:53,84831.76,Credit Card,Success
4629,4629,2026-06-29 19:10:05,239252.14,Debit Card,Success
4630,4630,2026-06-28 12:01:30,256290.45,Credit Card,Success
4631,4631,2026-06-27 13:37:43,439299.36,Debit Card,Success
4632,4632,2026-06-07 21:48:25,128957.86,Debit Card,Success
4633,4633,2026-06-01 18:10:09,564434.89,UPI,Success
4634,4634,2026-01-23 13:11:28,0.0,UPI,Failed
4635,4635,2026-05-20 18:48:05,0.0,Credit Card,Failed
4636,4636,2025-12-31 20:24:30,795043.73,Debit Card,Success
4637,4637,2026-01-06 14:08:45,529231.0,Cash,Refunded
4638,4638,2026-06-13 20:23:21,177034.13,Credit Card,Success
4639,4639,2026-06-14 11:48:27,181412.06,UPI,Success
4640,4640,2026-06-11 14:18:01,223850.87,Credit Card,Success
4641,4641,2026-04-26 10:06:33,151698.92,Debit Card,Success
4642,4642,2026-06-28 11:35:11,402970.11,Cash,Success
4643,4643,2026-06-22 12:50:32,0.0,Credit Card,Failed
4644,4644,2025-08-09 16:06:51,216000.51,Cash,Success
4645,4645,2025-07-03 20:54:43,661582.84,UPI,Success
4646,4646,2025-11-08 13:10:33,180832.63,Cash,Success
4647,4647,2026-06-22 09:51:11,321886.51,UPI,Success
4648,4648,2025-06-27 12:39:58,4476.9,Credit Card,Success
4649,4649,2026-06-22 10:03:37,385123.61,Debit Card,Success
4650,4650,2026-02-13 16:31:50,301566.97,Credit Card,Success
4651,4651,2025-09-06 21:39:24,192915.59,Credit Card,Success
4652,4652,2026-06-25 09:19:16,453028.4,UPI,Success
4653,4653,2026-06-24 22:02:44,431895.58,Credit Card,Success
4654,4654,2026-05-12 09:11:24,144179.31,UPI,Success
4655,4655,2026-06-07 12:57:03,676158.05,Debit Card,Success
4656,4656,2026-05-18 20:21:12,322674.99,Cash,Success
4657,4657,2026-06-25 19:56:04,502916.2,Cash,Success
4658,4658,2025-12-28 20:54:01,286674.05,UPI,Success
4659,4659,2026-06-11 15:13:51,393830.96,Cash,Success
4660,4660,2026-06-13 20:15:20,262743.2,Cash,Success
4661,4661,2025-12-10 17:31:27,297463.16,Debit Card,Success
4662,4662,2026-03-07 17:17:47,408357.2,UPI,Refunded
4663,4663,2026-06-05 18:35:15,84815.36,UPI,Success
4664,4664,2026-06-01 18:27:52,261071.72,Cash,Success
4665,4665,2026-06-22 09:20:14,285535.76,Debit Card,Success
4666,4666,2026-06-15 16:55:07,387126.47,Credit Card,Success
4667,4667,2026-04-23 17:59:35,201888.06,Credit Card,Success
4668,4668,2026-05-15 14:07:24,511377.82,UPI,Success
4669,4669,2026-03-29 20:46:37,276250.01,Credit Card,Success
4670,4670,2025-09-28 13:32:16,245147.99,Cash,Success
4671,4671,2026-06-11 13:09:23,277885.99,UPI,Success
4672,4672,2025-09-26 16:42:23,11706.11,UPI,Success
4673,4673,2026-06-20 10:40:37,501131.19,UPI,Success
4674,4674,2025-07-25 11:05:43,351190.03,Cash,Success
4675,4675,2026-06-04 19:52:14,213986.33,UPI,Success
4676,4676,2026-06-12 20:18:58,401946.27,Credit Card,Success
4677,4677,2025-10-18 19:14:29,86444.42,Credit Card,Success
4678,4678,2026-05-11 12:20:44,489667.67,Credit Card,Success
4679,4679,2026-06-25 15:15:14,353273.99,Credit Card,Success
4680,4680,2026-05-11 18:10:51,133278.5,UPI,Success
4681,4681,2026-06-14 16:23:53,593974.96,UPI,Success
4682,4682,2026-04-29 20:38:45,700517.38,Credit Card,Success
4683,4683,2026-04-22 17:52:25,54740.48,Debit Card,Success
4684,4684,2024-11-15 14:52:03,235206.12,Debit Card,Success
4685,4685,2026-06-27 10:24:22,173184.97,Cash,Success
4686,4686,2026-05-05 15:45:26,261149.75,Credit Card,Success
4687,4687,2026-06-14 09:39:15,70188.81,Credit Card,Success
4688,4688,2025-08-04 15:46:00,480564.2,Cash,Success
4689,4689,2026-06-04 20:28:07,668899.15,Cash,Success
4690,4690,2026-01-23 14:34:12,336493.21,UPI,Success
4691,4691,2024-06-20 17:18:23,163254.16,Debit Card,Success
4692,4692,2026-06-18 10:10:41,102311.84,Cash,Success
4693,4693,2025-05-29 17:58:48,158001.35,UPI,Success
4694,4694,2025-12-20 13:43:30,240325.99,Cash,Success
4695,4695,2026-06-26 12:13:36,437423.57,Credit Card,Success
4696,4696,2025-06-26 16:43:03,401092.74,UPI,Success
4697,4697,2026-06-06 11:52:22,468382.47,Cash,Success
4698,4698,2026-06-22 11:16:00,0.0,Cash,Failed
4699,4699,2026-05-24 19:00:45,526716.98,Debit Card,Success
4700,4700,2026-04-15 10:58:38,21757.42,Cash,Success
4701,4701,2026-03-12 16:44:41,0.0,Credit Card,Failed
4702,4702,2026-06-08 21:32:00,936604.59,Debit Card,Success
4703,4703,2025-03-25 15:17:22,722350.39,Debit Card,Success
4704,4704,2026-01-27 16:37:23,379523.12,Cash,Success
4705,4705,2026-06-23 17:27:51,179622.41,Cash,Success
4706,4706,2026-04-11 12:58:47,161511.15,UPI,Success
4707,4707,2025-10-21 13:54:33,217266.59,UPI,Success
4708,4708,2026-05-25 12:51:50,192211.21,UPI,Success
4709,4709,2025-12-28 15:15:07,295617.93,Credit Card,Success
4710,4710,2026-05-06 13:03:34,0.0,Credit Card,Failed
4711,4711,2026-06-16 17:45:26,0.0,Credit Card,Failed
4712,4712,2026-06-24 13:02:41,0.0,Debit Card,Failed
4713,4713,2026-06-17 20:07:10,445543.34,UPI,Success
4714,4714,2026-05-21 09:52:13,695698.28,UPI,Success
4715,4715,2026-06-09 15:47:46,0.0,UPI,Failed
4716,4716,2026-04-02 10:48:15,209935.78,Cash,Success
4717,4717,2026-03-27 17:19:21,0.0,Debit Card,Failed
4718,4718,2026-04-03 09:52:11,207941.69,Cash,Success
4719,4719,2026-05-05 16:27:13,417339.12,Cash,Success
4720,4720,2026-03-01 12:18:45,217863.18,Debit Card,Success
4721,4721,2025-08-10 15:35:53,30522.6,UPI,Success
4722,4722,2026-06-27 21:55:50,444409.61,UPI,Success
4723,4723,2026-06-17 16:45:03,719797.96,Cash,Success
4724,4724,2025-10-18 11:22:54,303049.02,Debit Card,Success
4725,4725,2026-06-13 10:41:22,118888.09,Credit Card,Success
4726,4726,2025-11-12 18:07:10,215723.87,UPI,Success
4727,4727,2026-03-19 10:22:37,267221.07,Debit Card,Success
4728,4728,2026-05-31 12:26:46,348425.21,Debit Card,Success
4729,4729,2026-06-14 14:16:32,55273.47,Credit Card,Success
4730,4730,2025-12-06 18:44:20,230133.21,Cash,Success
4731,4731,2026-06-10 11:43:19,565230.57,Credit Card,Success
4732,4732,2025-01-13 19:55:47,150349.5,Debit Card,Success
4733,4733,2026-03-04 17:00:51,4514.76,Credit Card,Refunded
4734,4734,2026-06-10 17:40:54,172609.01,Cash,Success
4735,4735,2026-06-25 20:59:58,0.0,Credit Card,Failed
4736,4736,2026-05-06 14:42:22,224162.46,Cash,Success
4737,4737,2025-10-21 11:14:36,490244.45,UPI,Success
4738,4738,2026-05-05 21:17:24,143190.99,Debit Card,Success
4739,4739,2026-06-23 10:12:40,582535.64,Debit Card,Success
4740,4740,2026-06-30 21:26:42,485113.41,Credit Card,Success
4741,4741,2026-03-16 17:04:59,717292.51,Cash,Success
4742,4742,2026-04-22 13:00:40,88184.35,Debit Card,Success
4743,4743,2026-04-23 11:10:48,284262.11,Cash,Success
4744,4744,2026-06-25 15:15:28,129419.64,UPI,Success
4745,4745,2025-07-21 13:53:16,571422.21,Credit Card,Success
4746,4746,2026-06-21 16:01:29,119231.97,Cash,Success
4747,4747,2026-01-11 14:33:42,115403.96,Credit Card,Success
4748,4748,2026-06-06 18:33:31,189779.46,Credit Card,Success
4749,4749,2026-06-03 12:48:15,239593.18,Credit Card,Success
4750,4750,2025-12-31 18:56:21,263793.34,Cash,Success
4751,4751,2025-10-01 20:48:03,8469.28,UPI,Success
4752,4752,2026-04-11 10:08:54,355932.47,Debit Card,Success
4753,4753,2026-06-19 15:57:56,59252.28,Credit Card,Success
4754,4754,2026-06-18 09:52:02,463337.44,Credit Card,Success
4755,4755,2025-07-19 10:54:18,634505.55,Debit Card,Success
4756,4756,2026-06-25 20:09:02,0.0,UPI,Failed
4757,4757,2024-09-18 16:16:33,643449.99,Debit Card,Success
4758,4758,2026-06-02 21:53:14,201938.45,Cash,Success
4759,4759,2025-11-18 15:58:36,566493.75,Debit Card,Success
4760,4760,2026-03-19 18:26:06,304161.41,Credit Card,Success
4761,4761,2026-06-25 15:41:04,163860.57,Cash,Success
4762,4762,2026-06-14 14:21:08,0.0,Debit Card,Failed
4763,4763,2026-04-14 21:47:11,319833.83,UPI,Success
4764,4764,2026-06-15 12:57:22,145980.75,Cash,Success
4765,4765,2026-04-28 13:17:42,464433.63,Debit Card,Success
4766,4766,2026-04-15 18:30:39,473100.11,Cash,Success
4767,4767,2026-05-07 19:17:48,154333.6,Debit Card,Success
4768,4768,2026-03-15 16:30:54,824916.38,UPI,Success
4769,4769,2026-06-28 18:29:57,271221.4,Debit Card,Refunded
4770,4770,2025-10-10 09:47:13,44048.75,Credit Card,Success
4771,4771,2025-11-05 17:39:18,355630.69,Debit Card,Success
4772,4772,2025-11-03 17:12:32,269597.96,Credit Card,Success
4773,4773,2026-02-18 12:45:39,257225.18,Debit Card,Success
4774,4774,2025-10-07 11:27:48,75456.66,Credit Card,Success
4775,4775,2026-06-28 10:31:59,156813.02,Debit Card,Success
4776,4776,2024-08-08 12:17:52,717040.39,UPI,Success
4777,4777,2026-06-23 15:08:21,18514.55,Cash,Success
4778,4778,2026-06-26 10:39:08,89047.98,UPI,Refunded
4779,4779,2026-03-15 17:40:08,82604.53,UPI,Success
4780,4780,2025-06-16 17:34:20,420972.25,Debit Card,Success
4781,4781,2026-04-27 18:58:58,4706.32,Cash,Success
4782,4782,2026-03-02 15:10:24,447356.08,Debit Card,Success
4783,4783,2026-06-28 19:13:17,694171.6,Credit Card,Success
4784,4784,2026-02-02 14:25:48,35687.16,Debit Card,Success
4785,4785,2026-04-11 18:55:26,133309.27,Credit Card,Success
4786,4786,2025-10-24 20:50:19,663509.89,Debit Card,Success
4787,4787,2026-06-12 16:49:19,0.0,Cash,Failed
4788,4788,2026-03-14 11:57:20,172302.89,Credit Card,Success
4789,4789,2026-03-24 09:52:07,139486.86,Debit Card,Success
4790,4790,2026-06-17 14:49:27,272984.43,Debit Card,Success
4791,4791,2026-06-09 14:11:20,399105.79,Debit Card,Success
4792,4792,2026-03-17 09:46:23,306304.35,Debit Card,Success
4793,4793,2026-05-06 18:41:12,332109.64,UPI,Success
4794,4794,2026-06-21 13:31:20,503631.13,Debit Card,Success
4795,4795,2026-05-26 17:34:03,369800.11,Cash,Success
4796,4796,2026-05-21 15:14:44,18987.77,Cash,Success
4797,4797,2026-06-11 11:19:19,490459.83,Cash,Success
4798,4798,2026-06-09 21:25:28,83288.78,UPI,Success
4799,4799,2026-06-24 17:02:33,0.0,Cash,Failed
4800,4800,2025-11-25 17:40:00,212672.47,Cash,Success
4801,4801,2026-05-23 19:48:55,109732.75,Cash,Success
4802,4802,2026-06-17 19:41:47,297593.7,Debit Card,Success
4803,4803,2026-05-24 19:34:37,0.0,UPI,Failed
4804,4804,2026-05-30 15:49:51,67593.85,UPI,Success
4805,4805,2026-02-21 12:44:35,441324.78,Credit Card,Success
4806,4806,2026-03-01 21:58:44,124220.64,Debit Card,Success
4807,4807,2026-06-26 10:59:39,475284.94,Cash,Success
4808,4808,2025-04-13 21:57:45,0.0,Credit Card,Failed
4809,4809,2025-12-22 17:56:44,0.0,UPI,Failed
4810,4810,2026-05-23 14:18:43,107372.02,UPI,Success
4811,4811,2026-05-29 14:24:21,299969.79,Cash,Success
4812,4812,2026-05-23 11:21:34,265764.13,UPI,Success
4813,4813,2024-07-01 13:52:00,320259.34,Cash,Success
4814,4814,2026-06-08 09:19:57,847330.54,Cash,Success
4815,4815,2026-02-10 12:22:42,98251.7,Cash,Success
4816,4816,2025-12-13 18:56:48,34185.97,Credit Card,Success
4817,4817,2026-06-04 15:57:50,328927.81,Credit Card,Success
4818,4818,2026-06-03 10:20:09,578465.25,Cash,Success
4819,4819,2026-06-17 15:13:54,349481.33,Credit Card,Success
4820,4820,2026-04-18 13:41:13,636406.26,Credit Card,Success
4821,4821,2026-03-02 17:19:13,0.0,UPI,Failed
4822,4822,2026-05-30 16:17:33,163099.28,UPI,Success
4823,4823,2026-02-07 17:03:56,24589.26,Credit Card,Success
4824,4824,2025-10-18 12:18:01,775557.64,Cash,Success
4825,4825,2026-06-01 16:20:47,365257.74,UPI,Success
4826,4826,2026-02-18 12:15:44,771679.62,Cash,Success
4827,4827,2026-02-09 21:22:50,37520.13,Cash,Success
4828,4828,2026-04-17 19:09:27,20529.57,Cash,Success
4829,4829,2026-05-05 19:09:14,0.0,Credit Card,Failed
4830,4830,2026-01-21 15:23:49,156001.73,Debit Card,Success
4831,4831,2026-06-08 13:26:53,298033.05,UPI,Success
4832,4832,2026-06-14 19:30:29,90958.13,Cash,Success
4833,4833,2025-05-28 11:58:36,753334.22,UPI,Success
4834,4834,2024-12-28 17:22:33,344627.27,UPI,Success
4835,4835,2026-06-25 20:12:47,267462.21,UPI,Success
4836,4836,2025-04-18 13:29:37,0.0,Debit Card,Failed
4837,4837,2026-05-26 19:23:12,583733.17,Cash,Success
4838,4838,2026-02-23 12:02:19,775174.78,Debit Card,Success
4839,4839,2026-04-18 19:39:34,48931.94,Cash,Success
4840,4840,2025-09-30 10:36:22,594675.99,Credit Card,Success
4841,4841,2025-12-31 12:54:33,853436.63,Credit Card,Success
4842,4842,2026-05-09 09:32:04,245677.51,Credit Card,Success
4843,4843,2026-04-07 21:12:39,339964.68,Cash,Success
4844,4844,2026-06-22 19:06:22,608688.2,Debit Card,Success
4845,4845,2026-05-08 16:15:16,51027.47,Cash,Success
4846,4846,2026-04-15 12:54:07,378758.24,UPI,Success
4847,4847,2026-06-19 21:26:22,700930.42,Credit Card,Success
4848,4848,2026-06-19 13:49:48,389368.35,Credit Card,Success
4849,4849,2026-02-07 19:59:35,552496.41,Debit Card,Success
4850,4850,2026-06-19 17:45:55,478641.09,Debit Card,Refunded
4851,4851,2025-07-31 15:40:00,811508.75,UPI,Success
4852,4852,2026-04-23 15:17:21,0.0,UPI,Failed
4853,4853,2026-06-16 20:22:45,190216.65,Debit Card,Success
4854,4854,2026-03-17 18:26:15,312982.16,Credit Card,Success
4855,4855,2026-01-10 09:56:48,127975.19,Credit Card,Success
4856,4856,2026-02-06 21:22:35,176388.26,Cash,Success
4857,4857,2026-04-13 22:08:59,0.0,Debit Card,Failed
4858,4858,2026-03-01 19:33:22,251694.35,UPI,Success
4859,4859,2025-04-09 20:44:48,222113.69,Credit Card,Success
4860,4860,2025-12-20 09:38:26,164070.85,Debit Card,Success
4861,4861,2026-06-27 19:25:53,66899.52,Debit Card,Success
4862,4862,2025-11-30 21:08:21,0.0,Debit Card,Failed
4863,4863,2026-03-28 18:02:31,220393.11,Credit Card,Success
4864,4864,2025-06-18 10:41:08,152108.31,Debit Card,Success
4865,4865,2025-09-08 09:43:03,105857.86,Cash,Success
4866,4866,2026-06-19 20:20:36,265444.06,Debit Card,Success
4867,4867,2026-03-22 14:00:45,0.0,Cash,Failed
4868,4868,2026-01-05 15:34:43,172305.59,Debit Card,Success
4869,4869,2026-05-27 14:53:59,15555.22,Credit Card,Success
4870,4870,2026-04-04 18:28:25,23673.83,Credit Card,Success
4871,4871,2026-06-20 15:33:46,195916.67,Credit Card,Success
4872,4872,2025-11-09 10:15:00,96859.11,UPI,Success
4873,4873,2025-12-02 17:45:13,101895.44,UPI,Success
4874,4874,2026-06-26 17:47:37,634571.63,UPI,Success
4875,4875,2026-06-26 12:56:23,388677.97,Credit Card,Success
4876,4876,2026-05-02 21:47:21,68609.57,Credit Card,Success
4877,4877,2026-06-23 15:36:35,209450.65,Credit Card,Success
4878,4878,2026-04-05 19:56:06,754717.24,Debit Card,Success
4879,4879,2025-08-21 16:21:09,398025.3,Credit Card,Success
4880,4880,2025-08-31 14:20:31,59051.83,UPI,Success
4881,4881,2026-03-04 12:52:39,211073.03,Debit Card,Success
4882,4882,2025-07-29 18:33:08,69082.09,UPI,Success
4883,4883,2026-05-01 17:49:34,27999.16,UPI,Refunded
4884,4884,2026-04-19 12:25:45,356050.32,Cash,Success
4885,4885,2026-06-29 20:21:29,0.0,Debit Card,Failed
4886,4886,2026-06-09 19:57:41,546951.22,Debit Card,Success
4887,4887,2026-05-11 18:05:36,264188.83,Debit Card,Refunded
4888,4888,2026-05-04 13:32:52,45322.58,Cash,Success
4889,4889,2026-06-15 12:42:24,327650.02,UPI,Success
4890,4890,2025-10-21 21:51:16,0.0,UPI,Failed
4891,4891,2026-03-01 20:38:06,294093.56,Cash,Success
4892,4892,2025-07-28 14:00:07,285260.57,UPI,Success
4893,4893,2026-03-05 18:44:17,362899.48,Credit Card,Success
4894,4894,2025-12-24 21:16:57,303412.7,UPI,Success
4895,4895,2026-06-04 19:31:51,473315.39,UPI,Success
4896,4896,2026-06-01 15:22:32,382341.31,Credit Card,Success
4897,4897,2026-06-14 21:12:07,0.0,Debit Card,Failed
4898,4898,2025-08-01 17:59:45,159060.7,Debit Card,Success
4899,4899,2025-12-25 15:29:51,176145.38,Credit Card,Success
4900,4900,2026-01-14 12:01:49,135046.41,Credit Card,Success
4901,4901,2026-06-13 17:44:41,470969.36,Debit Card,Success
4902,4902,2026-06-09 18:53:37,123471.9,Cash,Success
4903,4903,2026-06-28 13:12:46,53599.87,Credit Card,Success
4904,4904,2025-04-21 12:30:45,508598.31,Debit Card,Success
4905,4905,2026-05-19 17:06:26,295639.19,Credit Card,Success
4906,4906,2026-06-27 15:36:01,304658.7,Debit Card,Success
4907,4907,2026-06-11 13:41:45,156202.05,UPI,Success
4908,4908,2026-05-16 09:04:03,536832.36,UPI,Success
4909,4909,2026-06-14 15:09:09,603156.11,Credit Card,Success
4910,4910,2026-06-27 13:50:02,252762.42,Cash,Success
4911,4911,2026-05-12 15:37:47,156244.45,Credit Card,Success
4912,4912,2026-06-02 11:35:59,240530.5,Debit Card,Success
4913,4913,2026-06-08 19:00:47,710735.33,Debit Card,Success
4914,4914,2024-09-16 21:56:41,45951.71,Credit Card,Success
4915,4915,2026-02-02 15:43:52,1526.8,Debit Card,Success
4916,4916,2026-02-08 18:01:53,213160.39,Cash,Success
4917,4917,2026-06-02 17:05:04,163040.69,Debit Card,Success
4918,4918,2025-10-11 18:56:44,347184.92,Credit Card,Success
4919,4919,2025-08-04 21:36:44,456179.96,Credit Card,Success
4920,4920,2026-06-24 12:50:25,0.0,UPI,Failed
4921,4921,2026-06-23 12:45:01,117345.71,Debit Card,Success
4922,4922,2026-03-29 15:53:03,0.0,UPI,Failed
4923,4923,2025-10-24 19:33:54,124716.18,UPI,Success
4924,4924,2025-07-11 16:08:09,249824.09,UPI,Success
4925,4925,2026-05-26 16:33:13,287044.55,Cash,Success
4926,4926,2026-04-25 11:48:29,73619.83,Credit Card,Success
4927,4927,2026-06-12 12:42:35,197562.94,UPI,Success
4928,4928,2026-02-23 15:17:59,91693.25,UPI,Success
4929,4929,2024-06-22 11:55:22,229386.87,Debit Card,Success
4930,4930,2026-06-21 18:12:20,30977.67,Cash,Success
4931,4931,2026-05-14 14:31:03,325747.31,Debit Card,Success
4932,4932,2026-06-07 11:51:02,146447.96,Credit Card,Success
4933,4933,2025-11-28 21:01:06,302264.02,Credit Card,Success
4934,4934,2025-07-23 20:02:11,285033.09,Credit Card,Success
4935,4935,2026-02-14 20:43:55,159755.98,UPI,Refunded
4936,4936,2026-06-18 21:57:43,68702.2,Debit Card,Success
4937,4937,2026-02-03 16:30:25,0.0,Credit Card,Failed
4938,4938,2026-01-20 12:50:40,164904.67,Credit Card,Success
4939,4939,2025-11-27 20:57:26,0.0,UPI,Failed
4940,4940,2025-07-21 20:15:32,1381688.1,UPI,Success
4941,4941,2026-06-14 14:42:56,181889.96,Debit Card,Success
4942,4942,2025-03-16 16:19:11,628696.46,UPI,Success
4943,4943,2026-06-29 17:55:59,2563.69,Credit Card,Success
4944,4944,2026-06-17 15:01:23,177026.96,Credit Card,Success
4945,4945,2026-06-01 16:02:47,65639.73,Credit Card,Success
4946,4946,2026-01-19 11:46:23,0.0,Cash,Failed
4947,4947,2025-08-04 13:07:08,57160.45,Debit Card,Success
4948,4948,2025-03-03 14:45:25,225125.43,Credit Card,Success
4949,4949,2026-06-15 15:10:02,376813.52,Credit Card,Success
4950,4950,2026-06-03 14:08:30,221416.52,Debit Card,Success
4951,4951,2026-05-24 14:14:55,206608.77,Cash,Success
4952,4952,2026-05-16 14:17:04,116663.17,Credit Card,Success
4953,4953,2026-06-12 22:01:16,229210.99,Cash,Success
4954,4954,2026-06-16 10:49:31,332243.83,Cash,Success
4955,4955,2026-06-22 15:50:05,7948.06,Cash,Success
4956,4956,2026-06-15 11:54:51,244217.9,UPI,Success
4957,4957,2026-06-05 21:17:08,424347.76,Debit Card,Success
4958,4958,2026-04-12 20:49:32,483108.02,Debit Card,Success
4959,4959,2026-06-30 20:08:10,149178.68,Credit Card,Success
4960,4960,2026-06-22 09:53:53,395722.9,UPI,Success
4961,4961,2025-12-31 16:58:50,0.0,UPI,Failed
4962,4962,2026-05-03 21:02:07,268108.32,UPI,Success
4963,4963,2026-06-02 16:50:59,342983.7,Credit Card,Success
4964,4964,2026-03-30 09:21:32,230098.21,UPI,Success
4965,4965,2026-04-02 20:00:32,0.0,UPI,Failed
4966,4966,2026-05-01 12:24:45,355456.78,UPI,Success
4967,4967,2025-02-25 20:48:57,0.0,Debit Card,Failed
4968,4968,2026-03-31 19:38:46,164762.81,Credit Card,Success
4969,4969,2026-06-12 09:45:11,0.0,Credit Card,Failed
4970,4970,2025-08-14 15:49:26,100195.74,Debit Card,Success
4971,4971,2026-05-27 10:12:58,0.0,Debit Card,Failed
4972,4972,2026-04-05 15:56:16,393418.73,UPI,Success
4973,4973,2026-05-16 17:59:12,66209.73,Debit Card,Success
4974,4974,2025-06-12 18:37:52,145901.86,Cash,Success
4975,4975,2026-05-18 18:11:54,166556.34,Credit Card,Success
4976,4976,2026-06-19 09:25:14,293827.95,UPI,Success
4977,4977,2026-06-01 14:34:43,339934.71,Credit Card,Success
4978,4978,2026-04-16 15:31:31,640568.14,Cash,Success
4979,4979,2024-11-12 09:24:36,172573.02,Cash,Success
4980,4980,2025-05-10 17:42:43,368507.82,Cash,Success
4981,4981,2026-03-23 13:24:02,453501.58,UPI,Success
4982,4982,2026-06-17 21:58:08,71798.55,Credit Card,Success
4983,4983,2025-11-25 11:27:57,234745.99,Debit Card,Success
4984,4984,2025-05-18 13:16:58,239965.21,UPI,Success
4985,4985,2026-06-23 14:57:53,0.0,UPI,Failed
4986,4986,2026-05-06 17:27:07,292859.31,Credit Card,Success
4987,4987,2026-04-20 12:44:15,176936.07,Credit Card,Success
4988,4988,2026-01-21 14:22:40,138365.76,UPI,Success
4989,4989,2026-03-08 17:43:22,51015.32,Cash,Success
4990,4990,2026-05-08 11:06:27,208815.88,UPI,Success
4991,4991,2026-06-07 11:26:42,180210.26,Cash,Success
4992,4992,2026-06-04 15:48:10,383603.24,Credit Card,Success
4993,4993,2024-07-12 21:20:30,194236.83,UPI,Success
4994,4994,2026-06-14 12:47:47,603751.22,Debit Card,Success
4995,4995,2026-06-21 16:59:35,23763.7,Debit Card,Success
4996,4996,2025-09-02 17:11:05,171976.27,Debit Card,Success
4997,4997,2026-06-27 11:43:18,515416.63,Credit Card,Success
4998,4998,2025-10-12 19:56:36,213059.95,Debit Card,Success
4999,4999,2026-03-05 12:25:06,432153.85,Cash,Refunded
5000,5000,2026-04-25 12:47:04,0.0,Cash,Failed
